elevation_m,slope_deg,ndvi,lst_celsius,rainfall_annual_mm,soil_moisture,clay_iron_ratio,ferrous_iron_index,latitude,longitude,dist_to_fault_km,standardized_lithology,mn_present,country
313.4,7.81,0.325,36.54,1014.0,0.202,3.14,1.95,21.065721,78.600219,4.06,Metamorphic_Schist,1,India
327.83,5.04,0.347,31.38,850.2,0.204,1.88,1.75,21.050904,79.076615,3.98,Metamorphic_Schist,0,India
429.74,6.57,0.481,33.86,857.7,0.358,2.3,2.33,21.570377,79.156089,1.54,Sedimentary_Mn_Oxide,1,India
442.63,7.5,0.41,35.81,1241.2,0.343,3.15,2.28,21.635902,80.011604,0.98,Metamorphic_Schist,0,India
354.69,7.97,0.269,36.93,1036.3,0.273,1.61,2.37,21.305792,78.562624,3.74,Metamorphic_Schist,0,India
392.47,5.09,0.234,31.45,1040.7,0.215,3.03,2.39,21.902809,79.571457,2.9,Metamorphic_Schist,0,India
451.08,2.88,0.326,29.36,1096.0,0.319,1.79,1.33,21.693124,79.664439,3.16,Sedimentary_Mn_Oxide,0,India
330.27,6.65,0.214,34.03,858.6,0.209,3.17,1.55,21.161698,79.161274,1.08,Metamorphic_Schist,0,India
424.89,6.97,0.248,34.68,1232.0,0.288,3.01,1.61,21.751986,79.968284,5.58,Metamorphic_Schist,0,India
358.46,6.65,0.234,34.03,858.6,0.256,2.78,1.3,21.273918,79.161405,5.73,Sedimentary_Mn_Oxide,0,India
417.06,7.84,0.201,36.61,1247.2,0.237,1.64,1.84,21.848073,80.166087,5.8,Metamorphic_Schist,0,India
392.94,6.71,0.297,34.13,990.1,0.203,3.0,2.47,21.954694,79.48561,3.26,Metamorphic_Schist,0,India
395.67,3.55,0.287,29.8,852.3,0.204,2.3,1.3,21.948016,79.01287,4.84,Metamorphic_Schist,0,India
376.24,5.41,0.363,31.89,850.8,0.309,2.29,1.65,21.371285,79.093756,3.69,Sedimentary_Mn_Oxide,0,India
320.11,7.85,0.25,36.64,887.9,0.202,3.19,2.11,21.121746,79.27205,3.47,Metamorphic_Schist,0,India
400.61,7.97,0.472,36.93,1036.0,0.346,2.45,1.72,21.457481,78.563247,5.78,Metamorphic_Schist,0,India
401.92,7.45,0.457,35.71,958.5,0.341,2.8,1.33,21.442254,79.42867,3.85,Sedimentary_Mn_Oxide,1,India
344.84,7.98,0.206,36.95,916.8,0.236,2.01,1.83,21.235155,79.344177,1.57,Sedimentary_Mn_Oxide,1,India
431.34,5.2,0.347,31.59,917.5,0.326,1.62,1.48,21.678759,78.781289,4.62,Metamorphic_Schist,0,India
427.51,7.84,0.499,36.62,887.4,0.358,2.47,1.68,21.511026,79.270482,1.32,Sedimentary_Mn_Oxide,0,India
345.34,4.91,0.2,31.2,1194.4,0.225,3.13,1.89,21.208997,79.855854,5.75,Sedimentary_Mn_Oxide,1,India
409.16,7.51,0.471,35.85,1241.5,0.346,1.77,2.41,21.456124,80.013302,2.87,Metamorphic_Schist,0,India
424.9,5.06,0.2,31.4,914.7,0.247,2.42,1.34,21.827947,78.787516,0.94,Metamorphic_Schist,0,India
346.18,7.69,0.202,36.26,879.8,0.231,2.72,1.56,21.223081,79.247858,5.62,Sedimentary_Mn_Oxide,1,India
388.35,7.96,0.323,36.9,1249.3,0.201,2.06,1.3,21.973284,80.082242,3.42,Metamorphic_Schist,0,India
300.95,7.54,0.24,35.91,953.7,0.203,2.52,2.45,21.13061,79.419554,4.92,Metamorphic_Schist,0,India
307.42,6.97,0.316,34.67,1232.0,0.201,2.76,2.11,21.071394,80.252976,1.76,Metamorphic_Schist,1,India
441.61,3.4,0.306,29.68,852.9,0.313,2.65,2.11,21.706699,79.006643,2.75,Sedimentary_Mn_Oxide,1,India
387.17,4.58,0.37,30.8,850.0,0.2,1.67,1.31,22.004337,79.056024,4.79,Metamorphic_Schist,0,India
422.45,2.86,0.497,29.35,1154.6,0.356,2.43,1.33,21.498998,80.450739,4.52,Metamorphic_Schist,0,India
385.0,2.3,0.372,29.12,858.9,0.312,2.99,2.14,21.377483,78.963464,5.64,Sedimentary_Mn_Oxide,0,India
417.47,3.79,0.201,30.0,851.5,0.237,3.08,1.53,21.847185,79.022721,3.07,Sedimentary_Mn_Oxide,0,India
386.8,7.89,0.262,36.74,1023.0,0.208,2.09,2.33,21.928257,78.584954,3.16,Metamorphic_Schist,0,India
420.89,2.34,0.2,29.13,1144.0,0.24,3.11,2.49,21.841039,80.471079,5.68,Metamorphic_Schist,0,India
321.25,6.89,0.381,34.5,861.5,0.208,2.26,2.2,21.028164,79.177034,5.68,Metamorphic_Schist,0,India
323.99,5.02,0.216,31.34,1042.8,0.208,1.61,2.47,21.15934,79.575023,5.05,Metamorphic_Schist,0,India
317.53,3.32,0.3,29.63,885.6,0.2,1.69,1.32,21.082368,78.861454,4.98,Metamorphic_Schist,0,India
419.77,7.93,0.386,36.84,1248.9,0.337,2.88,2.49,21.652535,80.146065,5.8,Metamorphic_Schist,0,India
313.44,7.94,0.359,36.86,1069.7,0.205,3.04,2.17,21.042786,78.506884,5.37,Metamorphic_Schist,1,India
411.85,7.55,0.461,35.92,953.5,0.343,2.78,1.31,21.446064,79.419121,3.69,Sedimentary_Mn_Oxide,1,India
429.55,2.52,0.204,29.2,875.6,0.256,2.89,1.35,21.810251,78.893067,4.45,Sedimentary_Mn_Oxide,0,India
423.16,6.62,0.487,33.97,1225.8,0.359,2.25,2.36,21.562514,79.944989,5.67,Metamorphic_Schist,0,India
430.69,7.28,0.491,35.32,1237.4,0.36,2.48,2.46,21.555072,79.991672,5.76,Metamorphic_Schist,0,India
434.37,7.85,0.404,36.63,1017.7,0.342,2.88,1.3,21.640051,78.593921,5.8,Metamorphic_Schist,0,India
427.17,1.68,0.467,29.01,863.7,0.356,1.6,2.38,21.587525,78.93952,5.22,Sedimentary_Mn_Oxide,1,India
447.48,6.91,0.23,34.54,1230.9,0.278,1.6,2.43,21.769889,80.257613,5.61,Metamorphic_Schist,0,India
304.82,7.61,0.24,36.07,876.9,0.203,3.2,1.95,21.130878,79.23822,2.58,Metamorphic_Schist,1,India
398.04,4.8,0.236,31.07,1048.5,0.214,3.09,2.37,21.905181,79.584593,2.12,Metamorphic_Schist,1,India
355.79,7.61,0.213,36.07,998.5,0.242,1.66,2.49,21.246892,78.626688,4.62,Metamorphic_Schist,0,India
412.04,5.65,0.202,32.26,1208.1,0.252,2.15,2.44,21.817855,80.330201,2.76,Metamorphic_Schist,0,India
343.53,4.9,0.458,31.18,1046.1,0.212,2.51,2.37,22.071347,79.580453,4.89,Metamorphic_Schist,0,India
422.75,2.69,0.201,29.27,1151.2,0.238,3.19,1.53,21.845646,79.763829,3.76,Sedimentary_Mn_Oxide,1,India
399.42,7.97,0.217,36.93,1249.5,0.222,1.68,1.58,21.882832,80.133822,5.72,Metamorphic_Schist,0,India
374.57,7.16,0.35,35.06,865.7,0.2,1.71,1.48,21.991334,79.196349,2.21,Metamorphic_Schist,0,India
325.88,7.52,0.499,35.87,1241.7,0.238,2.86,1.4,22.137189,80.20715,0.87,Metamorphic_Schist,0,India
358.76,7.64,0.412,36.13,877.7,0.203,2.27,1.45,22.033507,79.241061,5.69,Metamorphic_Schist,0,India
437.36,7.98,0.39,36.96,901.2,0.338,3.11,2.2,21.649705,79.307238,3.58,Sedimentary_Mn_Oxide,1,India
441.36,5.85,0.251,32.58,1211.7,0.29,1.65,2.5,21.748826,80.320211,5.8,Metamorphic_Schist,0,India
337.4,6.46,0.203,33.66,1222.9,0.217,1.66,1.68,21.187373,80.286286,4.64,Metamorphic_Schist,0,India
324.71,7.53,0.227,35.89,1241.8,0.205,2.38,1.61,21.144253,80.206242,4.45,Metamorphic_Schist,1,India
354.37,5.81,0.49,32.51,931.4,0.227,2.4,2.47,22.111527,78.751372,4.32,Metamorphic_Schist,0,India
398.48,1.75,0.214,29.01,1131.8,0.224,3.17,1.79,21.877995,79.727409,4.22,Sedimentary_Mn_Oxide,1,India
423.19,4.05,0.233,30.23,1178.2,0.28,3.16,1.3,21.766183,79.818849,0.84,Sedimentary_Mn_Oxide,1,India
325.36,1.52,0.41,29.0,865.0,0.214,1.84,1.48,21.007551,78.93341,5.72,Metamorphic_Schist,0,India
438.77,7.62,0.418,36.09,1243.4,0.345,3.16,2.33,21.629894,80.024622,0.82,Metamorphic_Schist,0,India
439.33,7.7,0.204,36.29,944.1,0.255,1.6,2.47,21.812058,79.401034,2.55,Sedimentary_Mn_Oxide,0,India
310.23,4.4,0.241,30.59,902.2,0.203,1.63,1.51,21.129778,78.816979,4.11,Metamorphic_Schist,0,India
379.74,3.12,0.383,29.5,1159.9,0.316,2.77,2.48,21.385177,79.780996,1.7,Sedimentary_Mn_Oxide,1,India
425.49,8.0,0.5,36.99,1249.9,0.359,2.82,2.4,21.519784,80.100984,4.67,Metamorphic_Schist,0,India
335.91,5.97,0.204,32.78,1214.0,0.215,3.15,1.59,21.181732,79.907374,5.8,Metamorphic_Schist,1,India
432.54,2.12,0.295,29.07,871.2,0.308,2.11,1.73,21.714797,78.908498,3.01,Sedimentary_Mn_Oxide,0,India
437.33,4.92,0.225,31.21,1194.6,0.275,3.2,1.31,21.775515,79.856387,3.23,Sedimentary_Mn_Oxide,0,India
366.69,7.99,0.324,36.97,1249.8,0.295,1.62,1.59,21.345239,80.126749,1.31,Metamorphic_Schist,0,India
321.52,5.69,0.244,32.33,1023.4,0.202,1.83,2.46,21.126736,79.542568,1.81,Metamorphic_Schist,1,India
443.36,2.59,0.294,29.22,1149.2,0.308,2.01,2.13,21.715417,80.461305,3.74,Metamorphic_Schist,0,India
402.44,6.34,0.242,33.44,1220.7,0.212,2.78,2.0,21.910703,80.293271,3.7,Metamorphic_Schist,0,India
366.58,7.97,0.485,36.92,898.6,0.223,3.13,1.38,22.10342,79.300849,1.45,Metamorphic_Schist,0,India
396.41,7.96,0.463,36.9,1033.6,0.343,2.39,1.78,21.44786,78.567179,5.8,Metamorphic_Schist,0,India
385.5,7.99,0.455,36.97,915.5,0.34,2.24,1.31,21.439988,79.341262,2.05,Sedimentary_Mn_Oxide,1,India
355.49,7.59,0.308,36.03,950.8,0.289,1.78,1.62,21.334213,79.414051,5.28,Sedimentary_Mn_Oxide,1,India
318.31,1.98,0.493,29.04,869.8,0.229,1.62,2.09,22.116717,78.913905,3.86,Metamorphic_Schist,0,India
430.21,6.15,0.321,33.09,1217.2,0.318,3.15,1.68,21.696649,79.917105,1.15,Metamorphic_Schist,1,India
455.18,1.79,0.386,29.02,862.8,0.337,1.81,2.14,21.652877,78.943713,5.1,Sedimentary_Mn_Oxide,0,India
441.52,7.77,0.417,36.43,1245.9,0.345,3.19,2.37,21.630728,80.043219,1.81,Metamorphic_Schist,0,India
320.09,1.89,0.325,29.03,1134.7,0.202,1.6,1.65,21.065562,79.732792,5.44,Metamorphic_Schist,0,India
332.83,7.66,0.204,36.17,947.2,0.233,1.76,2.09,21.227731,79.406989,2.57,Sedimentary_Mn_Oxide,0,India
320.17,4.31,0.201,30.5,1061.4,0.22,1.72,2.49,21.196126,79.605984,5.57,Metamorphic_Schist,0,India
436.37,3.24,0.213,29.58,1162.3,0.266,3.17,1.34,21.791565,79.785837,1.01,Sedimentary_Mn_Oxide,1,India
367.45,5.68,0.369,32.31,851.7,0.311,2.17,1.62,21.375338,79.107274,2.84,Sedimentary_Mn_Oxide,1,India
417.05,6.48,0.499,33.69,1223.2,0.36,3.07,1.88,21.529948,80.285274,5.28,Metamorphic_Schist,0,India
301.35,6.6,0.377,33.92,994.1,0.208,2.95,2.3,21.030437,79.492669,5.73,Metamorphic_Schist,0,India
351.51,5.07,0.263,31.41,1197.4,0.27,2.38,1.45,21.300684,80.35809,5.8,Metamorphic_Schist,0,India
350.95,4.85,0.266,31.12,910.4,0.272,2.48,2.33,21.303707,78.797373,5.77,Metamorphic_Schist,0,India
331.73,2.49,0.327,29.19,875.2,0.202,1.68,1.3,21.063984,78.894186,4.83,Metamorphic_Schist,0,India
409.86,7.85,0.244,36.64,1018.3,0.212,2.0,2.25,21.912715,78.592897,3.81,Metamorphic_Schist,0,India
353.22,6.65,0.496,34.02,858.5,0.256,3.01,1.51,22.172676,79.160953,3.16,Metamorphic_Schist,0,India
350.28,1.65,0.444,29.0,1129.7,0.209,1.85,2.03,22.058565,80.497598,5.73,Metamorphic_Schist,0,India
432.84,5.89,0.289,32.66,1212.6,0.306,1.6,2.48,21.718862,80.317722,5.32,Metamorphic_Schist,0,India
396.72,8.0,0.208,36.99,905.8,0.229,1.6,2.39,21.866027,79.318596,2.62,Sedimentary_Mn_Oxide,1,India
436.83,7.67,0.285,36.21,1244.3,0.305,2.93,1.96,21.722155,80.030764,5.76,Metamorphic_Schist,1,India
430.22,3.89,0.48,30.08,851.2,0.358,1.67,2.5,21.571707,79.026717,5.75,Sedimentary_Mn_Oxide,0,India
441.51,8.0,0.471,37.0,1250.0,0.357,3.18,2.5,21.582709,80.10471,1.29,Metamorphic_Schist,0,India
424.48,1.9,0.207,29.03,1134.9,0.26,3.07,1.46,21.8026,79.733169,2.37,Sedimentary_Mn_Oxide,1,India
375.54,6.23,0.409,33.23,1218.7,0.203,1.72,1.83,22.03177,79.921607,5.59,Metamorphic_Schist,1,India
356.08,7.68,0.213,36.23,1003.2,0.242,1.67,2.49,21.248042,78.618499,4.82,Metamorphic_Schist,0,India
360.5,8.0,0.264,36.99,905.1,0.271,1.69,1.46,21.302081,79.316991,3.53,Sedimentary_Mn_Oxide,1,India
358.2,7.97,0.478,36.92,898.4,0.22,3.09,1.4,22.093752,79.300191,2.19,Metamorphic_Schist,1,India
387.8,5.98,0.325,32.8,1214.2,0.296,2.53,1.3,21.346357,80.313131,5.69,Metamorphic_Schist,1,India
338.47,3.45,0.302,29.72,852.7,0.2,1.78,1.43,21.080952,79.008832,3.03,Metamorphic_Schist,0,India
372.05,7.06,0.392,34.86,976.2,0.202,3.19,2.23,22.0192,79.460995,1.83,Metamorphic_Schist,1,India
440.44,7.76,0.209,36.41,1009.1,0.262,1.61,1.68,21.79909,78.608501,4.86,Metamorphic_Schist,0,India
367.75,2.32,0.323,29.13,1108.6,0.295,3.19,2.42,21.344427,79.686176,5.71,Sedimentary_Mn_Oxide,1,India
354.76,7.93,0.5,36.83,1248.8,0.243,3.06,1.59,22.14712,80.147225,2.91,Metamorphic_Schist,0,India
344.83,3.84,0.447,30.03,1174.0,0.209,2.32,1.71,22.061089,80.411369,4.76,Metamorphic_Schist,0,India
381.46,5.16,0.315,31.54,850.3,0.292,2.67,1.55,21.339014,79.082022,5.49,Sedimentary_Mn_Oxide,0,India
421.45,3.86,0.253,30.06,851.3,0.291,3.05,1.99,21.747227,79.025509,5.46,Sedimentary_Mn_Oxide,0,India
351.12,7.38,0.21,35.54,1239.1,0.24,1.62,1.34,21.242631,80.22092,4.02,Metamorphic_Schist,0,India
391.99,7.97,0.293,36.92,1249.5,0.203,2.19,1.36,21.952373,80.134943,2.46,Metamorphic_Schist,1,India
328.43,2.07,0.356,29.06,860.6,0.205,1.61,1.42,21.044492,78.954545,3.74,Metamorphic_Schist,0,India
353.61,8.0,0.443,37.0,908.5,0.209,2.97,1.59,22.057995,79.324996,3.5,Metamorphic_Schist,0,India
411.88,7.98,0.498,36.95,1037.6,0.36,3.06,1.42,21.535095,78.560567,2.52,Metamorphic_Schist,0,India
397.87,2.82,0.488,29.33,1097.5,0.352,2.61,1.82,21.478896,79.666894,2.95,Sedimentary_Mn_Oxide,1,India
458.9,7.99,0.411,36.98,1249.9,0.344,3.09,2.48,21.635286,80.122073,5.16,Metamorphic_Schist,0,India
426.26,3.2,0.454,29.55,884.0,0.354,1.7,2.12,21.60006,78.866164,3.37,Sedimentary_Mn_Oxide,1,India
445.85,6.52,0.244,33.77,857.2,0.286,3.1,2.35,21.755751,79.152931,3.38,Sedimentary_Mn_Oxide,1,India
319.52,7.5,0.209,35.81,991.4,0.211,2.11,2.28,21.170074,78.638896,5.53,Metamorphic_Schist,0,India
347.58,5.97,0.257,32.79,853.1,0.268,2.81,1.34,21.296312,79.122285,5.77,Sedimentary_Mn_Oxide,0,India
342.11,6.69,0.488,34.1,1226.9,0.265,2.01,1.41,22.187837,80.272282,5.75,Metamorphic_Schist,0,India
349.22,3.19,0.239,29.54,1161.3,0.259,3.19,2.4,21.279087,79.783646,5.71,Sedimentary_Mn_Oxide,1,India
341.97,7.66,0.5,36.17,947.1,0.242,2.88,1.49,22.145368,79.406955,5.8,Metamorphic_Schist,0,India
380.69,6.77,0.469,34.27,959.7,0.345,3.11,2.2,21.454516,78.695883,1.82,Metamorphic_Schist,0,India
337.92,7.95,0.203,36.88,1031.9,0.217,2.38,2.47,21.187196,78.570027,4.42,Metamorphic_Schist,0,India
331.16,4.42,0.275,30.61,902.6,0.2,1.75,1.42,21.101278,78.81608,5.39,Metamorphic_Schist,0,India
367.15,5.91,0.342,32.68,1016.8,0.2,3.2,2.48,21.98558,79.531461,2.78,Metamorphic_Schist,0,India
321.38,7.97,0.419,36.94,1249.6,0.216,2.79,1.86,21.001042,80.088472,3.77,Metamorphic_Schist,0,India
296.18,5.45,0.303,31.95,1204.4,0.2,2.14,2.33,21.080591,80.340107,5.47,Metamorphic_Schist,0,India
333.53,7.1,0.207,34.94,1234.3,0.236,1.61,1.39,21.235664,80.243704,3.53,Metamorphic_Schist,0,India
315.82,4.56,0.402,30.78,1187.9,0.212,1.62,1.3,21.013386,79.840668,5.78,Metamorphic_Schist,0,India
360.54,7.05,0.317,34.83,970.1,0.293,2.07,2.48,21.340679,78.676778,5.11,Metamorphic_Schist,0,India
429.98,2.73,0.493,29.29,1099.4,0.36,1.94,1.52,21.550575,79.670201,5.8,Sedimentary_Mn_Oxide,0,India
440.53,6.66,0.447,34.03,1226.4,0.352,2.53,2.26,21.606569,80.274271,4.98,Metamorphic_Schist,1,India
318.41,2.02,0.254,29.05,1137.5,0.201,1.78,1.88,21.118127,79.737991,5.29,Metamorphic_Schist,0,India
355.34,3.83,0.49,30.03,1173.8,0.227,1.74,2.46,22.111115,79.809524,5.48,Metamorphic_Schist,0,India
442.29,3.46,0.398,29.73,887.5,0.34,1.6,1.88,21.644348,78.855871,5.26,Sedimentary_Mn_Oxide,1,India
359.84,7.94,0.385,36.85,1248.9,0.201,2.83,1.3,22.014904,80.145431,4.04,Metamorphic_Schist,0,India
428.5,4.07,0.2,30.25,1178.4,0.246,3.12,1.36,21.829136,79.819455,4.84,Sedimentary_Mn_Oxide,1,India
395.48,5.99,0.298,32.83,936.2,0.202,3.14,1.95,21.955883,78.741626,5.78,Metamorphic_Schist,1,India
332.29,7.65,0.205,36.16,878.2,0.235,2.68,1.51,21.23158,79.242487,5.5,Sedimentary_Mn_Oxide,1,India
352.32,5.33,0.232,31.78,850.6,0.255,3.11,1.34,21.27232,79.089963,5.01,Sedimentary_Mn_Oxide,0,India
331.61,4.81,0.219,31.08,909.7,0.207,1.6,1.67,21.154818,78.798909,3.32,Metamorphic_Schist,0,India
426.04,7.06,0.281,34.86,970.7,0.303,1.71,1.31,21.724725,78.675745,3.22,Metamorphic_Schist,0,India
356.92,7.95,0.398,36.88,1249.2,0.202,2.52,1.36,22.023588,80.080372,1.72,Metamorphic_Schist,1,India
420.61,5.87,0.464,32.62,1018.1,0.355,2.4,1.32,21.590645,79.533545,4.35,Sedimentary_Mn_Oxide,1,India
414.45,7.44,0.229,35.68,1240.2,0.217,2.17,1.79,21.896799,80.215256,2.6,Metamorphic_Schist,0,India
436.73,4.94,0.282,31.24,1045.0,0.304,1.66,1.6,21.724049,79.578609,1.29,Sedimentary_Mn_Oxide,1,India
336.33,8.0,0.202,37.0,1250.0,0.218,2.56,1.3,21.189928,80.109118,3.34,Metamorphic_Schist,0,India
401.19,2.36,0.423,29.14,858.5,0.33,2.7,2.28,21.413527,78.965695,5.57,Sedimentary_Mn_Oxide,0,India
396.95,4.58,0.391,30.8,1054.5,0.319,3.15,1.98,21.390645,79.594522,5.8,Sedimentary_Mn_Oxide,1,India
378.87,4.9,0.41,31.19,911.5,0.203,2.86,2.12,22.032182,78.794786,0.92,Metamorphic_Schist,0,India
314.67,4.14,0.331,30.32,1179.9,0.202,1.78,1.4,21.061702,79.822596,5.29,Metamorphic_Schist,0,India
426.36,7.59,0.472,36.02,951.2,0.357,3.09,1.53,21.582141,79.41471,3.32,Sedimentary_Mn_Oxide,1,India
386.87,6.57,0.382,33.86,857.7,0.316,1.83,1.51,21.384172,79.155968,1.79,Sedimentary_Mn_Oxide,1,India
369.28,2.37,0.286,29.14,1144.8,0.28,3.2,2.5,21.31874,79.75163,5.28,Sedimentary_Mn_Oxide,1,India
382.28,7.41,0.403,35.62,1239.8,0.203,3.17,1.34,22.02716,80.217575,5.8,Metamorphic_Schist,0,India
328.62,4.12,0.495,30.3,850.7,0.232,1.86,1.69,22.122679,79.036088,3.84,Metamorphic_Schist,1,India
319.07,7.96,0.317,36.89,1249.2,0.201,3.17,1.53,21.070977,80.08151,5.8,Metamorphic_Schist,0,India
437.35,2.56,0.444,29.21,857.3,0.351,1.68,2.39,21.609499,78.973328,5.72,Sedimentary_Mn_Oxide,0,India
449.11,7.39,0.401,35.57,1239.4,0.341,2.54,2.47,21.64218,80.219608,5.02,Metamorphic_Schist,0,India
416.35,6.03,0.499,32.89,937.2,0.36,2.97,2.0,21.530528,78.739605,5.7,Metamorphic_Schist,0,India
331.83,6.67,0.495,34.06,1226.6,0.231,2.61,2.16,22.121835,79.947834,2.43,Metamorphic_Schist,1,India
360.01,7.38,0.201,35.54,1239.1,0.227,1.73,1.4,21.215328,80.220915,5.28,Metamorphic_Schist,0,India
445.65,2.29,0.468,29.12,1143.0,0.356,1.6,1.61,21.586977,79.748304,2.09,Sedimentary_Mn_Oxide,1,India
423.88,7.6,0.202,36.05,997.8,0.236,1.73,1.85,21.849918,78.627816,5.53,Metamorphic_Schist,0,India
399.25,3.39,0.452,29.67,1084.2,0.339,3.05,1.94,21.437303,79.644308,2.77,Sedimentary_Mn_Oxide,1,India
423.32,7.99,0.201,36.98,1249.9,0.238,1.6,1.7,21.844809,80.121747,5.16,Metamorphic_Schist,0,India
394.3,7.99,0.429,36.97,1059.6,0.332,1.87,1.77,21.418076,78.523837,3.9,Metamorphic_Schist,0,India
343.18,6.92,0.211,34.55,1231.0,0.24,2.92,1.67,21.244033,79.964081,1.33,Metamorphic_Schist,0,India
384.88,3.21,0.381,29.55,853.7,0.201,1.84,1.39,22.011927,78.999107,5.71,Metamorphic_Schist,0,India
419.83,7.98,0.208,36.96,1249.7,0.228,1.6,1.52,21.867767,80.093029,5.29,Metamorphic_Schist,0,India
388.8,5.94,0.279,32.73,934.8,0.205,3.09,1.87,21.941811,78.744483,5.63,Metamorphic_Schist,0,India
316.89,3.97,0.325,30.16,851.0,0.202,1.77,1.54,21.065486,79.030049,2.94,Metamorphic_Schist,0,India
426.2,3.77,0.205,29.98,1074.9,0.257,2.59,1.82,21.808453,79.628598,5.59,Sedimentary_Mn_Oxide,1,India
436.25,2.6,0.486,29.23,1149.4,0.359,1.82,1.46,21.562854,80.460847,1.89,Metamorphic_Schist,0,India
358.23,7.99,0.219,36.99,1056.0,0.247,2.0,2.44,21.256478,78.529778,5.76,Metamorphic_Schist,0,India
396.73,6.04,0.468,32.89,1012.9,0.345,3.19,1.48,21.453673,79.524854,5.68,Sedimentary_Mn_Oxide,1,India
328.06,7.89,0.377,36.74,890.6,0.208,2.9,2.44,21.030795,79.279516,4.12,Metamorphic_Schist,0,India
433.55,7.86,0.312,36.67,1247.6,0.315,2.93,2.15,21.702917,80.059183,5.76,Metamorphic_Schist,0,India
369.39,7.38,0.403,35.56,1239.3,0.203,3.17,1.34,22.027142,80.220256,5.79,Metamorphic_Schist,0,India
402.28,7.69,0.227,36.26,1244.6,0.217,1.62,1.33,21.895089,80.033121,4.8,Metamorphic_Schist,0,India
440.91,7.94,0.211,36.84,924.3,0.264,1.69,2.49,21.795982,79.360409,5.02,Sedimentary_Mn_Oxide,1,India
394.58,2.42,0.419,29.16,874.4,0.328,3.06,2.42,21.410284,78.896932,5.35,Sedimentary_Mn_Oxide,1,India
325.38,7.97,0.229,36.93,1036.3,0.205,2.83,2.38,21.142792,78.562663,1.15,Metamorphic_Schist,1,India
327.18,2.27,0.394,29.11,1142.7,0.211,1.91,2.42,21.018595,80.473647,5.8,Metamorphic_Schist,0,India
369.34,7.71,0.402,36.31,1005.6,0.202,3.08,2.49,22.026758,78.614457,5.59,Metamorphic_Schist,0,India
421.0,2.48,0.491,29.18,857.7,0.353,2.01,2.46,21.484283,78.970414,1.57,Sedimentary_Mn_Oxide,1,India
451.53,2.02,0.383,29.05,1137.4,0.336,1.71,1.77,21.654977,80.483463,5.64,Metamorphic_Schist,0,India
452.84,7.98,0.477,36.94,1249.6,0.358,3.2,2.47,21.575561,80.132216,2.11,Metamorphic_Schist,1,India
439.28,7.9,0.328,36.76,1024.1,0.32,2.48,1.37,21.691662,78.58307,4.77,Metamorphic_Schist,0,India
443.03,7.43,0.212,35.65,987.5,0.265,1.6,1.54,21.793311,78.64574,5.52,Metamorphic_Schist,0,India
419.24,3.0,0.275,29.43,1157.5,0.301,2.76,1.3,21.729393,79.776213,4.97,Sedimentary_Mn_Oxide,1,India
331.39,7.99,0.284,36.99,1043.8,0.2,3.16,2.25,21.094453,78.550229,4.32,Metamorphic_Schist,0,India
415.86,2.16,0.201,29.08,1140.5,0.249,3.04,2.45,21.824206,80.477713,5.4,Metamorphic_Schist,0,India
393.56,5.35,0.457,31.81,920.7,0.341,3.2,2.43,21.442694,78.774048,2.74,Metamorphic_Schist,0,India
402.09,6.53,0.243,33.79,1224.1,0.212,2.73,1.95,21.911951,80.282018,3.31,Metamorphic_Schist,0,India
389.69,7.96,0.242,36.89,921.5,0.212,1.87,2.34,21.910966,79.354475,3.87,Metamorphic_Schist,1,India
326.4,5.41,0.202,31.89,1203.7,0.218,1.6,1.86,21.190239,80.34199,2.16,Metamorphic_Schist,1,India
368.43,4.16,0.363,30.34,1180.1,0.309,2.64,2.5,21.371778,79.823162,2.75,Sedimentary_Mn_Oxide,1,India
423.58,8.0,0.491,36.99,1045.5,0.354,2.62,1.55,21.485426,78.547296,5.51,Metamorphic_Schist,0,India
333.78,7.64,0.206,36.14,948.1,0.214,2.14,2.3,21.177898,79.40873,2.6,Metamorphic_Schist,0,India
456.1,7.13,0.452,34.99,1234.7,0.353,2.83,2.31,21.602562,79.979506,4.58,Metamorphic_Schist,0,India
378.06,6.74,0.412,34.2,1227.8,0.326,2.8,1.42,21.405713,80.268998,4.76,Metamorphic_Schist,0,India
423.53,2.54,0.496,29.21,857.3,0.36,1.64,2.5,21.543781,78.972866,4.25,Sedimentary_Mn_Oxide,0,India
406.36,7.82,0.49,36.55,936.0,0.353,2.89,1.32,21.482351,79.384797,4.45,Sedimentary_Mn_Oxide,1,India
448.29,3.74,0.359,29.95,851.7,0.33,2.41,2.3,21.671194,79.020537,0.84,Sedimentary_Mn_Oxide,1,India
387.59,6.14,0.308,33.08,940.1,0.202,3.15,2.01,21.962631,78.733807,5.79,Metamorphic_Schist,0,India
357.49,3.64,0.494,29.87,852.0,0.23,1.76,1.74,22.11962,79.016586,2.8,Metamorphic_Schist,0,India
386.89,4.27,0.403,30.45,1062.5,0.203,2.74,2.49,22.027581,79.607854,5.67,Metamorphic_Schist,1,India
404.6,7.99,0.444,36.97,1249.8,0.337,2.14,1.98,21.430403,80.12505,5.38,Metamorphic_Schist,0,India
355.52,2.71,0.467,29.28,1151.6,0.215,1.89,1.78,22.080373,80.456657,5.78,Metamorphic_Schist,0,India
378.03,4.15,0.316,30.33,1180.0,0.292,2.96,1.42,21.340213,80.398283,3.64,Metamorphic_Schist,0,India
338.47,3.19,0.216,29.54,1161.2,0.244,3.1,2.31,21.251739,79.783539,5.67,Sedimentary_Mn_Oxide,1,India
314.85,4.64,0.491,30.87,1189.4,0.262,1.63,1.3,22.183353,80.377128,4.15,Metamorphic_Schist,0,India
352.11,6.36,0.201,33.46,1221.0,0.229,1.6,1.57,21.2196,80.292427,2.42,Metamorphic_Schist,0,India
316.31,2.09,0.488,29.07,1113.8,0.265,1.75,2.26,22.189305,79.695285,5.42,Metamorphic_Schist,0,India
418.66,2.96,0.481,29.4,1094.2,0.35,2.74,1.85,21.468551,79.661343,1.96,Sedimentary_Mn_Oxide,1,India
414.31,2.07,0.293,29.06,1138.5,0.203,2.88,2.39,21.952377,80.481337,0.88,Metamorphic_Schist,1,India
349.7,6.36,0.5,33.47,946.3,0.246,2.2,2.49,22.153249,78.721504,5.27,Metamorphic_Schist,0,India
339.68,7.78,0.212,36.46,1246.1,0.241,2.44,1.45,21.245644,80.045046,4.13,Metamorphic_Schist,0,India
326.23,5.46,0.5,31.97,851.0,0.245,2.46,1.61,22.150099,79.096435,5.78,Metamorphic_Schist,1,India
432.79,7.8,0.395,36.5,1246.4,0.34,2.78,2.5,21.646347,80.173527,5.73,Metamorphic_Schist,0,India
359.15,7.42,0.498,35.63,987.1,0.236,2.85,2.43,22.132034,78.646508,0.99,Metamorphic_Schist,1,India
335.05,7.97,0.484,36.92,898.3,0.223,3.12,1.38,22.101909,79.299908,1.61,Metamorphic_Schist,1,India
379.39,7.45,0.358,35.69,1240.3,0.307,1.68,2.11,21.368055,80.006605,4.9,Metamorphic_Schist,0,India
326.91,7.25,0.5,35.27,867.6,0.241,3.0,1.34,22.142767,79.204171,3.23,Metamorphic_Schist,0,India
425.03,6.4,0.219,33.55,1000.9,0.221,2.53,2.46,21.88491,79.504272,5.7,Sedimentary_Mn_Oxide,1,India
432.56,3.73,0.341,29.94,1075.9,0.324,1.64,1.35,21.682696,79.630343,0.82,Sedimentary_Mn_Oxide,1,India
356.69,4.08,0.379,30.26,1067.2,0.201,2.84,2.5,22.010922,79.615788,5.79,Metamorphic_Schist,0,India
441.59,8.0,0.44,36.99,904.7,0.351,3.2,2.0,21.612452,79.315832,5.17,Sedimentary_Mn_Oxide,1,India
325.2,3.67,0.481,29.89,890.6,0.271,1.62,2.49,22.199329,78.847306,1.23,Metamorphic_Schist,0,India
366.57,4.58,0.232,30.8,905.4,0.255,2.25,2.18,21.27259,78.809102,5.67,Sedimentary_Mn_Oxide,1,India
432.89,7.83,0.201,36.58,1015.5,0.249,1.6,1.83,21.823014,78.59763,5.46,Metamorphic_Schist,0,India
318.6,2.19,0.264,29.09,871.9,0.201,1.62,1.31,21.110035,78.905891,1.45,Metamorphic_Schist,0,India
377.01,7.74,0.356,36.38,941.5,0.307,1.92,1.44,21.36655,79.395859,4.42,Sedimentary_Mn_Oxide,1,India
414.05,2.85,0.495,29.35,1154.5,0.356,2.47,1.32,21.494891,80.450876,4.72,Metamorphic_Schist,0,India
321.79,6.61,0.494,33.95,1225.6,0.258,2.08,1.37,22.175734,80.277126,5.61,Metamorphic_Schist,0,India
423.16,7.88,0.204,36.71,889.8,0.233,1.67,2.33,21.856685,79.277494,4.79,Sedimentary_Mn_Oxide,1,India
399.69,4.34,0.238,30.53,901.2,0.214,3.15,1.48,21.906718,78.819504,5.8,Metamorphic_Schist,0,India
325.69,7.12,0.203,34.98,973.9,0.216,1.82,2.39,21.186224,79.456905,1.98,Metamorphic_Schist,1,India
341.57,4.98,0.497,31.3,1195.8,0.235,1.99,1.35,22.129757,80.361931,5.76,Metamorphic_Schist,1,India
426.11,3.36,0.228,29.66,1084.8,0.277,2.35,1.6,21.772283,79.645328,5.78,Sedimentary_Mn_Oxide,0,India
414.96,8.0,0.5,37.0,1047.8,0.358,2.83,1.44,21.512775,78.543504,4.57,Metamorphic_Schist,0,India
423.35,7.82,0.202,36.55,885.7,0.253,1.97,2.42,21.816001,79.265597,5.78,Sedimentary_Mn_Oxide,0,India
380.46,1.85,0.24,29.02,862.3,0.259,3.07,1.74,21.280127,78.945893,2.38,Sedimentary_Mn_Oxide,1,India
420.67,5.28,0.2,31.7,1201.3,0.243,2.42,2.44,21.835036,80.348314,0.98,Metamorphic_Schist,1,India
414.82,7.23,0.49,35.23,978.1,0.353,3.13,1.96,21.482522,78.662423,1.4,Metamorphic_Schist,0,India
397.69,4.46,0.41,30.66,850.1,0.325,2.25,1.96,21.40402,79.050603,3.45,Sedimentary_Mn_Oxide,1,India
381.6,7.96,0.367,36.91,1065.9,0.2,2.34,2.48,22.002634,78.513284,1.26,Metamorphic_Schist,0,India
330.67,5.64,0.223,32.24,851.6,0.206,2.92,1.44,21.150231,79.104975,3.94,Metamorphic_Schist,0,India
346.33,3.32,0.47,29.63,853.2,0.216,1.61,1.63,22.084401,79.003618,2.02,Metamorphic_Schist,0,India
459.9,4.42,0.461,30.62,1058.6,0.355,1.96,1.3,21.59375,79.601378,5.79,Sedimentary_Mn_Oxide,0,India
345.4,7.57,0.206,35.97,1242.5,0.236,1.7,1.33,21.234047,80.202287,5.05,Metamorphic_Schist,0,India
319.02,4.69,0.289,30.93,1051.6,0.2,1.86,2.26,21.090583,79.589663,1.46,Metamorphic_Schist,0,India
370.58,7.69,0.419,36.26,1244.6,0.204,2.36,1.5,22.039157,80.033099,1.07,Metamorphic_Schist,0,India
324.18,5.75,0.2,32.42,852.0,0.224,3.19,1.32,21.206438,79.110732,1.9,Sedimentary_Mn_Oxide,1,India
385.74,7.36,0.335,35.51,1238.9,0.2,2.96,1.46,21.981163,80.222194,4.91,Metamorphic_Schist,0,India
372.41,7.79,0.366,36.5,1012.3,0.2,2.87,2.47,22.001913,78.602948,4.36,Metamorphic_Schist,0,India
353.48,4.96,0.3,31.27,1044.3,0.286,2.68,2.2,21.328609,79.577515,2.92,Sedimentary_Mn_Oxide,1,India
342.35,8.0,0.243,37.0,1052.0,0.202,3.05,2.39,21.128028,78.536564,2.81,Metamorphic_Schist,1,India
395.34,7.97,0.329,36.93,918.8,0.2,2.41,2.05,21.976992,79.348408,5.8,Metamorphic_Schist,0,India
447.0,3.49,0.247,29.75,1167.2,0.288,3.03,1.3,21.752485,79.795636,2.96,Sedimentary_Mn_Oxide,1,India
400.11,2.9,0.389,29.37,855.3,0.318,2.79,2.11,21.388993,78.986784,5.74,Sedimentary_Mn_Oxide,0,India
344.66,7.79,0.493,36.49,884.2,0.259,3.19,1.33,22.178432,79.261376,3.62,Metamorphic_Schist,0,India
315.59,8.0,0.28,37.0,910.7,0.2,3.16,2.37,21.097365,79.330191,4.32,Metamorphic_Schist,1,India
337.47,7.05,0.497,34.82,970.0,0.235,2.7,2.48,22.129826,78.677027,2.33,Metamorphic_Schist,1,India
398.68,7.95,0.437,36.87,922.6,0.335,2.2,1.3,21.4251,79.356905,2.37,Sedimentary_Mn_Oxide,0,India
334.27,5.49,0.2,32.02,923.9,0.223,1.62,2.02,21.204275,78.767234,1.32,Metamorphic_Schist,1,India
366.82,3.58,0.263,29.82,1079.6,0.271,2.78,2.44,21.301108,79.63656,3.69,Sedimentary_Mn_Oxide,0,India
392.27,1.93,0.35,29.03,1117.3,0.2,2.5,2.36,21.991267,79.701396,4.86,Metamorphic_Schist,0,India
333.9,3.53,0.201,29.78,888.4,0.219,1.84,1.67,21.194255,78.85327,3.65,Metamorphic_Schist,0,India
438.28,2.76,0.262,29.3,1098.7,0.295,2.19,1.42,21.739521,79.669031,5.52,Sedimentary_Mn_Oxide,0,India
428.38,7.34,0.316,35.45,1238.4,0.316,1.98,2.5,21.699528,80.224558,1.27,Metamorphic_Schist,0,India
428.06,5.12,0.408,31.48,1198.3,0.343,1.8,2.14,21.637208,80.355718,2.2,Metamorphic_Schist,0,India
460.03,5.45,0.327,31.95,1030.6,0.32,1.61,1.55,21.692144,79.554684,3.7,Sedimentary_Mn_Oxide,0,India
334.52,3.44,0.483,29.71,852.7,0.269,2.34,2.13,22.196235,79.008245,5.78,Metamorphic_Schist,0,India
355.23,5.24,0.202,31.65,1036.6,0.231,1.72,2.48,21.223521,79.564694,5.57,Sedimentary_Mn_Oxide,1,India
408.46,4.78,0.465,31.03,1191.9,0.344,3.16,1.34,21.449965,80.371284,4.29,Metamorphic_Schist,0,India
427.26,3.9,0.498,30.09,1175.1,0.36,1.6,2.07,21.535954,79.812322,2.68,Sedimentary_Mn_Oxide,1,India
416.16,3.79,0.471,30.0,892.4,0.346,3.0,2.49,21.456522,78.842392,5.6,Sedimentary_Mn_Oxide,1,India
359.88,7.95,0.293,36.87,1249.1,0.283,1.67,1.65,21.323741,80.078443,4.74,Metamorphic_Schist,0,India
398.43,4.46,0.262,30.66,1057.5,0.208,3.19,2.4,21.928585,79.599578,1.96,Metamorphic_Schist,0,India
359.38,1.81,0.437,29.02,1133.2,0.207,1.92,2.03,22.052788,80.491219,5.8,Metamorphic_Schist,0,India
387.16,4.3,0.414,30.48,1061.7,0.327,3.2,1.95,21.406815,79.606604,5.53,Sedimentary_Mn_Oxide,0,India
363.27,4.63,0.462,30.85,1189.1,0.214,2.39,1.54,22.075709,80.377804,4.38,Metamorphic_Schist,1,India
454.08,5.75,0.422,32.41,929.9,0.346,2.03,1.61,21.626757,78.754569,1.68,Metamorphic_Schist,0,India
418.08,4.62,0.205,30.84,1053.5,0.232,2.83,2.18,21.859493,79.592894,4.62,Sedimentary_Mn_Oxide,1,India
310.63,7.55,0.364,35.93,1242.2,0.206,2.71,1.47,21.039139,80.017157,3.17,Metamorphic_Schist,1,India
328.31,1.72,0.343,29.01,1131.3,0.203,1.61,1.62,21.05316,79.726551,4.84,Metamorphic_Schist,0,India
396.9,2.71,0.464,29.28,1151.6,0.344,2.28,2.28,21.449135,79.764586,4.94,Sedimentary_Mn_Oxide,1,India
410.71,3.15,0.467,29.51,1089.8,0.345,2.91,1.9,21.452619,79.653803,1.2,Sedimentary_Mn_Oxide,0,India
367.49,2.31,0.385,29.12,1143.4,0.201,2.0,2.32,22.014598,79.748994,1.41,Metamorphic_Schist,0,India
392.7,1.99,0.453,29.05,1136.8,0.34,2.79,1.34,21.438096,80.484532,5.74,Metamorphic_Schist,1,India
366.22,7.84,0.214,36.62,933.8,0.243,1.74,1.89,21.249262,79.380361,2.83,Sedimentary_Mn_Oxide,1,India
355.31,2.45,0.254,29.17,1146.4,0.266,3.18,2.47,21.293105,79.754609,5.77,Sedimentary_Mn_Oxide,0,India
353.72,7.49,0.459,35.78,990.8,0.213,3.18,2.5,22.072838,78.639971,4.76,Metamorphic_Schist,0,India
372.08,6.1,0.264,33.0,938.9,0.271,2.08,2.45,21.302021,78.736174,5.14,Metamorphic_Schist,0,India
424.19,5.11,0.212,31.47,1040.2,0.265,2.09,1.95,21.793874,79.570609,5.18,Sedimentary_Mn_Oxide,0,India
330.11,6.09,0.494,32.99,1216.2,0.231,2.39,2.26,22.120992,79.91389,0.9,Metamorphic_Schist,1,India
428.62,7.61,0.215,36.06,1243.1,0.268,1.61,2.22,21.789041,80.19816,4.97,Metamorphic_Schist,0,India
425.23,5.0,0.223,31.33,1043.1,0.273,1.98,1.86,21.778489,79.575539,4.67,Sedimentary_Mn_Oxide,0,India
323.74,7.83,0.207,36.59,934.6,0.213,2.33,2.23,21.175028,79.382068,3.93,Metamorphic_Schist,0,India
320.24,5.69,0.323,32.33,1023.5,0.201,2.34,2.3,21.066882,79.542742,3.99,Metamorphic_Schist,0,India
326.24,2.26,0.212,29.11,859.2,0.21,2.21,1.33,21.165843,78.96184,5.57,Metamorphic_Schist,0,India
317.08,8.0,0.293,36.99,905.7,0.2,3.2,2.37,21.08747,79.318393,3.26,Metamorphic_Schist,0,India
316.21,2.52,0.248,29.2,1147.8,0.202,1.63,2.46,21.123798,80.463802,1.07,Metamorphic_Schist,1,India
328.3,6.46,0.489,33.66,949.5,0.264,1.94,2.42,22.186483,78.715328,5.8,Metamorphic_Schist,0,India
393.37,5.64,0.351,32.24,927.3,0.305,2.79,2.5,21.363404,78.759911,4.81,Metamorphic_Schist,0,India
388.18,1.79,0.269,29.02,1120.2,0.206,2.96,2.13,21.933793,79.706617,5.71,Metamorphic_Schist,0,India
335.65,3.47,0.213,29.74,1082.2,0.209,1.68,2.37,21.163053,79.640863,5.74,Metamorphic_Schist,1,India
324.8,7.98,0.376,36.94,1062.8,0.207,3.02,2.08,21.031301,78.518511,5.25,Metamorphic_Schist,0,India
426.87,4.44,0.3,30.63,902.9,0.31,1.67,1.46,21.71111,78.815275,5.76,Sedimentary_Mn_Oxide,1,India
414.56,7.62,0.493,36.09,1243.4,0.355,2.07,2.46,21.489914,80.024446,5.12,Metamorphic_Schist,0,India
414.7,3.45,0.207,29.72,1166.5,0.26,2.62,2.48,21.803314,80.426993,2.5,Metamorphic_Schist,1,India
444.54,7.37,0.345,35.53,1239.1,0.325,2.16,2.5,21.680522,80.221306,2.8,Metamorphic_Schist,0,India
334.15,7.96,0.21,36.91,1034.3,0.211,2.58,2.44,21.169637,78.566076,3.22,Metamorphic_Schist,1,India
367.78,3.92,0.271,30.11,894.3,0.274,2.75,2.24,21.307167,78.837265,5.01,Sedimentary_Mn_Oxide,0,India
331.02,7.65,0.494,36.16,878.3,0.23,3.02,1.3,22.120233,79.242765,3.02,Metamorphic_Schist,0,India
441.46,3.49,0.367,29.75,888.0,0.332,1.61,1.77,21.665877,78.854616,5.74,Sedimentary_Mn_Oxide,1,India
354.5,7.5,0.498,35.82,1241.3,0.236,2.89,1.39,22.132573,80.20933,0.97,Metamorphic_Schist,0,India
408.99,4.44,0.2,30.63,1058.2,0.246,2.61,2.02,21.829456,79.600653,5.53,Sedimentary_Mn_Oxide,0,India
418.35,6.4,0.474,33.54,947.5,0.347,3.18,2.24,21.460561,78.71923,1.39,Metamorphic_Schist,0,India
420.51,6.8,0.5,34.33,1229.0,0.359,1.92,2.48,21.51637,79.956589,4.25,Metamorphic_Schist,0,India
314.84,7.96,0.499,36.91,897.6,0.25,3.18,1.3,22.160672,79.298208,4.03,Metamorphic_Schist,0,India
343.09,2.57,0.215,29.22,1148.8,0.244,2.57,2.01,21.250909,80.461943,5.63,Metamorphic_Schist,0,India
332.44,5.1,0.23,31.46,1198.0,0.204,2.71,1.56,21.141443,79.864711,3.21,Metamorphic_Schist,1,India
437.78,7.86,0.258,36.65,932.7,0.293,1.96,2.35,21.742838,79.378044,5.79,Sedimentary_Mn_Oxide,0,India
331.84,1.84,0.411,29.02,1119.2,0.214,1.92,1.5,21.006812,79.704785,0.93,Metamorphic_Schist,0,India
408.61,7.36,0.494,35.5,1238.8,0.355,3.14,1.93,21.49206,80.22246,1.22,Metamorphic_Schist,0,India
366.39,4.68,0.282,30.92,1190.1,0.279,2.98,2.37,21.315418,79.845737,1.88,Sedimentary_Mn_Oxide,1,India
319.6,7.09,0.304,34.92,864.6,0.2,2.83,2.02,21.080069,79.191604,4.61,Metamorphic_Schist,1,India
424.82,3.79,0.239,29.99,851.5,0.283,3.11,1.92,21.760696,79.022325,5.7,Sedimentary_Mn_Oxide,1,India
422.54,4.03,0.5,30.21,896.1,0.36,2.46,2.31,21.527599,78.832606,4.67,Sedimentary_Mn_Oxide,0,India
332.82,3.1,0.225,29.48,1091.0,0.206,1.65,2.28,21.147144,79.655877,5.79,Metamorphic_Schist,0,India
362.51,6.66,0.261,34.04,1226.4,0.27,2.54,2.0,21.299609,79.947065,3.45,Metamorphic_Schist,0,India
416.81,6.04,0.212,32.91,1215.3,0.225,2.28,1.32,21.875156,79.911426,3.58,Metamorphic_Schist,1,India
342.87,4.83,0.485,31.1,1047.7,0.223,2.19,2.27,22.102695,79.58326,3.01,Metamorphic_Schist,0,India
329.93,3.21,0.203,29.55,1161.6,0.232,2.96,2.21,21.225867,79.784406,4.92,Sedimentary_Mn_Oxide,1,India
460.2,1.62,0.353,29.0,1129.1,0.328,1.94,1.31,21.675072,79.722509,4.4,Sedimentary_Mn_Oxide,0,India
434.08,2.62,0.429,29.24,1149.9,0.348,1.75,1.51,21.621157,79.761348,2.67,Sedimentary_Mn_Oxide,1,India
438.36,3.32,0.21,29.63,1163.9,0.263,2.6,2.47,21.797297,80.432273,2.32,Metamorphic_Schist,1,India
380.12,7.66,0.399,36.19,878.8,0.322,1.6,1.36,21.395944,79.244425,5.56,Sedimentary_Mn_Oxide,0,India
365.13,6.55,0.264,33.82,952.1,0.271,1.93,2.48,21.301949,78.710359,4.36,Metamorphic_Schist,1,India
331.34,7.97,0.219,36.94,899.4,0.207,2.97,2.06,21.154242,79.302855,5.69,Metamorphic_Schist,1,India
329.84,7.02,0.216,34.77,863.4,0.208,3.2,1.63,21.158998,79.186279,2.11,Metamorphic_Schist,0,India
414.19,5.27,0.207,31.7,1201.2,0.26,3.08,1.3,21.802383,79.872729,5.19,Sedimentary_Mn_Oxide,0,India
355.83,2.65,0.432,29.25,1101.2,0.206,2.14,2.5,22.048664,79.673375,2.6,Metamorphic_Schist,1,India
416.96,1.51,0.492,29.0,1126.2,0.36,1.72,1.65,21.552858,79.717376,5.21,Sedimentary_Mn_Oxide,0,India
375.6,3.24,0.298,29.57,1162.2,0.285,3.13,2.49,21.327121,79.785615,3.8,Sedimentary_Mn_Oxide,1,India
414.49,3.22,0.471,29.56,1161.9,0.346,2.08,2.31,21.456608,79.785036,5.61,Sedimentary_Mn_Oxide,1,India
320.5,6.17,0.497,33.13,1008.6,0.254,2.0,1.74,22.16843,79.517512,1.45,Metamorphic_Schist,0,India
391.61,7.54,0.465,35.91,953.7,0.344,2.81,1.31,21.449725,79.419513,3.93,Sedimentary_Mn_Oxide,1,India
301.53,2.25,0.232,29.11,1142.2,0.204,1.97,1.95,21.139735,79.746667,4.03,Metamorphic_Schist,0,India
438.42,6.32,0.317,33.4,945.2,0.316,1.68,1.33,21.699259,78.723704,3.63,Metamorphic_Schist,0,India
425.9,5.25,0.467,31.66,918.5,0.356,2.23,1.87,21.588002,78.778873,3.26,Metamorphic_Schist,0,India
326.08,2.93,0.258,29.39,880.4,0.201,1.6,1.34,21.114447,78.877076,2.53,Metamorphic_Schist,0,India
442.15,7.1,0.381,34.95,974.5,0.336,2.25,1.7,21.656298,79.45797,5.05,Sedimentary_Mn_Oxide,0,India
403.15,4.5,0.334,30.7,903.9,0.2,3.11,1.81,21.980531,78.812736,3.51,Metamorphic_Schist,0,India
363.41,8.0,0.479,36.99,1249.9,0.22,3.13,1.52,22.094231,80.101524,5.77,Metamorphic_Schist,0,India
449.39,7.99,0.363,36.99,1055.9,0.331,2.98,1.41,21.668169,78.529938,5.67,Metamorphic_Schist,0,India
431.32,7.39,0.409,35.57,870.6,0.343,3.13,2.39,21.636491,79.216123,5.76,Sedimentary_Mn_Oxide,1,India
361.84,3.44,0.288,29.71,1082.9,0.281,2.95,2.4,21.320181,79.642021,4.89,Sedimentary_Mn_Oxide,1,India
423.76,6.02,0.483,32.87,1214.9,0.359,2.08,2.25,21.567375,79.910148,5.17,Metamorphic_Schist,0,India
429.13,4.15,0.497,30.33,1180.0,0.36,1.61,2.08,21.540215,79.822976,1.87,Sedimentary_Mn_Oxide,1,India
345.1,7.26,0.495,35.29,1237.1,0.256,2.4,1.45,22.172906,80.230895,4.34,Metamorphic_Schist,1,India
301.68,4.77,0.391,31.02,1049.5,0.21,2.5,1.96,21.020842,79.586246,4.86,Metamorphic_Schist,0,India
378.67,5.17,0.454,31.56,850.3,0.211,1.72,1.37,22.067889,79.082735,2.26,Metamorphic_Schist,1,India
379.97,7.2,0.412,35.15,866.5,0.204,2.02,1.37,22.033934,79.199813,4.89,Metamorphic_Schist,0,India
419.45,4.1,0.5,30.28,897.2,0.359,2.57,2.34,21.518047,78.829592,5.15,Sedimentary_Mn_Oxide,1,India
330.31,4.25,0.217,30.43,1063.0,0.208,1.61,2.42,21.157269,79.608671,5.65,Metamorphic_Schist,0,India
433.9,7.68,0.4,36.24,1244.5,0.341,3.2,2.31,21.643185,80.032048,2.17,Metamorphic_Schist,0,India
420.11,7.59,0.368,36.02,1242.9,0.332,3.2,2.19,21.664933,80.021379,3.19,Metamorphic_Schist,0,India
328.27,4.11,0.215,30.29,897.4,0.208,1.62,1.6,21.159912,78.829187,1.55,Metamorphic_Schist,0,India
336.61,2.78,0.391,29.31,1098.2,0.21,2.0,1.67,21.021263,79.668206,1.41,Metamorphic_Schist,0,India
371.62,5.91,0.337,32.68,1212.9,0.3,2.63,1.3,21.354393,80.317047,5.47,Metamorphic_Schist,1,India
355.52,3.17,0.489,29.53,853.9,0.226,1.65,1.76,22.10935,78.997618,1.14,Metamorphic_Schist,1,India
432.58,3.28,0.213,29.6,853.4,0.266,3.17,1.7,21.791348,79.002022,5.79,Sedimentary_Mn_Oxide,1,India
393.36,8.0,0.264,37.0,1250.0,0.207,1.89,1.38,21.929713,80.116521,4.6,Metamorphic_Schist,0,India
337.44,4.49,0.494,30.69,1056.8,0.23,1.95,2.24,22.12011,79.598375,1.03,Metamorphic_Schist,0,India
378.16,6.9,0.4,34.51,964.2,0.202,3.2,2.39,22.024811,78.687658,5.38,Metamorphic_Schist,1,India
337.39,2.52,0.224,29.2,1147.9,0.25,3.07,2.41,21.263031,79.757495,5.55,Sedimentary_Mn_Oxide,1,India
394.34,7.65,0.387,36.15,878.1,0.318,1.6,1.34,21.387914,79.242279,5.3,Sedimentary_Mn_Oxide,1,India
400.48,7.14,0.477,35.03,972.9,0.348,3.07,1.32,21.463441,79.455113,5.52,Sedimentary_Mn_Oxide,1,India
337.67,7.67,0.464,36.21,1002.7,0.214,3.2,2.49,22.077428,78.619484,5.14,Metamorphic_Schist,0,India
382.76,7.95,0.283,36.88,1249.2,0.204,1.82,1.31,21.944543,80.079871,5.02,Metamorphic_Schist,0,India
368.54,2.15,0.297,29.08,1112.5,0.285,3.16,2.47,21.326965,79.692997,5.8,Sedimentary_Mn_Oxide,1,India
413.08,4.7,0.214,30.94,1190.5,0.224,2.95,2.38,21.87765,80.37467,4.83,Metamorphic_Schist,0,India
395.76,7.32,0.387,35.42,982.3,0.318,2.37,2.33,21.38774,78.654986,5.79,Metamorphic_Schist,0,India
307.52,7.99,0.344,36.98,1041.8,0.203,3.19,2.06,21.052676,78.553475,5.7,Metamorphic_Schist,0,India
403.36,6.8,0.214,34.31,1228.9,0.224,2.3,2.06,21.878038,80.265285,1.55,Metamorphic_Schist,0,India
412.7,6.4,0.497,33.54,947.5,0.356,3.17,2.07,21.499729,78.719268,4.05,Metamorphic_Schist,1,India
426.79,6.9,0.498,34.52,982.7,0.36,3.12,1.31,21.536876,79.4727,3.73,Sedimentary_Mn_Oxide,1,India
429.62,4.77,0.204,31.03,1191.9,0.255,2.35,2.49,21.812256,80.371361,1.18,Metamorphic_Schist,0,India
426.21,5.91,0.2,32.68,1212.9,0.243,2.22,2.38,21.834716,80.31696,2.2,Metamorphic_Schist,1,India
353.32,8.0,0.278,37.0,1250.0,0.277,1.63,1.51,21.312863,80.110664,4.2,Metamorphic_Schist,0,India
412.23,4.89,0.201,31.17,1046.3,0.238,2.64,2.16,21.846078,79.580891,5.44,Sedimentary_Mn_Oxide,1,India
360.94,6.95,0.235,34.63,980.7,0.257,1.67,2.08,21.275604,79.468988,5.76,Sedimentary_Mn_Oxide,1,India
321.1,4.21,0.238,30.39,1181.2,0.203,2.39,1.64,21.132577,79.825424,0.91,Metamorphic_Schist,1,India
367.67,2.52,0.468,29.2,1147.8,0.215,1.61,2.47,22.081512,79.757394,4.91,Metamorphic_Schist,0,India
411.97,3.2,0.478,29.54,1161.4,0.349,2.02,2.28,21.465313,79.783905,5.74,Sedimentary_Mn_Oxide,1,India
361.7,7.81,0.442,36.54,1246.7,0.208,3.17,1.31,22.057283,80.171239,5.8,Metamorphic_Schist,0,India
345.2,2.3,0.465,29.12,859.0,0.215,1.63,1.74,22.078876,78.963301,4.14,Metamorphic_Schist,0,India
373.25,7.47,0.248,35.74,872.6,0.263,2.27,1.33,21.28774,79.223233,3.52,Sedimentary_Mn_Oxide,1,India
420.3,7.13,0.2,35.01,973.7,0.247,1.76,1.6,21.827679,78.670306,5.36,Metamorphic_Schist,0,India
428.06,7.85,0.44,36.63,933.4,0.351,3.06,1.77,21.612239,79.379484,2.88,Sedimentary_Mn_Oxide,1,India
379.62,5.69,0.345,32.33,1208.9,0.303,2.74,1.3,21.359495,80.328044,5.05,Metamorphic_Schist,0,India
337.61,5.7,0.226,32.34,851.8,0.205,2.91,1.46,21.14562,79.108251,4.08,Metamorphic_Schist,1,India
362.44,6.51,0.292,33.74,1223.7,0.283,2.12,1.3,21.322777,80.283547,5.32,Metamorphic_Schist,0,India
432.38,7.99,0.399,36.97,902.6,0.341,3.13,2.16,21.643591,79.310885,3.8,Sedimentary_Mn_Oxide,1,India
441.42,2.96,0.401,29.4,855.0,0.341,1.95,2.32,21.642365,78.98909,4.17,Sedimentary_Mn_Oxide,0,India
348.15,3.21,0.205,29.55,853.7,0.235,3.0,1.41,21.232729,78.999096,3.2,Sedimentary_Mn_Oxide,1,India
400.61,7.9,0.419,36.75,890.9,0.328,1.71,1.33,21.410841,79.280488,5.61,Sedimentary_Mn_Oxide,0,India
347.25,7.79,0.497,36.5,1246.4,0.234,3.07,1.45,22.128738,80.173731,2.96,Metamorphic_Schist,0,India
323.51,7.69,0.307,36.25,879.7,0.2,3.07,2.22,21.07807,79.247366,2.46,Metamorphic_Schist,0,India
413.7,3.02,0.202,29.44,881.6,0.253,2.84,1.32,21.816783,78.873557,4.1,Sedimentary_Mn_Oxide,1,India
386.49,7.98,0.391,36.96,1039.3,0.201,2.77,2.5,22.018773,78.557635,3.59,Metamorphic_Schist,1,India
353.56,2.07,0.404,29.06,1138.5,0.203,1.94,2.39,22.027818,79.739874,0.88,Metamorphic_Schist,0,India
322.1,7.43,0.229,35.67,988.0,0.205,2.34,2.15,21.142295,78.644857,4.67,Metamorphic_Schist,0,India
420.28,7.56,0.236,35.94,875.1,0.282,2.66,2.47,21.763417,79.232278,2.59,Sedimentary_Mn_Oxide,1,India
331.43,7.83,0.354,36.59,1247.1,0.204,2.96,1.54,21.045834,80.053665,4.89,Metamorphic_Schist,0,India
423.43,6.36,0.471,33.47,1221.1,0.357,2.64,2.11,21.583301,80.292086,5.39,Metamorphic_Schist,0,India
397.7,5.38,0.407,31.85,850.8,0.324,2.02,1.79,21.401607,79.092427,1.67,Sedimentary_Mn_Oxide,0,India
427.08,6.64,0.475,33.99,955.0,0.358,2.78,1.66,21.578087,78.704802,5.73,Metamorphic_Schist,0,India
418.04,7.53,0.495,35.87,993.1,0.355,3.1,1.81,21.492959,78.635946,1.93,Metamorphic_Schist,0,India
295.32,5.19,0.323,31.58,1199.6,0.201,2.04,1.33,21.066824,79.868768,3.52,Metamorphic_Schist,0,India
316.45,7.97,0.361,36.94,1036.7,0.205,3.18,1.97,21.041037,78.562039,5.77,Metamorphic_Schist,0,India
417.89,6.16,0.2,33.11,854.3,0.242,2.59,1.94,21.838025,79.132362,3.14,Sedimentary_Mn_Oxide,1,India
397.57,1.64,0.464,29.0,1129.4,0.343,2.55,2.16,21.448658,79.723118,3.43,Sedimentary_Mn_Oxide,1,India
374.36,6.95,0.355,34.62,980.9,0.307,2.35,1.66,21.366475,79.469464,1.17,Sedimentary_Mn_Oxide,1,India
454.76,4.29,0.4,30.47,850.4,0.341,2.28,2.43,21.643131,79.043275,1.72,Sedimentary_Mn_Oxide,1,India
332.52,6.64,0.206,34.0,992.6,0.236,1.6,2.31,21.23452,79.490059,5.61,Sedimentary_Mn_Oxide,1,India
371.12,2.41,0.38,29.16,858.2,0.201,2.0,1.46,22.011472,78.967628,5.76,Metamorphic_Schist,0,India
326.06,5.81,0.263,32.52,1211.1,0.201,1.98,2.17,21.110689,80.321934,5.78,Metamorphic_Schist,0,India
447.34,5.44,0.308,31.94,1030.8,0.313,1.6,1.6,21.705635,79.554948,2.81,Sedimentary_Mn_Oxide,1,India
441.18,8.0,0.277,37.0,1250.0,0.302,2.44,2.2,21.727669,80.107296,4.54,Metamorphic_Schist,1,India
409.2,6.84,0.408,34.41,1229.7,0.325,2.73,1.43,21.402504,80.261953,5.09,Metamorphic_Schist,1,India
329.4,7.58,0.243,36.01,1242.8,0.202,2.57,1.66,21.127699,80.200451,3.25,Metamorphic_Schist,1,India
326.51,5.42,0.395,31.91,1203.9,0.211,2.72,2.48,21.01793,80.341397,2.16,Metamorphic_Schist,1,India
341.04,7.56,0.222,35.94,1242.3,0.249,2.46,1.58,21.261016,80.017585,3.96,Metamorphic_Schist,0,India
403.09,2.84,0.24,29.34,1154.3,0.213,2.84,1.79,21.908346,79.769878,5.79,Metamorphic_Schist,0,India
412.87,7.52,0.495,35.87,1241.7,0.36,2.53,2.49,21.544932,80.014315,5.7,Metamorphic_Schist,0,India
367.9,3.88,0.391,30.07,851.3,0.202,1.69,1.36,22.019147,79.026074,5.01,Metamorphic_Schist,1,India
436.29,6.4,0.297,33.55,1221.8,0.309,1.64,2.49,21.713185,80.289857,4.26,Metamorphic_Schist,0,India
373.21,2.24,0.409,29.1,1142.0,0.203,2.2,2.07,22.031337,80.474824,5.26,Metamorphic_Schist,0,India
347.62,4.45,0.318,30.65,1185.8,0.293,2.83,2.45,21.341057,79.835796,1.13,Sedimentary_Mn_Oxide,0,India
336.07,7.92,0.317,36.81,1073.2,0.201,3.15,2.3,21.070693,78.501015,5.79,Metamorphic_Schist,0,India
436.66,7.93,0.424,36.84,1248.9,0.347,3.06,2.5,21.625284,80.146125,5.36,Metamorphic_Schist,0,India
436.23,6.49,0.497,33.71,950.3,0.36,3.01,1.86,21.540486,78.713719,5.56,Metamorphic_Schist,0,India
333.81,4.52,0.376,30.72,1187.0,0.207,2.33,2.5,21.031355,80.382672,4.69,Metamorphic_Schist,0,India
439.56,6.19,0.474,33.17,1218.0,0.357,2.61,2.06,21.579812,80.301693,5.3,Metamorphic_Schist,0,India
431.32,5.91,0.342,32.69,934.1,0.325,1.69,1.39,21.682376,78.74588,3.5,Metamorphic_Schist,0,India
330.88,2.17,0.5,29.08,1140.5,0.242,1.6,1.56,22.145086,80.477645,2.3,Metamorphic_Schist,0,India
315.9,3.64,0.368,29.87,1078.1,0.206,2.06,1.86,21.036934,79.633962,1.94,Metamorphic_Schist,0,India
402.19,4.86,0.439,31.13,850.0,0.335,1.96,2.0,21.426207,79.06815,1.05,Sedimentary_Mn_Oxide,1,India
433.54,7.77,0.218,36.45,1246.0,0.27,1.66,2.18,21.784019,80.177215,4.02,Metamorphic_Schist,0,India
442.28,7.95,0.247,36.87,1030.6,0.288,1.99,1.6,21.752526,78.572146,1.37,Metamorphic_Schist,0,India
428.49,3.79,0.498,29.99,851.5,0.36,1.6,2.48,21.534088,79.022508,5.28,Sedimentary_Mn_Oxide,1,India
329.67,7.63,0.2,36.11,877.5,0.225,2.88,1.59,21.209351,79.240145,5.8,Sedimentary_Mn_Oxide,1,India
330.29,2.54,0.259,29.21,1148.2,0.201,1.84,1.79,21.113647,79.758111,4.95,Metamorphic_Schist,0,India
323.97,7.16,0.402,35.07,865.8,0.212,2.25,2.32,21.013336,79.196854,5.65,Metamorphic_Schist,1,India
411.6,7.9,0.21,36.74,928.9,0.226,1.7,2.46,21.871462,79.370173,1.92,Sedimentary_Mn_Oxide,1,India
386.48,3.79,0.325,29.99,851.5,0.296,2.94,1.78,21.346065,79.022595,5.75,Sedimentary_Mn_Oxide,0,India
325.85,7.99,0.202,36.98,914.4,0.23,2.16,1.87,21.222481,79.338663,2.75,Sedimentary_Mn_Oxide,1,India
427.87,5.44,0.203,31.95,1030.8,0.254,2.18,2.1,21.814282,79.554904,5.49,Sedimentary_Mn_Oxide,0,India
339.69,7.96,0.499,36.91,1033.8,0.237,3.15,2.23,22.134802,78.566789,4.09,Metamorphic_Schist,0,India
351.69,5.31,0.222,31.75,1201.9,0.249,1.95,1.57,21.26015,80.346699,4.46,Metamorphic_Schist,0,India
409.95,3.11,0.474,29.49,1090.7,0.347,2.84,1.87,21.460524,79.655295,1.07,Sedimentary_Mn_Oxide,0,India
389.47,2.06,0.319,29.06,870.6,0.293,3.2,2.15,21.341904,78.910796,2.06,Sedimentary_Mn_Oxide,1,India
312.42,6.32,0.23,33.39,1220.3,0.204,3.03,1.4,21.141606,79.926473,5.31,Metamorphic_Schist,0,India
400.19,1.66,0.246,29.0,863.8,0.211,3.01,1.31,21.914642,78.938721,2.28,Metamorphic_Schist,0,India
442.15,7.29,0.476,35.35,966.3,0.358,3.02,1.44,21.577316,79.443116,2.35,Sedimentary_Mn_Oxide,1,India
426.01,7.83,0.22,36.58,886.2,0.272,2.27,2.48,21.781716,79.267247,4.98,Sedimentary_Mn_Oxide,1,India
335.17,5.04,0.208,31.37,914.2,0.212,1.6,1.79,21.172024,78.788588,2.63,Metamorphic_Schist,0,India
291.51,7.02,0.388,34.78,1232.9,0.21,2.27,1.42,21.022882,79.971804,1.81,Metamorphic_Schist,1,India
377.74,7.95,0.378,36.88,922.1,0.315,1.83,1.34,21.381849,79.355734,4.95,Sedimentary_Mn_Oxide,1,India
378.14,6.74,0.301,34.2,988.9,0.202,3.01,2.46,21.957974,79.483496,3.13,Metamorphic_Schist,0,India
351.15,6.74,0.24,34.2,859.5,0.259,2.69,1.3,21.280615,79.166829,5.54,Sedimentary_Mn_Oxide,0,India
426.8,8.0,0.229,37.0,1250.0,0.277,2.0,2.02,21.771269,80.113878,1.42,Metamorphic_Schist,0,India
431.86,6.78,0.323,34.27,1228.5,0.318,3.2,1.82,21.695347,79.954676,2.21,Metamorphic_Schist,1,India
393.07,5.04,0.432,31.37,850.2,0.333,1.96,1.94,21.420294,79.076456,1.07,Sedimentary_Mn_Oxide,1,India
315.89,8.0,0.247,37.0,1250.0,0.202,3.04,1.44,21.124524,80.116338,2.63,Metamorphic_Schist,0,India
347.69,1.69,0.2,29.01,863.6,0.222,2.4,1.44,21.200946,78.93999,5.8,Sedimentary_Mn_Oxide,0,India
313.64,7.99,0.313,36.97,1058.9,0.201,3.19,2.24,21.073313,78.52501,5.68,Metamorphic_Schist,1,India
425.85,7.65,0.206,36.16,1243.9,0.259,2.2,1.57,21.805381,80.028139,3.06,Metamorphic_Schist,0,India
403.9,2.4,0.434,29.15,1145.4,0.333,2.61,2.35,21.42197,79.752782,2.98,Sedimentary_Mn_Oxide,1,India
364.19,7.8,0.303,36.5,884.6,0.287,1.73,1.31,21.331263,79.262328,3.06,Sedimentary_Mn_Oxide,1,India
338.46,7.13,0.205,35.0,1234.8,0.235,2.94,1.57,21.231699,79.979837,1.46,Metamorphic_Schist,0,India
382.28,2.12,0.257,29.07,1139.6,0.209,3.07,2.45,21.924375,80.479391,3.0,Metamorphic_Schist,0,India
425.67,7.04,0.455,34.81,863.7,0.354,2.77,2.34,21.599264,79.187591,3.62,Sedimentary_Mn_Oxide,1,India
372.24,5.97,0.361,32.79,1214.0,0.2,1.6,1.73,21.998714,79.907594,5.5,Metamorphic_Schist,0,India
347.66,2.42,0.488,29.16,858.2,0.226,1.61,1.87,22.108642,78.967861,1.99,Metamorphic_Schist,1,India
409.71,6.74,0.2,34.2,988.9,0.241,1.97,2.4,21.838539,79.483582,4.61,Sedimentary_Mn_Oxide,1,India
431.85,2.15,0.217,29.08,1112.5,0.269,2.78,1.51,21.786643,79.692963,4.9,Sedimentary_Mn_Oxide,0,India
346.01,7.1,0.492,34.94,864.8,0.229,2.73,1.31,22.115705,79.192276,5.09,Metamorphic_Schist,1,India
333.28,3.85,0.223,30.05,851.3,0.206,2.45,1.31,21.149605,79.025159,5.78,Metamorphic_Schist,1,India
433.86,7.56,0.212,35.94,875.1,0.265,2.37,2.41,21.794451,79.232188,4.5,Sedimentary_Mn_Oxide,1,India
334.06,2.28,0.229,29.11,1142.8,0.205,1.73,2.44,21.142584,80.473361,2.39,Metamorphic_Schist,0,India
414.76,7.93,0.259,36.83,893.9,0.294,2.51,2.49,21.74203,79.288579,3.66,Sedimentary_Mn_Oxide,0,India
416.06,5.75,0.46,32.42,929.9,0.355,2.32,1.75,21.59467,78.754498,3.86,Metamorphic_Schist,0,India
439.92,2.26,0.463,29.11,872.7,0.355,1.64,2.27,21.591819,78.903139,4.33,Sedimentary_Mn_Oxide,0,India
330.92,7.79,0.406,36.49,938.1,0.213,3.17,2.46,21.010492,79.389081,1.13,Metamorphic_Schist,1,India
397.49,5.14,0.266,31.51,1039.4,0.207,3.16,2.46,21.931873,79.569337,0.89,Metamorphic_Schist,0,India
306.92,7.93,0.349,36.84,924.4,0.204,3.2,2.5,21.049131,79.36074,2.57,Metamorphic_Schist,0,India
324.43,3.53,0.202,29.78,1168.0,0.217,2.73,2.0,21.188541,79.797452,3.36,Metamorphic_Schist,0,India
314.42,2.03,0.274,29.05,1137.6,0.2,1.61,2.5,21.101678,80.483009,1.76,Metamorphic_Schist,1,India
403.86,4.44,0.226,30.63,902.9,0.218,3.09,1.45,21.894315,78.815374,5.62,Sedimentary_Mn_Oxide,1,India
365.61,6.44,0.275,33.62,856.4,0.276,2.52,1.33,21.310722,79.14821,4.95,Sedimentary_Mn_Oxide,1,India
432.4,7.93,0.361,36.83,1028.2,0.33,2.73,1.34,21.669368,78.576261,5.64,Metamorphic_Schist,1,India
324.13,7.14,0.345,35.03,1235.0,0.203,2.6,1.36,21.052071,79.980707,2.39,Metamorphic_Schist,0,India
339.99,7.46,0.211,35.73,872.4,0.241,2.68,1.42,21.244587,79.222723,5.51,Sedimentary_Mn_Oxide,1,India
388.82,5.08,0.32,31.43,915.1,0.201,3.19,1.86,21.971138,78.786627,4.93,Metamorphic_Schist,0,India
418.5,7.33,0.496,35.45,1238.4,0.356,3.16,1.94,21.495406,80.224749,0.86,Metamorphic_Schist,0,India
449.18,7.97,0.439,36.93,1035.8,0.35,3.15,1.3,21.613323,78.563509,4.57,Metamorphic_Schist,0,India
439.16,7.79,0.224,36.49,1246.4,0.275,1.7,2.2,21.7764,80.174137,3.44,Metamorphic_Schist,0,India
329.67,6.83,0.482,34.38,985.4,0.27,1.98,1.49,22.197923,79.477418,1.24,Metamorphic_Schist,0,India
407.62,5.19,0.458,31.58,1199.7,0.341,1.77,2.49,21.443075,79.868897,5.48,Sedimentary_Mn_Oxide,1,India
412.19,5.88,0.489,32.64,1212.4,0.353,3.18,1.55,21.480714,80.318227,4.03,Metamorphic_Schist,0,India
317.76,7.06,0.322,34.85,970.5,0.201,2.83,1.69,21.067276,78.676165,1.16,Metamorphic_Schist,0,India
325.93,1.58,0.384,29.0,864.5,0.209,1.72,1.43,21.025919,78.935575,5.25,Metamorphic_Schist,0,India
326.44,3.09,0.281,29.48,882.5,0.2,1.62,1.32,21.096665,78.870832,3.95,Metamorphic_Schist,0,India
430.55,4.07,0.21,30.25,1178.4,0.263,3.2,1.31,21.796868,79.819349,3.0,Sedimentary_Mn_Oxide,1,India
288.69,7.99,0.382,36.97,1058.7,0.209,3.02,2.04,21.026911,78.525246,5.25,Metamorphic_Schist,1,India
423.57,3.17,0.235,29.53,883.5,0.282,2.32,1.42,21.763939,78.867655,1.45,Sedimentary_Mn_Oxide,1,India
395.14,5.22,0.38,31.63,1200.3,0.315,3.03,1.3,21.383022,80.35076,2.92,Metamorphic_Schist,0,India
373.65,7.76,0.318,36.41,940.6,0.293,1.74,1.53,21.34167,79.394014,5.46,Sedimentary_Mn_Oxide,0,India
326.66,7.49,0.254,35.8,956.3,0.201,2.61,2.48,21.117887,79.424456,5.28,Metamorphic_Schist,0,India
428.21,7.41,0.308,35.61,871.0,0.313,3.13,2.5,21.705556,79.217603,3.82,Sedimentary_Mn_Oxide,0,India
407.92,7.46,0.5,35.72,872.3,0.36,2.32,1.93,21.527281,79.222328,1.46,Sedimentary_Mn_Oxide,1,India
372.23,5.64,0.37,32.25,1208.0,0.2,1.6,1.81,22.004497,79.890605,5.35,Metamorphic_Schist,0,India
416.65,3.3,0.215,29.62,1163.5,0.267,2.53,2.45,21.789366,80.433011,1.78,Metamorphic_Schist,0,India
321.29,5.38,0.387,31.85,850.8,0.209,1.77,1.94,21.023652,79.09231,2.92,Metamorphic_Schist,0,India
333.61,7.91,0.342,36.77,1248.4,0.203,3.2,1.84,21.054209,80.152845,5.17,Metamorphic_Schist,0,India
449.16,7.68,0.275,36.23,1244.4,0.301,2.87,1.93,21.729567,80.03164,5.8,Metamorphic_Schist,0,India
317.65,3.38,0.201,29.67,853.0,0.22,2.78,1.32,21.19749,79.005989,4.9,Metamorphic_Schist,0,India
321.21,8.0,0.291,37.0,906.9,0.2,3.19,2.37,21.088936,79.321303,3.48,Metamorphic_Schist,0,India
423.65,7.74,0.21,36.36,881.7,0.263,2.21,2.44,21.797247,79.253708,5.23,Sedimentary_Mn_Oxide,1,India
441.47,7.3,0.248,35.37,981.1,0.289,1.65,1.38,21.751444,78.657014,4.09,Metamorphic_Schist,0,India
398.95,2.75,0.226,29.29,1152.4,0.218,2.97,1.73,21.893427,79.766218,5.7,Sedimentary_Mn_Oxide,1,India
400.18,5.61,0.493,32.2,926.7,0.355,3.11,2.25,21.489786,78.761278,4.95,Metamorphic_Schist,0,India
342.52,7.84,0.496,36.61,887.1,0.233,3.14,1.31,22.125728,79.269594,1.34,Metamorphic_Schist,1,India
432.37,6.77,0.287,34.26,959.7,0.306,1.67,1.3,21.720115,78.695988,3.78,Metamorphic_Schist,0,India
325.46,7.51,0.485,35.85,992.5,0.268,2.35,2.21,22.193244,78.637008,4.59,Metamorphic_Schist,0,India
378.09,6.18,0.383,33.15,854.4,0.201,1.64,1.32,22.013213,79.133405,0.88,Metamorphic_Schist,0,India
375.63,1.77,0.372,29.01,862.9,0.313,3.07,2.2,21.377804,78.943038,5.29,Sedimentary_Mn_Oxide,1,India
399.17,7.38,0.254,35.54,962.1,0.209,2.44,2.46,21.921631,79.435384,5.79,Metamorphic_Schist,0,India
447.06,8.0,0.329,36.99,905.9,0.32,2.79,2.32,21.69127,79.31893,1.55,Sedimentary_Mn_Oxide,1,India
423.03,3.23,0.5,29.56,884.3,0.359,2.34,2.41,21.519056,78.8653,3.96,Sedimentary_Mn_Oxide,1,India
439.92,3.99,0.29,30.17,1069.7,0.307,1.76,1.46,21.717998,79.61984,2.84,Sedimentary_Mn_Oxide,1,India
429.53,2.63,0.457,29.24,856.8,0.354,1.65,2.42,21.597627,78.976117,5.8,Sedimentary_Mn_Oxide,0,India
438.11,4.34,0.499,30.52,1183.6,0.36,2.52,1.53,21.529773,80.390381,4.96,Metamorphic_Schist,0,India
355.04,7.38,0.461,35.54,962.2,0.213,3.16,1.9,22.074379,79.435612,4.32,Metamorphic_Schist,0,India
451.58,1.7,0.362,29.01,867.0,0.331,1.83,2.01,21.66882,78.924973,4.96,Sedimentary_Mn_Oxide,1,India
348.02,1.56,0.206,29.0,1127.8,0.236,2.69,2.41,21.235212,79.720191,3.04,Sedimentary_Mn_Oxide,1,India
330.44,6.39,0.359,33.53,1001.3,0.205,2.8,2.31,21.042767,79.505053,5.75,Metamorphic_Schist,0,India
336.48,2.29,0.5,29.12,859.0,0.247,1.76,2.1,22.155125,78.962855,2.78,Metamorphic_Schist,0,India
409.06,7.48,0.5,35.76,1240.9,0.359,3.2,2.11,21.522353,80.211758,2.1,Metamorphic_Schist,0,India
340.6,4.83,0.492,31.1,1193.0,0.261,1.65,1.3,22.181534,80.368764,4.54,Metamorphic_Schist,0,India
409.96,4.22,0.463,30.4,899.1,0.343,3.11,2.48,21.44797,78.824788,4.97,Sedimentary_Mn_Oxide,1,India
331.9,7.81,0.499,36.53,936.6,0.25,2.86,1.4,22.160871,79.386131,5.8,Metamorphic_Schist,0,India
379.18,7.57,0.298,35.98,875.5,0.202,1.67,1.74,21.955467,79.233744,1.4,Metamorphic_Schist,1,India
292.08,5.09,0.314,31.44,915.3,0.201,2.11,1.4,21.072835,78.786123,5.55,Metamorphic_Schist,0,India
390.3,4.14,0.421,30.32,1179.8,0.329,3.2,1.3,21.41198,80.398793,3.1,Metamorphic_Schist,0,India
440.33,2.67,0.264,29.26,856.6,0.296,2.76,1.86,21.73818,78.977656,3.56,Sedimentary_Mn_Oxide,0,India
429.9,7.98,0.349,36.94,918.0,0.327,2.75,2.19,21.677323,79.346846,1.9,Sedimentary_Mn_Oxide,1,India
376.49,6.88,0.314,34.47,963.4,0.291,2.12,2.49,21.338516,78.689063,5.32,Metamorphic_Schist,0,India
429.57,7.96,0.215,36.91,1065.8,0.268,2.02,1.96,21.788513,78.513437,1.61,Metamorphic_Schist,0,India
411.36,6.73,0.451,34.18,859.4,0.339,1.6,1.7,21.436945,79.166231,5.24,Sedimentary_Mn_Oxide,0,India
325.82,3.57,0.27,29.81,889.1,0.2,1.63,1.36,21.104684,78.851464,4.23,Metamorphic_Schist,0,India
328.95,7.99,0.499,36.97,902.4,0.237,3.2,1.33,22.135244,79.310302,2.94,Metamorphic_Schist,1,India
344.81,6.55,0.202,33.83,1224.5,0.23,3.13,1.66,21.222521,79.940355,3.89,Metamorphic_Schist,0,India
320.71,7.89,0.37,36.73,929.4,0.207,3.2,2.5,21.035204,79.371239,2.08,Metamorphic_Schist,0,India
427.15,6.78,0.221,34.29,1228.6,0.272,1.63,2.42,21.78042,80.266063,5.8,Metamorphic_Schist,0,India
436.55,7.91,0.371,36.79,892.3,0.333,3.12,2.31,21.662814,79.284119,3.72,Sedimentary_Mn_Oxide,1,India
434.64,3.39,0.498,29.68,1165.2,0.357,2.52,1.37,21.504436,80.429584,4.92,Metamorphic_Schist,0,India
416.09,7.59,0.2,36.03,1242.9,0.242,1.68,2.01,21.83791,80.199466,5.74,Metamorphic_Schist,0,India
337.12,4.4,0.214,30.59,1184.8,0.209,2.71,1.75,21.161756,79.833608,3.18,Metamorphic_Schist,0,India
405.66,3.91,0.302,30.1,1071.5,0.202,3.13,2.43,21.95834,79.6229,4.76,Metamorphic_Schist,0,India
406.06,1.56,0.225,29.0,1125.3,0.218,3.15,1.91,21.892735,79.715762,4.58,Sedimentary_Mn_Oxide,1,India
457.47,3.79,0.412,30.0,1173.1,0.344,2.07,1.6,21.634354,79.808072,5.13,Sedimentary_Mn_Oxide,1,India
417.69,6.72,0.209,34.16,1227.5,0.261,1.72,2.38,21.800218,80.270208,5.57,Metamorphic_Schist,0,India
422.91,7.02,0.269,34.77,1232.9,0.298,3.09,1.69,21.734318,79.971576,5.11,Metamorphic_Schist,0,India
436.27,2.99,0.315,29.42,1093.5,0.316,1.82,1.34,21.700603,79.66016,3.46,Sedimentary_Mn_Oxide,1,India
345.96,4.32,0.208,30.5,1061.3,0.238,2.02,2.49,21.239076,79.60582,3.71,Sedimentary_Mn_Oxide,0,India
359.95,7.9,0.406,36.75,891.0,0.203,2.48,1.57,22.029437,79.280789,5.76,Metamorphic_Schist,0,India
378.05,7.15,0.345,35.05,972.5,0.2,3.07,2.33,21.988014,79.454446,2.4,Metamorphic_Schist,0,India
456.38,7.25,0.338,35.26,968.1,0.323,2.06,1.88,21.68492,79.446329,5.66,Sedimentary_Mn_Oxide,1,India
424.74,7.9,0.2,36.75,1023.3,0.244,1.6,1.92,21.833182,78.584528,5.49,Metamorphic_Schist,0,India
421.8,7.99,0.486,36.99,1043.5,0.359,3.16,1.33,21.564029,78.55057,0.88,Metamorphic_Schist,0,India
448.08,8.0,0.454,37.0,909.7,0.354,3.2,1.9,21.60014,79.327759,5.32,Sedimentary_Mn_Oxide,1,India
438.89,7.55,0.269,35.94,1242.2,0.298,2.91,1.86,21.734092,80.017352,5.79,Metamorphic_Schist,0,India
435.91,5.75,0.202,32.42,1209.9,0.237,2.4,2.35,21.84837,80.325256,0.82,Metamorphic_Schist,1,India
325.65,2.99,0.207,29.42,1093.6,0.213,1.81,2.36,21.17484,79.660194,5.11,Metamorphic_Schist,0,India
334.3,6.99,0.497,34.7,979.3,0.254,2.3,1.57,22.168846,79.466664,3.76,Metamorphic_Schist,1,India
434.2,5.01,0.498,31.34,913.7,0.36,2.65,2.15,21.53616,78.78975,5.43,Metamorphic_Schist,0,India
386.55,3.05,0.234,29.46,1158.5,0.215,3.2,2.44,21.90291,80.443033,5.35,Metamorphic_Schist,1,India
407.1,7.83,0.432,36.59,886.5,0.333,1.72,1.37,21.420468,79.267974,5.59,Sedimentary_Mn_Oxide,1,India
372.5,2.03,0.268,29.05,1137.7,0.273,3.08,1.82,21.304918,80.482829,2.22,Metamorphic_Schist,0,India
416.62,5.17,0.411,31.55,1199.3,0.344,1.82,2.14,21.63547,80.353291,1.96,Metamorphic_Schist,0,India
445.53,2.61,0.498,29.23,1149.7,0.36,2.03,1.39,21.535712,80.460311,1.76,Metamorphic_Schist,0,India
339.75,7.02,0.492,34.76,978.2,0.228,2.81,1.81,22.115222,79.464529,5.77,Metamorphic_Schist,1,India
434.31,1.51,0.249,29.0,1126.8,0.289,2.61,1.36,21.751244,79.718306,5.53,Sedimentary_Mn_Oxide,1,India
328.48,7.75,0.247,36.39,1245.6,0.202,3.2,1.32,21.124508,80.040823,5.32,Metamorphic_Schist,0,India
426.16,7.91,0.494,36.78,927.3,0.36,3.17,1.54,21.548811,79.366925,5.79,Sedimentary_Mn_Oxide,1,India
382.32,7.86,0.401,36.66,888.3,0.202,2.4,1.57,22.025954,79.273275,5.8,Metamorphic_Schist,0,India
436.34,6.12,0.372,33.04,939.5,0.333,1.85,1.43,21.662375,78.734859,1.6,Metamorphic_Schist,0,India
319.14,6.48,0.5,33.69,998.3,0.24,2.37,1.81,22.140139,79.499818,4.14,Metamorphic_Schist,0,India
402.81,6.27,0.298,33.31,1219.4,0.202,1.65,1.5,21.955907,79.923932,4.19,Metamorphic_Schist,0,India
389.38,7.99,0.494,36.97,1249.8,0.355,2.53,2.33,21.491169,80.095129,5.7,Metamorphic_Schist,0,India
409.11,7.18,0.208,35.1,975.5,0.261,1.64,1.51,21.800626,78.666996,5.8,Metamorphic_Schist,0,India
438.27,7.84,0.484,36.61,1247.2,0.359,3.2,2.4,21.566505,80.16621,3.06,Metamorphic_Schist,1,India
370.9,3.08,0.299,29.47,1091.4,0.286,3.07,2.41,21.328458,79.656561,5.51,Sedimentary_Mn_Oxide,1,India
419.54,7.2,0.214,35.16,866.6,0.224,1.83,1.99,21.878106,79.200252,5.7,Sedimentary_Mn_Oxide,0,India
372.18,6.31,0.259,33.38,1004.0,0.268,1.97,2.12,21.297254,79.509716,4.06,Sedimentary_Mn_Oxide,0,India
339.68,6.11,0.218,33.02,853.9,0.246,3.06,1.3,21.255553,79.129536,5.36,Sedimentary_Mn_Oxide,0,India
337.25,6.21,0.203,33.19,1218.3,0.216,1.63,1.74,21.186589,80.300923,4.17,Metamorphic_Schist,0,India
328.38,1.78,0.497,29.02,862.8,0.253,1.75,2.22,22.167178,78.943471,2.72,Metamorphic_Schist,1,India
362.08,6.67,0.393,34.06,1226.6,0.202,1.75,1.69,22.020566,79.947712,5.44,Metamorphic_Schist,0,India
438.9,7.82,0.496,36.57,1246.9,0.36,3.19,2.33,21.544325,80.169036,1.62,Metamorphic_Schist,1,India
427.51,7.71,0.406,36.31,943.6,0.343,2.78,1.82,21.638609,79.399992,1.66,Sedimentary_Mn_Oxide,1,India
378.8,7.94,0.361,36.86,1249.0,0.2,2.26,1.32,21.998197,80.077364,1.92,Metamorphic_Schist,1,India
433.71,6.17,0.312,33.13,1008.7,0.315,1.65,1.71,21.702434,79.517649,4.51,Sedimentary_Mn_Oxide,1,India
401.71,6.49,0.498,33.71,950.3,0.357,3.17,2.04,21.503421,78.713868,4.05,Metamorphic_Schist,1,India
402.96,5.68,0.474,32.31,851.7,0.347,1.63,2.02,21.460702,79.107235,4.59,Sedimentary_Mn_Oxide,1,India
445.06,3.6,0.439,29.84,1169.4,0.35,1.87,1.66,21.613547,79.80018,3.85,Sedimentary_Mn_Oxide,0,India
346.73,6.17,0.225,33.14,1217.7,0.251,1.78,1.43,21.264817,80.302685,2.98,Metamorphic_Schist,1,India
409.96,2.16,0.478,29.08,1140.4,0.349,2.58,1.3,21.465381,80.477845,5.19,Metamorphic_Schist,0,India
400.63,3.16,0.208,29.52,1089.6,0.228,3.13,2.01,21.867575,79.653487,1.51,Sedimentary_Mn_Oxide,1,India
321.34,5.47,0.389,31.98,851.0,0.21,1.78,1.96,21.022339,79.096672,3.03,Metamorphic_Schist,0,India
352.01,7.47,0.477,35.76,957.4,0.219,3.12,1.78,22.092051,79.426495,4.88,Metamorphic_Schist,1,India
434.93,6.73,0.226,34.18,1227.7,0.276,1.62,2.44,21.774563,80.269445,5.78,Metamorphic_Schist,0,India
322.16,8.0,0.208,37.0,1250.0,0.238,2.08,1.32,21.2385,80.113166,5.62,Metamorphic_Schist,0,India
319.36,7.51,0.306,35.84,1241.5,0.2,2.99,1.36,21.078345,80.012947,5.11,Metamorphic_Schist,0,India
432.87,5.1,0.214,31.45,850.2,0.266,3.15,1.97,21.791179,79.079159,4.2,Sedimentary_Mn_Oxide,0,India
434.38,5.97,0.396,32.79,1214.1,0.34,1.93,2.3,21.646028,80.313494,0.83,Metamorphic_Schist,1,India
412.92,5.24,0.254,31.65,918.4,0.209,3.11,1.65,21.921701,78.779225,5.68,Metamorphic_Schist,0,India
444.13,1.91,0.498,29.03,1135.1,0.357,2.15,1.31,21.504821,80.487703,2.67,Metamorphic_Schist,0,India
424.62,3.67,0.305,29.89,1170.7,0.312,2.72,1.35,21.707231,79.803059,5.14,Sedimentary_Mn_Oxide,0,India
388.42,6.82,0.283,34.36,985.9,0.204,2.9,2.48,21.945118,79.478286,4.14,Metamorphic_Schist,0,India
428.95,2.63,0.212,29.24,1150.1,0.225,3.19,2.5,21.874303,80.459526,5.73,Metamorphic_Schist,0,India
370.57,4.13,0.282,30.31,897.7,0.279,2.77,2.29,21.315464,78.828372,4.91,Sedimentary_Mn_Oxide,1,India
347.68,5.22,0.246,31.62,1200.2,0.262,2.2,1.48,21.285767,80.351135,5.54,Metamorphic_Schist,0,India
391.75,3.87,0.388,30.06,1174.6,0.318,3.19,1.33,21.388131,80.410049,1.95,Metamorphic_Schist,0,India
398.26,7.74,0.354,36.37,881.8,0.306,1.62,1.31,21.365349,79.253919,4.7,Sedimentary_Mn_Oxide,0,India
393.73,6.49,0.307,33.72,856.9,0.202,1.61,1.46,21.962347,79.151532,3.62,Metamorphic_Schist,0,India
349.0,7.7,0.274,36.29,880.3,0.275,1.92,1.32,21.309755,79.249322,0.88,Sedimentary_Mn_Oxide,0,India
337.09,2.96,0.447,29.4,880.9,0.209,2.1,1.97,22.061457,78.875782,5.58,Metamorphic_Schist,0,India
437.43,2.48,0.326,29.18,1147.1,0.319,1.86,2.02,21.693385,80.465315,4.78,Metamorphic_Schist,0,India
338.71,3.93,0.481,30.12,1071.0,0.221,2.01,2.38,22.097171,79.622014,1.57,Metamorphic_Schist,1,India
439.09,4.84,0.291,31.12,1193.2,0.307,1.65,2.4,21.717307,80.368182,5.8,Metamorphic_Schist,0,India
324.1,7.08,0.231,34.91,1234.0,0.204,2.18,1.76,21.139757,80.244884,5.34,Metamorphic_Schist,1,India
420.74,7.26,0.485,35.28,979.2,0.351,3.09,1.99,21.47408,78.660367,2.12,Metamorphic_Schist,0,India
320.45,3.32,0.295,29.63,853.2,0.2,1.79,1.4,21.086488,79.003494,3.16,Metamorphic_Schist,0,India
337.89,7.78,0.2,36.46,939.1,0.224,1.99,2.13,21.207114,79.391172,1.33,Sedimentary_Mn_Oxide,1,India
419.69,7.98,0.46,36.96,1061.2,0.355,3.18,1.3,21.594564,78.521213,1.54,Metamorphic_Schist,1,India
394.25,3.76,0.356,29.96,1075.3,0.307,3.15,2.21,21.36679,79.629293,5.8,Sedimentary_Mn_Oxide,1,India
422.86,6.63,0.2,33.98,954.8,0.241,2.02,1.54,21.839173,78.705131,3.73,Metamorphic_Schist,0,India
343.68,5.46,0.493,31.96,1204.6,0.229,2.15,2.34,22.117391,79.88149,2.74,Metamorphic_Schist,0,India
428.02,1.94,0.205,29.04,861.6,0.232,3.19,1.34,21.858872,78.949475,5.08,Sedimentary_Mn_Oxide,1,India
421.33,5.24,0.486,31.65,1200.6,0.359,2.45,1.82,21.564051,80.350134,4.62,Metamorphic_Schist,0,India
326.71,2.87,0.255,29.36,1096.2,0.201,1.6,2.13,21.117668,79.664764,5.6,Metamorphic_Schist,0,India
422.36,1.96,0.204,29.04,1136.3,0.233,3.2,1.67,21.856509,79.735751,3.26,Sedimentary_Mn_Oxide,1,India
397.04,6.59,0.431,33.9,857.9,0.332,1.65,1.65,21.419896,79.15728,4.2,Sedimentary_Mn_Oxide,1,India
303.81,1.52,0.368,29.0,1127.0,0.206,1.68,1.58,21.03684,79.718715,3.69,Metamorphic_Schist,0,India
337.39,4.21,0.412,30.39,1181.1,0.214,1.6,1.3,21.006251,79.825375,5.5,Metamorphic_Schist,0,India
409.02,3.11,0.48,29.49,1159.7,0.349,2.78,1.3,21.468238,80.44074,5.73,Metamorphic_Schist,0,India
429.75,2.65,0.408,29.25,1101.2,0.343,1.61,1.31,21.637577,79.673286,2.05,Sedimentary_Mn_Oxide,1,India
317.4,7.74,0.481,36.38,1008.0,0.27,2.47,2.1,22.198516,78.610373,3.92,Metamorphic_Schist,1,India
434.19,7.32,0.5,35.42,982.3,0.359,3.2,1.74,21.522671,78.654945,2.78,Metamorphic_Schist,0,India
345.41,6.34,0.446,33.43,945.7,0.209,3.0,2.41,22.060273,78.722756,2.16,Metamorphic_Schist,1,India
442.73,7.55,0.463,35.92,1242.1,0.355,2.94,2.42,21.592102,80.016576,3.8,Metamorphic_Schist,0,India
375.04,4.88,0.261,31.16,911.1,0.27,2.43,2.32,21.299515,78.79578,5.8,Metamorphic_Schist,0,India
332.16,1.63,0.408,29.0,864.1,0.214,1.81,1.49,21.00927,78.937357,5.65,Metamorphic_Schist,0,India
407.38,7.98,0.245,36.94,1249.6,0.211,1.85,1.46,21.913602,80.131823,4.87,Metamorphic_Schist,0,India
441.87,5.87,0.33,32.62,1018.0,0.321,1.65,1.61,21.690588,79.53343,4.57,Sedimentary_Mn_Oxide,1,India
409.45,7.51,0.244,35.83,955.6,0.212,2.28,2.46,21.912965,79.423202,5.71,Metamorphic_Schist,0,India
434.88,5.76,0.205,32.44,1210.2,0.257,2.95,1.31,21.808545,79.896591,5.73,Sedimentary_Mn_Oxide,1,India
380.52,7.57,0.309,35.98,1242.6,0.29,1.81,1.91,21.335113,80.019407,5.65,Metamorphic_Schist,0,India
402.97,5.8,0.454,32.51,1020.1,0.34,3.18,1.56,21.439169,79.537002,5.76,Sedimentary_Mn_Oxide,1,India
452.33,3.06,0.484,29.46,882.1,0.359,1.88,2.27,21.567143,78.871969,1.31,Sedimentary_Mn_Oxide,1,India
363.45,7.92,0.242,36.81,925.9,0.26,1.65,1.68,21.282371,79.363797,4.21,Sedimentary_Mn_Oxide,1,India
425.09,7.47,0.448,35.75,1240.8,0.352,2.9,2.41,21.606074,80.212025,5.79,Metamorphic_Schist,0,India
400.93,7.92,0.441,36.81,893.3,0.336,1.84,1.36,21.428063,79.286848,4.94,Sedimentary_Mn_Oxide,0,India
400.25,5.75,0.2,32.43,1021.6,0.243,2.28,2.25,21.836198,79.539558,5.72,Sedimentary_Mn_Oxide,1,India
432.28,1.57,0.207,29.0,865.9,0.26,3.01,1.44,21.802716,78.929713,5.19,Sedimentary_Mn_Oxide,0,India
433.98,7.26,0.413,35.29,979.4,0.344,2.55,1.36,21.633433,78.660108,5.06,Metamorphic_Schist,0,India
430.44,6.21,0.447,33.21,942.1,0.352,2.36,1.61,21.606685,78.729714,4.12,Metamorphic_Schist,0,India
432.83,1.62,0.239,29.0,866.3,0.284,2.66,1.59,21.760158,78.92773,2.81,Sedimentary_Mn_Oxide,1,India
373.39,5.58,0.257,32.16,1207.0,0.268,2.18,1.41,21.296034,80.333432,5.51,Metamorphic_Schist,0,India
394.0,5.2,0.258,31.59,917.4,0.208,3.13,1.66,21.925318,78.781343,5.75,Metamorphic_Schist,1,India
396.41,4.22,0.22,30.4,1063.7,0.221,3.08,2.23,21.885898,79.609862,2.29,Sedimentary_Mn_Oxide,1,India
376.65,6.23,0.392,33.23,942.5,0.319,2.85,2.46,21.391089,78.728966,4.48,Metamorphic_Schist,0,India
330.99,8.0,0.5,37.0,1051.9,0.243,3.17,2.08,22.146176,78.536614,4.55,Metamorphic_Schist,0,India
352.73,5.21,0.255,31.61,1037.3,0.267,2.28,2.3,21.294414,79.565848,1.75,Sedimentary_Mn_Oxide,1,India
420.45,7.95,0.241,36.87,895.5,0.285,2.33,2.5,21.758001,79.292888,4.69,Sedimentary_Mn_Oxide,0,India
408.67,4.14,0.493,30.32,850.6,0.355,1.69,2.35,21.489734,79.037249,3.6,Sedimentary_Mn_Oxide,0,India
350.69,7.43,0.217,35.65,987.6,0.246,1.61,2.48,21.254272,78.645606,3.5,Metamorphic_Schist,0,India
407.99,7.96,0.472,36.9,921.0,0.346,2.48,1.32,21.457559,79.353269,1.45,Sedimentary_Mn_Oxide,1,India
444.66,3.36,0.403,29.66,1164.7,0.342,1.6,1.9,21.641146,80.430637,5.24,Metamorphic_Schist,0,India
427.95,3.84,0.496,30.04,1073.3,0.36,2.26,1.43,21.544033,79.625885,5.04,Sedimentary_Mn_Oxide,0,India
399.85,7.08,0.269,34.89,1233.8,0.206,1.62,1.34,21.933774,79.975678,4.81,Metamorphic_Schist,1,India
375.16,7.85,0.256,36.64,887.9,0.267,1.92,1.38,21.294794,79.271895,0.89,Sedimentary_Mn_Oxide,0,India
356.31,7.2,0.207,35.16,1236.1,0.213,3.18,1.38,21.175965,79.985409,4.76,Metamorphic_Schist,1,India
357.79,7.49,0.202,35.79,1241.1,0.231,1.73,1.36,21.222732,80.210602,5.26,Metamorphic_Schist,0,India
346.36,7.99,0.5,36.98,903.7,0.242,3.19,1.32,22.145643,79.313504,3.74,Metamorphic_Schist,0,India
418.5,8.0,0.2,37.0,1052.4,0.246,1.66,2.08,21.830042,78.535861,3.97,Metamorphic_Schist,0,India
348.91,6.93,0.467,34.58,1231.2,0.215,2.33,1.91,22.080998,79.964895,1.35,Metamorphic_Schist,0,India
316.86,5.68,0.405,32.32,1208.8,0.213,1.75,1.32,21.011003,79.892771,5.41,Metamorphic_Schist,0,India
336.41,1.61,0.394,29.0,1128.9,0.211,1.79,2.37,21.018974,80.499023,5.58,Metamorphic_Schist,0,India
333.71,2.31,0.202,29.12,873.2,0.231,2.37,1.64,21.223716,78.901333,5.8,Sedimentary_Mn_Oxide,0,India
329.94,5.06,0.495,31.4,1197.2,0.231,2.08,1.36,22.122178,80.358513,5.62,Metamorphic_Schist,0,India
390.28,3.92,0.313,30.11,894.3,0.201,3.1,1.66,21.966228,78.8373,3.37,Metamorphic_Schist,0,India
342.64,2.4,0.496,29.15,1145.3,0.233,1.62,1.61,22.125854,80.468609,3.95,Metamorphic_Schist,0,India
330.93,3.57,0.5,29.81,1079.9,0.241,1.66,2.26,22.14335,79.637058,3.98,Metamorphic_Schist,1,India
383.75,7.63,0.44,36.12,1243.6,0.335,2.56,1.72,21.427395,80.195273,5.65,Metamorphic_Schist,0,India
401.74,6.12,0.25,33.05,854.0,0.21,1.88,1.57,21.918126,79.130321,5.78,Metamorphic_Schist,0,India
329.03,7.94,0.263,36.86,1070.0,0.201,3.19,2.41,21.110479,78.50646,4.94,Metamorphic_Schist,1,India
446.24,6.96,0.242,34.66,966.8,0.285,1.6,1.35,21.757574,78.682843,5.18,Metamorphic_Schist,0,India
429.97,3.38,0.201,29.67,1084.3,0.249,2.81,1.83,21.823054,79.644413,4.72,Sedimentary_Mn_Oxide,1,India
443.55,2.4,0.303,29.15,874.2,0.311,2.0,1.72,21.708993,78.897814,3.84,Sedimentary_Mn_Oxide,0,India
411.06,7.18,0.498,35.1,866.1,0.357,1.97,1.91,21.505481,79.198136,4.03,Sedimentary_Mn_Oxide,1,India
330.22,2.84,0.5,29.34,879.4,0.243,1.6,2.32,22.147702,78.880426,3.32,Metamorphic_Schist,0,India
403.27,7.49,0.428,35.78,1241.0,0.331,2.56,1.63,21.417735,80.210777,5.64,Metamorphic_Schist,0,India
381.2,7.92,0.398,36.81,925.7,0.321,1.97,1.32,21.395176,79.363523,4.03,Sedimentary_Mn_Oxide,1,India
383.19,6.95,0.4,34.62,1231.6,0.322,1.67,2.34,21.396627,79.966409,4.82,Metamorphic_Schist,0,India
403.4,8.0,0.294,36.99,1055.6,0.203,1.99,2.48,21.952933,78.530451,3.89,Metamorphic_Schist,0,India
365.79,5.73,0.333,32.38,1022.5,0.2,3.2,2.49,21.98012,79.540995,2.85,Metamorphic_Schist,1,India
384.37,6.44,0.392,33.62,856.5,0.319,1.82,1.56,21.391162,79.148399,1.93,Sedimentary_Mn_Oxide,1,India
342.76,7.55,0.499,35.94,994.8,0.25,2.69,2.32,22.160173,78.633033,2.4,Metamorphic_Schist,1,India
319.78,6.4,0.316,33.54,856.1,0.201,2.48,1.9,21.071731,79.1457,5.76,Metamorphic_Schist,0,India
351.61,6.01,0.201,32.85,1214.8,0.228,1.61,1.63,21.217347,80.311499,1.66,Metamorphic_Schist,0,India
340.96,6.23,0.491,33.23,1218.7,0.262,1.9,1.35,22.182827,80.299732,5.79,Metamorphic_Schist,0,India
363.51,8.0,0.389,37.0,1051.9,0.201,2.63,2.48,22.017521,78.536591,2.58,Metamorphic_Schist,0,India
322.02,4.38,0.27,30.57,850.2,0.2,2.17,1.45,21.104643,79.047318,5.46,Metamorphic_Schist,0,India
382.8,7.9,0.321,36.76,1248.3,0.294,1.63,1.77,21.343349,80.067332,4.12,Metamorphic_Schist,0,India
441.14,7.24,0.434,35.25,968.5,0.349,2.69,1.57,21.617619,79.447072,2.41,Sedimentary_Mn_Oxide,1,India
367.44,7.86,0.344,36.65,1018.7,0.2,2.69,2.46,21.987263,78.592195,3.04,Metamorphic_Schist,1,India
378.92,5.41,0.252,31.9,1031.6,0.21,3.07,2.46,21.92029,79.556363,2.38,Metamorphic_Schist,1,India
407.27,6.96,0.488,34.64,1231.8,0.352,1.72,2.5,21.479112,79.967141,2.32,Metamorphic_Schist,1,India
425.47,3.59,0.424,29.83,889.4,0.347,1.64,1.94,21.625772,78.850553,4.27,Sedimentary_Mn_Oxide,0,India
351.45,7.29,0.219,35.36,966.2,0.246,1.6,2.08,21.256097,79.44282,5.36,Sedimentary_Mn_Oxide,0,India
416.63,7.1,0.495,34.93,972.2,0.355,3.18,1.94,21.492932,78.67308,1.51,Metamorphic_Schist,0,India
388.56,7.88,0.43,36.72,1248.0,0.332,1.75,2.15,21.41946,80.063216,2.63,Metamorphic_Schist,0,India
373.8,7.9,0.26,36.75,891.0,0.269,1.85,1.39,21.298679,79.280767,1.62,Sedimentary_Mn_Oxide,1,India
366.33,7.68,0.254,36.23,1244.4,0.266,1.6,1.32,21.293068,80.189525,2.07,Metamorphic_Schist,0,India
412.09,3.59,0.497,29.82,1169.1,0.356,1.71,2.18,21.499917,79.799619,5.15,Sedimentary_Mn_Oxide,0,India
362.76,5.76,0.264,32.43,1210.1,0.271,2.18,1.38,21.301593,80.324722,5.5,Metamorphic_Schist,0,India
431.6,7.95,0.467,36.88,1031.9,0.356,3.2,1.32,21.587589,78.570025,3.34,Metamorphic_Schist,0,India
442.59,3.61,0.492,29.85,1078.7,0.36,2.11,1.42,21.553212,79.635085,5.53,Sedimentary_Mn_Oxide,0,India
431.93,7.99,0.263,36.97,1041.3,0.295,2.22,1.59,21.739049,78.55437,3.17,Metamorphic_Schist,0,India
459.11,7.99,0.233,36.98,1249.9,0.28,1.98,2.08,21.766796,80.123176,1.29,Metamorphic_Schist,0,India
333.0,6.01,0.271,32.84,1013.9,0.2,2.09,2.44,21.10427,79.526467,2.25,Metamorphic_Schist,1,India
391.89,6.22,0.441,33.22,1218.6,0.336,1.67,2.48,21.428271,79.921273,4.75,Metamorphic_Schist,0,India
425.88,7.9,0.499,36.75,1023.3,0.36,3.13,1.48,21.533736,78.584511,1.45,Metamorphic_Schist,1,India
366.91,5.6,0.27,32.18,851.4,0.274,2.83,1.39,21.306665,79.103068,5.78,Sedimentary_Mn_Oxide,1,India
359.56,7.96,0.26,36.91,920.2,0.269,1.62,1.57,21.298804,79.35153,4.63,Sedimentary_Mn_Oxide,1,India
331.51,8.0,0.49,36.99,911.8,0.263,2.94,1.3,22.185729,79.332686,5.75,Metamorphic_Schist,0,India
351.39,6.93,0.492,34.58,1231.2,0.228,2.78,1.3,22.114603,80.256301,1.63,Metamorphic_Schist,0,India
395.53,6.51,0.209,33.75,997.3,0.228,2.32,2.44,21.867973,79.498123,5.76,Sedimentary_Mn_Oxide,1,India
436.51,3.53,0.283,29.78,852.4,0.304,2.83,2.05,21.723592,79.012009,4.05,Sedimentary_Mn_Oxide,0,India
396.86,2.85,0.282,29.35,855.5,0.204,2.52,1.3,21.943991,78.984976,3.63,Metamorphic_Schist,0,India
414.61,6.37,0.261,33.48,1221.2,0.208,1.76,1.4,21.927568,79.929419,2.64,Metamorphic_Schist,0,India
435.27,6.5,0.234,33.73,857.0,0.281,3.05,2.32,21.765138,79.15191,2.8,Sedimentary_Mn_Oxide,1,India
352.0,4.57,0.485,30.79,1188.0,0.223,1.82,2.38,22.102831,79.840947,5.06,Metamorphic_Schist,0,India
329.12,7.6,0.494,36.03,876.4,0.258,3.2,1.36,22.175561,79.236525,2.32,Metamorphic_Schist,0,India
338.93,6.56,0.215,33.85,1224.7,0.244,2.98,1.79,21.251316,79.940981,1.93,Metamorphic_Schist,1,India
336.11,6.63,0.2,33.98,1225.9,0.224,1.62,1.57,21.206179,80.275987,4.01,Metamorphic_Schist,0,India
345.48,8.0,0.225,36.99,905.1,0.251,1.92,1.6,21.26457,79.316939,0.87,Sedimentary_Mn_Oxide,1,India
391.45,4.96,0.319,31.27,850.1,0.201,1.79,1.32,21.970002,79.072844,5.58,Metamorphic_Schist,0,India
422.37,7.99,0.232,36.97,902.5,0.28,2.13,2.49,21.767282,79.310586,5.47,Sedimentary_Mn_Oxide,1,India
337.61,7.17,0.21,35.08,865.9,0.24,2.84,1.38,21.242496,79.197398,5.79,Sedimentary_Mn_Oxide,0,India
336.73,7.99,0.488,36.99,904.4,0.264,3.01,1.3,22.18768,79.315105,5.58,Metamorphic_Schist,0,India
343.44,7.91,0.202,36.78,1025.0,0.229,2.01,2.49,21.220325,78.581592,5.74,Metamorphic_Schist,1,India
373.44,3.84,0.361,30.04,851.4,0.309,2.73,1.89,21.370468,79.024557,5.65,Sedimentary_Mn_Oxide,1,India
440.96,7.98,0.468,36.94,1063.1,0.356,3.16,1.3,21.586408,78.518044,0.83,Metamorphic_Schist,0,India
357.85,5.05,0.443,31.39,914.5,0.209,2.68,2.25,22.05808,78.787846,2.48,Metamorphic_Schist,0,India
425.95,2.01,0.435,29.05,1115.6,0.35,1.6,1.38,21.616341,79.698334,2.37,Sedimentary_Mn_Oxide,1,India
377.34,6.19,0.369,33.17,1007.9,0.2,3.2,2.42,22.003755,79.516394,3.33,Metamorphic_Schist,0,India
353.71,1.93,0.456,29.03,1117.3,0.212,1.82,2.5,22.069912,79.701368,1.94,Metamorphic_Schist,0,India
425.96,7.45,0.471,35.7,958.6,0.357,3.04,1.49,21.583163,79.428875,2.61,Sedimentary_Mn_Oxide,1,India
442.11,6.91,0.206,34.55,1231.0,0.258,2.6,1.4,21.806257,79.963977,5.25,Metamorphic_Schist,0,India
423.82,8.0,0.486,37.0,1250.0,0.359,3.14,2.47,21.563573,80.113919,1.29,Metamorphic_Schist,1,India
430.89,7.14,0.444,35.03,974.1,0.351,2.72,1.44,21.609,78.669596,5.61,Metamorphic_Schist,1,India
435.34,4.86,0.497,31.13,910.6,0.36,2.58,2.16,21.538861,78.796895,5.19,Metamorphic_Schist,0,India
443.83,7.91,0.205,36.77,927.7,0.258,1.64,2.49,21.807157,79.367679,4.26,Sedimentary_Mn_Oxide,1,India
317.73,6.79,0.343,34.29,1228.7,0.203,2.46,1.32,21.053468,79.955418,1.25,Metamorphic_Schist,0,India
338.01,6.62,0.484,33.97,993.2,0.223,2.77,1.97,22.101804,79.491045,5.72,Metamorphic_Schist,0,India
335.76,7.33,0.353,35.44,1238.3,0.204,3.07,2.13,21.046385,80.22495,3.03,Metamorphic_Schist,0,India
318.68,5.03,0.291,31.36,1042.4,0.2,1.95,2.29,21.089295,79.574288,1.01,Metamorphic_Schist,1,India
302.19,7.76,0.396,36.42,940.4,0.211,3.19,2.46,21.017741,79.393643,1.89,Metamorphic_Schist,0,India
420.85,6.7,0.206,34.13,990.2,0.23,2.2,2.45,21.863219,79.485836,5.56,Sedimentary_Mn_Oxide,0,India
406.27,6.46,0.267,33.66,998.8,0.207,2.92,2.5,21.932789,79.500795,3.98,Metamorphic_Schist,0,India
425.14,3.71,0.478,29.92,891.1,0.358,1.95,2.16,21.574475,78.845874,1.04,Sedimentary_Mn_Oxide,1,India
312.31,6.44,0.5,33.63,1222.5,0.241,2.72,2.29,22.142797,79.933887,3.23,Metamorphic_Schist,0,India
344.91,5.83,0.494,32.56,1019.2,0.231,2.32,2.03,22.120996,79.535429,3.88,Metamorphic_Schist,0,India
440.18,7.1,0.411,34.94,864.8,0.344,3.05,2.43,21.635006,79.192292,5.43,Sedimentary_Mn_Oxide,1,India
382.19,2.45,0.344,29.17,1146.3,0.302,3.08,2.49,21.358499,79.75444,3.13,Sedimentary_Mn_Oxide,1,India
406.23,6.72,0.437,34.15,989.7,0.334,2.95,1.47,21.424317,79.484995,4.87,Sedimentary_Mn_Oxide,0,India
379.03,6.89,0.25,34.51,983.0,0.265,1.75,2.03,21.290125,79.473148,5.43,Sedimentary_Mn_Oxide,1,India
390.58,1.92,0.387,29.03,869.1,0.318,3.11,2.32,21.387958,78.916407,5.01,Sedimentary_Mn_Oxide,1,India
336.74,7.71,0.49,36.3,1245.0,0.263,3.19,2.15,22.184517,80.035691,4.98,Metamorphic_Schist,0,India
432.53,8.0,0.2,36.99,1054.9,0.243,1.65,2.12,21.836255,78.531681,4.16,Metamorphic_Schist,0,India
303.76,2.13,0.364,29.07,1112.9,0.206,1.75,1.67,21.039615,79.693691,2.78,Metamorphic_Schist,0,India
328.97,5.76,0.2,32.43,852.0,0.222,3.19,1.33,21.202148,79.111078,1.6,Sedimentary_Mn_Oxide,1,India
378.37,1.98,0.349,29.04,1136.6,0.304,3.19,1.57,21.362355,80.484974,3.6,Metamorphic_Schist,0,India
325.15,3.94,0.282,30.13,1070.7,0.2,1.71,2.18,21.095426,79.62155,3.3,Metamorphic_Schist,0,India
324.62,7.66,0.291,36.17,878.5,0.2,3.11,2.16,21.089062,79.243422,1.85,Metamorphic_Schist,0,India
428.61,7.77,0.204,36.44,883.3,0.256,2.07,2.42,21.809551,79.258515,5.65,Sedimentary_Mn_Oxide,0,India
333.74,4.73,0.22,30.97,1050.6,0.207,1.6,2.45,21.153416,79.587968,5.15,Metamorphic_Schist,0,India
332.41,4.45,0.477,30.65,1185.7,0.219,1.73,2.36,22.091787,79.835622,5.53,Metamorphic_Schist,0,India
345.03,5.39,0.211,31.87,1203.4,0.241,1.81,1.62,21.244193,80.342733,3.38,Metamorphic_Schist,0,India
366.86,3.8,0.349,30.0,1173.2,0.2,2.93,2.05,21.990309,80.413095,1.44,Metamorphic_Schist,1,India
377.31,2.25,0.371,29.11,859.3,0.2,2.09,1.45,22.0054,78.961374,5.6,Metamorphic_Schist,0,India
341.69,7.62,0.208,36.09,1243.4,0.212,2.17,1.47,21.172614,80.196409,5.36,Metamorphic_Schist,0,India
345.18,5.05,0.227,31.38,1197.0,0.205,2.73,1.58,21.144638,79.862228,3.31,Metamorphic_Schist,0,India
389.93,7.98,0.368,36.96,901.0,0.311,1.64,1.3,21.375091,79.306746,5.8,Sedimentary_Mn_Oxide,0,India
425.33,1.9,0.341,29.03,1135.0,0.324,1.9,1.89,21.682795,80.48781,4.57,Metamorphic_Schist,0,India
328.37,5.19,0.497,31.58,850.4,0.254,2.56,1.74,22.169001,79.083551,5.64,Metamorphic_Schist,0,India
431.95,6.75,0.202,34.21,1228.0,0.236,2.25,1.31,21.849966,79.952645,3.44,Metamorphic_Schist,0,India
302.74,7.45,0.485,35.71,958.4,0.268,2.31,1.4,22.193273,79.428452,3.82,Metamorphic_Schist,0,India
428.93,2.27,0.224,29.11,1142.6,0.274,2.98,1.36,21.77723,79.747536,3.44,Sedimentary_Mn_Oxide,1,India
369.86,7.93,0.397,36.82,1248.7,0.202,2.91,1.3,22.023128,80.148602,4.59,Metamorphic_Schist,1,India
340.54,6.34,0.467,33.44,1002.9,0.215,2.85,2.12,22.081031,79.507754,5.8,Metamorphic_Schist,1,India
366.46,7.21,0.288,35.18,1236.2,0.281,1.84,1.31,21.320252,80.235083,3.65,Metamorphic_Schist,0,India
358.11,5.02,0.226,31.34,1042.7,0.251,2.06,2.41,21.265058,79.574891,3.37,Sedimentary_Mn_Oxide,1,India
353.18,3.32,0.479,29.62,885.5,0.22,1.9,2.17,22.095165,78.861752,5.79,Metamorphic_Schist,0,India
336.74,4.17,0.201,30.35,898.4,0.219,1.73,1.75,21.19381,78.826681,2.44,Metamorphic_Schist,1,India
412.73,5.76,0.204,32.44,930.2,0.255,2.06,1.35,21.811506,78.753802,3.43,Metamorphic_Schist,0,India
431.33,7.24,0.201,35.25,867.4,0.237,2.06,2.15,21.846973,79.203441,5.66,Sedimentary_Mn_Oxide,0,India
444.26,1.52,0.35,29.0,1126.2,0.327,1.92,1.31,21.676673,79.717272,4.3,Sedimentary_Mn_Oxide,0,India
434.46,4.62,0.453,30.85,1189.0,0.353,1.94,1.9,21.601726,80.377986,0.93,Metamorphic_Schist,0,India
436.09,2.32,0.361,29.13,1108.7,0.33,1.74,1.3,21.669759,79.686291,2.56,Sedimentary_Mn_Oxide,1,India
364.87,5.38,0.201,31.84,1032.7,0.229,1.68,2.48,21.218227,79.558211,5.74,Sedimentary_Mn_Oxide,1,India
354.1,6.68,0.274,34.08,1226.8,0.275,1.95,1.31,21.309692,80.272897,4.48,Metamorphic_Schist,0,India
352.96,6.74,0.249,34.2,1227.9,0.264,2.61,1.93,21.289263,79.952386,3.0,Metamorphic_Schist,1,India
421.89,7.58,0.2,36.0,1242.7,0.24,1.69,2.0,21.840723,80.200984,5.68,Metamorphic_Schist,0,India
403.77,5.47,0.496,31.99,1204.9,0.356,3.05,1.56,21.49778,80.339009,5.4,Metamorphic_Schist,0,India
321.99,6.28,0.499,33.32,944.0,0.249,2.12,2.48,22.158837,78.726022,5.52,Metamorphic_Schist,0,India
330.74,5.72,0.403,32.38,1209.5,0.213,2.85,2.47,21.01249,80.326429,1.02,Metamorphic_Schist,0,India
397.02,4.75,0.274,31.0,908.6,0.205,3.2,1.65,21.938374,78.801578,5.64,Metamorphic_Schist,0,India
468.21,7.85,0.27,36.63,887.6,0.298,2.7,2.49,21.733519,79.271019,2.31,Sedimentary_Mn_Oxide,1,India
413.52,7.6,0.368,36.04,997.6,0.332,2.45,1.3,21.664923,78.628231,4.61,Metamorphic_Schist,0,India
383.37,7.92,0.416,36.81,893.1,0.327,1.72,1.32,21.408262,79.286411,5.59,Sedimentary_Mn_Oxide,0,India
424.49,6.2,0.418,33.19,854.6,0.345,2.73,2.49,21.630285,79.134696,3.35,Sedimentary_Mn_Oxide,1,India
327.25,1.97,0.495,29.04,1136.4,0.258,1.69,1.47,22.174917,80.485375,1.9,Metamorphic_Schist,1,India
313.49,4.69,0.411,30.92,850.0,0.214,1.62,1.9,21.006883,79.060549,1.46,Metamorphic_Schist,0,India
394.05,3.24,0.454,29.57,1087.8,0.34,3.02,1.95,21.439053,79.650349,2.36,Sedimentary_Mn_Oxide,1,India
375.02,6.08,0.366,32.98,1216.1,0.31,2.75,1.31,21.373813,80.307634,5.03,Metamorphic_Schist,0,India
350.6,3.5,0.418,29.76,1081.6,0.204,2.45,2.5,22.03789,79.639843,4.61,Metamorphic_Schist,0,India
332.07,7.23,0.233,35.21,867.1,0.204,3.18,1.78,21.138635,79.202151,1.39,Metamorphic_Schist,1,India
336.89,7.92,0.5,36.8,1073.7,0.248,3.2,1.91,22.155916,78.500171,5.18,Metamorphic_Schist,0,India
416.89,4.93,0.254,31.23,1045.2,0.209,3.14,2.42,21.92135,79.578966,1.2,Metamorphic_Schist,0,India
356.07,6.07,0.5,32.95,1215.8,0.245,2.66,2.37,22.151052,79.912696,2.84,Metamorphic_Schist,0,India
424.31,7.33,0.465,35.43,1238.3,0.356,2.95,2.34,21.590032,80.225169,5.74,Metamorphic_Schist,0,India
415.22,7.98,0.212,36.96,1039.6,0.265,1.77,1.83,21.793472,78.557218,2.52,Metamorphic_Schist,0,India
420.96,6.23,0.497,33.24,1218.8,0.356,3.16,1.69,21.499448,80.299382,4.37,Metamorphic_Schist,0,India
334.56,1.81,0.244,29.02,1133.1,0.202,1.71,2.48,21.126747,80.491289,2.11,Metamorphic_Schist,0,India
362.19,1.69,0.295,29.01,1130.6,0.284,3.2,2.5,21.325631,79.725338,5.57,Sedimentary_Mn_Oxide,1,India
429.42,7.44,0.49,35.68,988.3,0.36,3.16,1.56,21.556753,78.644318,4.43,Metamorphic_Schist,0,India
318.86,6.47,0.349,33.67,998.7,0.204,2.76,2.35,21.04954,79.500571,5.7,Metamorphic_Schist,1,India
452.0,1.59,0.312,29.0,1128.5,0.315,2.13,1.94,21.702792,80.499737,2.9,Metamorphic_Schist,0,India
428.32,5.2,0.499,31.59,917.4,0.36,2.74,2.14,21.53135,78.781312,5.67,Metamorphic_Schist,0,India
390.83,7.97,0.34,36.93,1036.1,0.2,2.49,2.49,21.984656,78.563074,1.47,Metamorphic_Schist,1,India
412.1,7.2,0.5,35.15,1236.0,0.359,2.11,2.49,21.5206,79.985096,5.28,Metamorphic_Schist,0,India
347.15,8.0,0.318,37.0,1250.0,0.201,3.2,1.63,21.070358,80.114543,5.47,Metamorphic_Schist,0,India
385.5,7.21,0.253,35.17,1236.2,0.21,2.52,1.75,21.920764,80.235299,1.75,Metamorphic_Schist,0,India
436.0,2.49,0.315,29.18,857.7,0.316,2.37,2.02,21.700411,78.970636,1.06,Sedimentary_Mn_Oxide,1,India
437.01,5.53,0.455,32.07,1028.3,0.354,2.21,1.31,21.599098,79.550795,5.23,Sedimentary_Mn_Oxide,1,India
435.05,7.43,0.373,35.66,1240.1,0.334,2.37,2.5,21.661679,80.216102,4.19,Metamorphic_Schist,0,India
419.28,4.9,0.497,31.18,911.4,0.36,2.57,2.14,21.541122,78.795051,5.15,Metamorphic_Schist,0,India
322.26,3.21,0.247,29.55,1161.6,0.202,2.06,1.74,21.124446,79.78435,3.44,Metamorphic_Schist,0,India
356.49,2.59,0.261,29.22,857.1,0.27,3.2,1.73,21.299676,78.974477,2.07,Sedimentary_Mn_Oxide,1,India
355.06,5.12,0.2,31.48,1198.4,0.222,3.12,1.82,21.201009,79.865692,5.73,Sedimentary_Mn_Oxide,1,India
380.99,5.23,0.381,31.63,1200.4,0.201,3.06,1.72,22.012039,80.3506,2.88,Metamorphic_Schist,1,India
317.27,7.98,0.411,36.95,1249.7,0.214,3.03,1.98,21.006749,80.129497,5.32,Metamorphic_Schist,0,India
393.12,7.63,0.389,36.12,948.5,0.318,2.19,1.41,21.389392,79.409643,2.41,Sedimentary_Mn_Oxide,1,India
427.18,4.89,0.303,31.17,1194.0,0.311,1.62,2.38,21.709021,80.366247,5.77,Metamorphic_Schist,0,India
361.46,7.95,0.247,36.88,896.4,0.263,1.86,1.46,21.287467,79.295049,1.49,Sedimentary_Mn_Oxide,1,India
370.08,7.58,0.225,36.0,875.9,0.251,2.42,1.39,21.264202,79.23498,4.42,Sedimentary_Mn_Oxide,1,India
406.1,7.09,0.497,34.92,1234.1,0.356,3.19,1.89,21.499789,80.24448,2.04,Metamorphic_Schist,0,India
369.29,5.96,0.236,32.77,1213.9,0.257,2.96,2.03,21.276664,79.907148,1.72,Metamorphic_Schist,0,India
411.2,7.18,0.499,35.11,866.2,0.357,1.98,1.91,21.506107,79.198405,3.98,Sedimentary_Mn_Oxide,1,India
398.94,7.72,0.322,36.33,881.2,0.201,1.82,1.73,21.972561,79.252077,3.46,Metamorphic_Schist,0,India
403.67,6.66,0.262,34.04,991.9,0.208,2.82,2.5,21.928263,79.488684,4.65,Metamorphic_Schist,0,India
369.79,7.89,0.405,36.74,929.1,0.203,2.98,1.88,22.029032,79.370642,3.41,Metamorphic_Schist,1,India
381.88,6.66,0.386,34.05,1226.5,0.317,2.67,1.37,21.387387,80.273797,5.35,Metamorphic_Schist,0,India
406.38,7.3,0.451,35.37,965.9,0.339,2.83,1.35,21.436412,79.442398,4.04,Sedimentary_Mn_Oxide,1,India
435.49,5.49,0.211,32.01,1205.2,0.264,3.08,1.31,21.795952,79.883134,5.21,Sedimentary_Mn_Oxide,1,India
343.79,4.8,0.235,31.07,1192.5,0.257,3.16,2.21,21.275485,79.851256,4.25,Sedimentary_Mn_Oxide,1,India
422.0,6.8,0.489,34.32,960.6,0.353,3.19,2.08,21.48079,78.694249,1.66,Metamorphic_Schist,0,India
413.12,5.41,0.496,31.9,1203.8,0.356,1.6,2.41,21.495816,79.879509,2.35,Sedimentary_Mn_Oxide,1,India
437.79,2.18,0.247,29.09,871.8,0.288,2.45,1.56,21.752459,78.906257,1.22,Sedimentary_Mn_Oxide,1,India
426.6,5.18,0.247,31.57,917.2,0.288,1.76,1.31,21.75256,78.781973,5.38,Metamorphic_Schist,0,India
426.89,4.61,0.448,30.83,906.0,0.352,1.91,1.89,21.605825,78.807824,1.01,Sedimentary_Mn_Oxide,1,India
392.74,5.5,0.344,32.04,1029.0,0.303,2.79,1.98,21.358922,79.551976,3.78,Sedimentary_Mn_Oxide,0,India
400.15,7.99,0.471,36.96,916.0,0.346,2.4,1.33,21.456224,79.342182,0.8,Sedimentary_Mn_Oxide,1,India
367.16,1.71,0.332,29.01,863.4,0.298,3.18,2.09,21.351097,78.940669,3.99,Sedimentary_Mn_Oxide,1,India
352.37,7.06,0.5,34.85,1233.5,0.242,2.56,1.35,22.144997,80.246953,3.33,Metamorphic_Schist,0,India
437.74,7.11,0.373,34.96,864.9,0.334,3.16,2.48,21.661622,79.192781,5.8,Sedimentary_Mn_Oxide,1,India
360.95,5.65,0.457,32.26,927.6,0.212,2.73,2.37,22.070554,78.759417,2.02,Metamorphic_Schist,1,India
428.32,6.58,0.2,33.89,994.6,0.245,1.96,2.35,21.830709,79.493387,4.54,Sedimentary_Mn_Oxide,0,India
342.86,6.62,0.493,33.96,993.4,0.26,2.05,1.61,22.179572,79.491296,1.92,Metamorphic_Schist,1,India
316.22,4.42,0.217,30.61,1185.1,0.208,2.68,1.73,21.157924,79.834213,2.95,Metamorphic_Schist,0,India
430.9,5.75,0.494,32.42,852.0,0.36,1.85,2.36,21.547163,79.110737,4.87,Sedimentary_Mn_Oxide,0,India
402.1,1.68,0.448,29.01,866.8,0.338,2.75,2.43,21.433841,78.925691,5.69,Sedimentary_Mn_Oxide,1,India
447.16,7.78,0.398,36.47,1246.2,0.34,2.78,2.5,21.644415,80.175761,5.73,Metamorphic_Schist,0,India
424.18,6.53,0.202,33.79,1224.1,0.236,2.14,2.23,21.849347,80.282008,2.81,Metamorphic_Schist,0,India
321.82,6.03,0.404,32.88,937.1,0.213,2.93,1.35,21.011861,78.739805,1.41,Metamorphic_Schist,1,India
368.43,5.25,0.396,31.66,1036.4,0.202,3.0,2.46,22.02207,79.564347,5.6,Metamorphic_Schist,1,India
373.03,6.15,0.349,33.09,1009.2,0.304,2.62,1.85,21.36203,79.518608,2.52,Sedimentary_Mn_Oxide,1,India
444.87,2.82,0.361,29.33,1097.3,0.33,1.68,1.3,21.669744,79.666684,1.62,Sedimentary_Mn_Oxide,1,India
427.1,4.69,0.216,30.93,850.0,0.268,3.19,1.92,21.787908,79.060776,4.95,Sedimentary_Mn_Oxide,0,India
368.45,4.65,0.381,30.87,906.7,0.201,2.95,1.98,22.012129,78.806193,1.61,Metamorphic_Schist,0,India
421.05,5.49,0.481,32.01,851.0,0.35,1.62,2.1,21.469391,79.097579,4.69,Sedimentary_Mn_Oxide,1,India
323.82,7.83,0.493,36.58,1247.0,0.23,3.13,1.43,22.118677,80.168718,3.82,Metamorphic_Schist,0,India
422.11,7.93,0.496,36.82,1248.7,0.356,2.44,2.4,21.496877,80.073317,5.79,Metamorphic_Schist,0,India
368.42,4.87,0.378,31.15,850.0,0.201,1.63,1.3,22.009836,79.06882,4.07,Metamorphic_Schist,0,India
449.34,1.89,0.227,29.03,1118.1,0.277,2.71,1.44,21.772838,79.702837,5.18,Sedimentary_Mn_Oxide,1,India
378.35,5.15,0.355,31.52,1198.9,0.306,2.93,1.31,21.365916,80.354294,3.86,Metamorphic_Schist,0,India
365.39,1.93,0.3,29.03,861.7,0.286,3.2,1.96,21.329053,78.948934,2.94,Sedimentary_Mn_Oxide,1,India
334.16,2.06,0.5,29.06,870.5,0.244,1.61,2.24,22.148905,78.911117,1.81,Metamorphic_Schist,0,India
415.92,7.83,0.475,36.59,886.6,0.347,1.99,1.49,21.46117,79.268269,3.89,Sedimentary_Mn_Oxide,1,India
435.6,7.28,0.483,35.32,1237.4,0.359,3.07,2.24,21.567399,80.229529,5.29,Metamorphic_Schist,0,India
347.77,7.9,0.499,36.75,928.8,0.239,3.08,1.42,22.139169,79.369911,5.25,Metamorphic_Schist,0,India
457.27,5.14,0.262,31.51,850.3,0.295,3.17,2.21,21.739811,79.080986,5.79,Sedimentary_Mn_Oxide,0,India
398.31,6.19,0.465,33.17,854.5,0.344,1.61,1.87,21.449743,79.134182,4.91,Sedimentary_Mn_Oxide,1,India
414.83,6.84,0.217,34.4,985.1,0.222,2.32,2.49,21.881739,79.476906,5.76,Sedimentary_Mn_Oxide,0,India
323.78,2.43,0.497,29.16,1145.9,0.234,1.62,1.6,22.12859,80.467603,3.83,Metamorphic_Schist,0,India
369.5,5.51,0.229,32.04,851.1,0.253,3.09,1.33,21.269076,79.098683,5.11,Sedimentary_Mn_Oxide,1,India
347.94,7.84,0.242,36.61,1247.2,0.261,2.03,1.55,21.282843,80.054782,5.71,Metamorphic_Schist,0,India
390.84,5.97,0.375,32.78,853.1,0.201,1.61,1.31,22.007879,79.121913,1.85,Metamorphic_Schist,0,India
408.34,7.16,0.494,35.07,1235.4,0.355,3.17,1.86,21.490942,80.238943,1.12,Metamorphic_Schist,0,India
394.7,3.75,0.456,29.95,1075.6,0.341,3.08,1.87,21.441404,79.629737,3.15,Sedimentary_Mn_Oxide,1,India
425.02,2.95,0.303,29.4,1156.5,0.311,2.56,1.32,21.709167,79.774133,5.63,Sedimentary_Mn_Oxide,1,India
405.11,1.93,0.291,29.03,861.7,0.203,2.68,1.34,21.950571,78.948954,2.47,Metamorphic_Schist,0,India
434.65,1.98,0.473,29.04,1136.7,0.357,1.6,1.6,21.580521,79.736436,3.09,Sedimentary_Mn_Oxide,1,India
364.92,6.42,0.288,33.58,1222.1,0.281,2.13,1.31,21.320443,80.288867,5.36,Metamorphic_Schist,0,India
326.51,7.97,0.345,36.92,1249.4,0.203,3.2,1.79,21.052069,80.136164,5.57,Metamorphic_Schist,0,India
412.76,5.89,0.481,32.65,1212.5,0.358,2.07,2.21,21.570386,79.903249,5.11,Metamorphic_Schist,0,India
364.64,4.18,0.256,30.36,850.6,0.267,3.15,1.51,21.294837,79.03856,4.48,Sedimentary_Mn_Oxide,1,India
443.47,2.59,0.348,29.22,876.3,0.327,1.75,1.84,21.678111,78.890427,5.44,Sedimentary_Mn_Oxide,1,India
420.35,7.05,0.5,34.82,977.0,0.359,3.19,1.3,21.517337,79.462408,5.07,Sedimentary_Mn_Oxide,1,India
329.1,7.99,0.347,36.99,904.2,0.204,3.14,2.45,21.0506,79.314724,1.18,Metamorphic_Schist,1,India
406.53,8.0,0.233,36.99,1054.2,0.215,1.68,2.37,21.901916,78.532856,5.73,Metamorphic_Schist,0,India
412.64,4.37,0.208,30.56,901.8,0.228,2.94,1.37,21.867705,78.818076,4.81,Sedimentary_Mn_Oxide,0,India
330.67,1.57,0.201,29.0,864.6,0.227,2.5,1.5,21.214054,78.935374,5.74,Sedimentary_Mn_Oxide,1,India
434.61,3.75,0.385,29.96,1172.4,0.337,2.24,1.52,21.653423,79.80646,5.64,Sedimentary_Mn_Oxide,1,India
387.35,2.77,0.291,29.3,1152.8,0.203,3.02,2.34,21.950487,80.454271,2.35,Metamorphic_Schist,1,India
321.68,6.0,0.233,32.84,936.4,0.204,1.83,1.79,21.138048,78.741087,5.69,Metamorphic_Schist,0,India
418.96,1.99,0.479,29.05,861.2,0.349,2.29,2.46,21.46647,78.951499,3.67,Sedimentary_Mn_Oxide,0,India
356.56,7.8,0.359,36.51,1246.5,0.2,2.83,1.33,21.997318,80.173185,4.09,Metamorphic_Schist,1,India
422.77,2.96,0.492,29.4,854.9,0.354,1.88,2.44,21.48813,78.989118,1.25,Sedimentary_Mn_Oxide,1,India
452.88,6.92,0.284,34.56,861.9,0.304,3.16,2.47,21.72285,79.178915,4.3,Sedimentary_Mn_Oxide,1,India
422.48,3.29,0.408,29.6,1163.2,0.343,1.98,1.52,21.637283,79.787479,4.67,Sedimentary_Mn_Oxide,1,India
384.92,6.35,0.346,33.46,855.7,0.2,1.6,1.37,21.988201,79.143202,2.25,Metamorphic_Schist,0,India
309.12,4.19,0.42,30.37,850.5,0.216,1.6,1.86,21.000335,79.039178,2.95,Metamorphic_Schist,0,India
342.2,3.54,0.23,29.79,888.6,0.254,2.51,2.03,21.2706,78.85275,5.72,Sedimentary_Mn_Oxide,1,India
402.11,2.27,0.252,29.11,1142.6,0.21,3.11,2.46,21.919563,80.473817,3.55,Metamorphic_Schist,1,India
308.3,4.6,0.26,30.82,1188.5,0.201,1.71,2.32,21.113315,80.379159,5.16,Metamorphic_Schist,0,India
316.52,7.41,0.276,35.62,960.5,0.2,2.72,2.5,21.100188,79.432388,5.61,Metamorphic_Schist,0,India
357.77,7.92,0.23,36.8,892.7,0.254,2.05,1.49,21.269921,79.285387,1.9,Sedimentary_Mn_Oxide,1,India
434.02,7.71,0.271,36.29,1244.9,0.299,1.92,2.39,21.732437,80.186189,0.88,Metamorphic_Schist,1,India
422.12,4.4,0.498,30.59,850.2,0.36,1.61,2.45,21.536303,79.048108,5.73,Sedimentary_Mn_Oxide,0,India
411.23,4.78,0.269,31.04,1192.1,0.206,3.19,2.16,21.93428,80.370921,5.72,Metamorphic_Schist,0,India
403.35,1.75,0.245,29.01,1131.8,0.211,3.0,1.96,21.913653,79.727478,5.6,Metamorphic_Schist,0,India
372.0,7.98,0.379,36.95,1038.4,0.315,1.79,2.06,21.382517,78.55911,3.15,Metamorphic_Schist,0,India
318.9,7.93,0.211,36.82,1248.7,0.211,2.52,1.38,21.168105,80.148562,3.62,Metamorphic_Schist,0,India
324.2,6.06,0.3,32.93,1012.3,0.2,2.31,2.39,21.082356,79.523739,3.83,Metamorphic_Schist,1,India
426.37,4.48,0.21,30.68,903.7,0.227,2.94,1.39,21.871176,78.813433,4.83,Sedimentary_Mn_Oxide,0,India
396.68,6.96,0.288,34.65,862.6,0.204,1.6,1.6,21.9483,79.182149,3.21,Metamorphic_Schist,0,India
387.28,7.95,0.403,36.87,895.5,0.323,1.69,1.31,21.399073,79.292884,5.68,Sedimentary_Mn_Oxide,0,India
447.87,2.04,0.316,29.05,860.8,0.316,2.25,1.96,21.69989,78.953149,1.97,Sedimentary_Mn_Oxide,1,India
340.81,5.32,0.44,31.76,1202.0,0.208,2.77,1.53,22.055608,80.346478,1.71,Metamorphic_Schist,1,India
371.12,2.78,0.436,29.31,1153.0,0.207,1.68,2.4,22.051858,79.767288,3.7,Metamorphic_Schist,0,India
446.7,7.39,0.29,35.58,961.4,0.307,1.86,2.08,21.717968,79.433997,5.76,Sedimentary_Mn_Oxide,0,India
380.0,7.99,0.354,36.98,903.3,0.306,1.62,1.31,21.365354,79.312523,5.78,Sedimentary_Mn_Oxide,1,India
406.5,2.55,0.456,29.21,1103.6,0.341,2.88,2.04,21.441382,79.677415,0.86,Sedimentary_Mn_Oxide,1,India
381.21,6.59,0.355,33.91,1225.2,0.306,1.96,2.29,21.365879,79.942831,5.79,Metamorphic_Schist,0,India
406.77,7.76,0.473,36.41,1009.0,0.347,2.75,1.87,21.458888,78.608578,5.04,Metamorphic_Schist,0,India
423.52,4.32,0.498,30.5,1183.2,0.36,2.45,1.56,21.537348,80.391245,4.59,Metamorphic_Schist,0,India
353.82,6.66,0.28,34.05,991.7,0.278,1.99,1.97,21.314424,79.488432,3.88,Sedimentary_Mn_Oxide,1,India
394.9,7.95,0.337,36.87,1069.2,0.2,2.12,2.5,21.98268,78.507733,2.97,Metamorphic_Schist,0,India
405.42,3.33,0.201,29.63,885.7,0.238,2.98,1.3,21.844908,78.861131,5.06,Sedimentary_Mn_Oxide,1,India
443.24,7.99,0.215,36.98,1249.9,0.267,1.93,1.89,21.789591,80.099605,0.84,Metamorphic_Schist,0,India
437.07,6.19,0.407,33.16,941.5,0.343,2.06,1.49,21.638201,78.731048,1.99,Metamorphic_Schist,0,India
425.7,7.8,0.48,36.51,1246.5,0.358,3.19,2.4,21.572138,80.17335,3.73,Metamorphic_Schist,0,India
426.08,7.28,0.497,35.32,868.1,0.36,2.34,2.05,21.540672,79.206395,1.26,Sedimentary_Mn_Oxide,1,India
348.49,2.14,0.266,29.08,1139.9,0.272,3.18,2.49,21.30299,79.742435,5.76,Sedimentary_Mn_Oxide,0,India
330.1,5.78,0.409,32.48,1020.7,0.214,2.89,2.07,21.008583,79.53799,5.8,Metamorphic_Schist,1,India
425.74,7.94,0.201,36.85,1029.2,0.249,1.61,1.91,21.822841,78.57448,4.91,Metamorphic_Schist,0,India
332.69,2.44,0.269,29.17,874.7,0.2,1.6,1.31,21.105539,78.896159,2.26,Metamorphic_Schist,0,India
422.54,7.72,0.49,36.33,1245.1,0.36,3.2,2.33,21.555826,80.184236,3.15,Metamorphic_Schist,0,India
405.61,5.0,0.483,31.31,913.4,0.351,3.1,2.39,21.472343,78.790548,5.03,Metamorphic_Schist,0,India
317.32,7.37,0.226,35.52,1239.0,0.205,2.26,1.65,21.146046,80.221815,5.01,Metamorphic_Schist,0,India
351.25,6.67,0.499,34.06,1226.6,0.238,2.48,1.31,22.135679,80.2735,3.85,Metamorphic_Schist,1,India
392.72,4.26,0.257,30.44,850.4,0.209,2.34,1.35,21.924422,79.042154,4.66,Metamorphic_Schist,0,India
354.77,7.98,0.438,36.94,900.0,0.208,2.84,1.55,22.05396,79.30429,4.52,Metamorphic_Schist,0,India
413.25,7.6,0.221,36.05,950.3,0.22,1.99,2.49,21.887844,79.413052,4.72,Sedimentary_Mn_Oxide,0,India
352.53,1.65,0.2,29.0,866.6,0.225,2.39,1.5,21.208555,78.926699,5.8,Sedimentary_Mn_Oxide,0,India
339.21,7.01,0.211,34.74,863.2,0.21,3.2,1.6,21.16707,79.185262,2.64,Metamorphic_Schist,0,India
400.95,7.17,0.227,35.1,1235.6,0.217,2.3,1.88,21.895231,80.238041,1.62,Metamorphic_Schist,0,India
337.14,6.17,0.264,33.13,1217.6,0.201,2.75,1.34,21.109791,79.918333,3.48,Metamorphic_Schist,0,India
422.55,7.97,0.218,36.92,919.8,0.221,1.69,2.41,21.88415,79.350648,1.89,Sedimentary_Mn_Oxide,1,India
348.75,5.0,0.201,31.31,1196.0,0.219,3.07,1.8,21.193384,79.859859,5.52,Metamorphic_Schist,0,India
357.85,5.37,0.208,31.83,1203.0,0.238,3.2,1.96,21.238798,79.877284,5.14,Sedimentary_Mn_Oxide,1,India
358.69,7.55,0.291,35.93,874.9,0.283,1.91,1.3,21.322592,79.231589,0.95,Sedimentary_Mn_Oxide,1,India
438.4,1.55,0.201,29.0,1127.7,0.249,3.13,1.58,21.823751,79.719927,1.47,Sedimentary_Mn_Oxide,1,India
449.33,5.47,0.327,31.99,851.0,0.32,3.01,2.41,21.692225,79.096846,5.22,Sedimentary_Mn_Oxide,1,India
428.44,2.45,0.493,29.17,874.8,0.354,2.43,2.5,21.488633,78.895655,4.52,Sedimentary_Mn_Oxide,1,India
445.4,5.26,0.373,31.68,1036.1,0.334,1.69,1.42,21.661468,79.563764,4.98,Sedimentary_Mn_Oxide,0,India
405.77,7.91,0.251,36.78,1248.4,0.21,1.66,1.33,21.919353,80.068698,5.79,Metamorphic_Schist,0,India
327.11,8.0,0.203,37.0,1250.0,0.216,2.57,1.31,21.184571,80.114902,3.24,Metamorphic_Schist,0,India
337.92,7.2,0.222,35.15,866.5,0.206,3.2,1.72,21.150531,79.199693,2.15,Metamorphic_Schist,0,India
333.07,6.05,0.202,32.93,1215.5,0.218,3.18,1.61,21.190785,79.91198,5.75,Metamorphic_Schist,0,India
426.57,1.83,0.215,29.02,1133.6,0.223,3.16,1.79,21.879332,79.730739,4.41,Sedimentary_Mn_Oxide,0,India
319.26,5.56,0.284,32.12,1027.4,0.2,2.05,2.37,21.094178,79.549274,1.88,Metamorphic_Schist,0,India
414.5,7.0,0.469,34.72,863.1,0.345,1.63,1.72,21.454052,79.184547,5.8,Sedimentary_Mn_Oxide,0,India
384.13,4.27,0.353,30.45,1062.6,0.2,3.0,2.5,21.993272,79.608023,5.6,Metamorphic_Schist,0,India
437.6,4.97,0.5,31.28,1195.5,0.359,1.61,2.29,21.516227,79.858614,1.89,Sedimentary_Mn_Oxide,1,India
412.4,7.99,0.21,36.98,1057.2,0.227,1.6,2.28,21.870622,78.527891,5.49,Metamorphic_Schist,0,India
362.55,5.26,0.484,31.67,1036.1,0.223,2.33,2.22,22.100997,79.563834,3.94,Metamorphic_Schist,0,India
423.47,3.42,0.5,29.69,1083.5,0.359,2.37,1.56,21.520495,79.643121,4.5,Sedimentary_Mn_Oxide,1,India
399.63,2.45,0.413,29.17,1146.4,0.326,2.74,2.4,21.406069,79.754576,1.94,Sedimentary_Mn_Oxide,1,India
393.62,7.66,0.303,36.19,878.7,0.202,1.71,1.76,21.959381,79.244054,2.19,Metamorphic_Schist,0,India
424.75,1.7,0.212,29.01,867.0,0.225,3.2,1.3,21.874601,78.924958,5.11,Sedimentary_Mn_Oxide,0,India
367.71,1.9,0.383,29.03,1117.8,0.201,2.29,2.42,22.013526,79.702361,3.64,Metamorphic_Schist,0,India
329.21,7.62,0.411,36.1,999.3,0.214,3.19,1.6,21.006999,78.625198,5.67,Metamorphic_Schist,0,India
350.7,4.18,0.252,30.36,1180.5,0.266,2.55,1.59,21.291917,80.397229,5.67,Metamorphic_Schist,1,India
421.53,6.98,0.348,34.69,862.8,0.326,3.19,2.5,21.678546,79.183397,5.72,Sedimentary_Mn_Oxide,1,India
321.6,4.03,0.261,30.21,1177.7,0.201,1.65,2.38,21.111934,80.403444,4.51,Metamorphic_Schist,0,India
334.24,2.17,0.498,29.08,1112.1,0.252,1.64,2.34,22.164175,79.692199,5.8,Metamorphic_Schist,0,India
437.3,2.14,0.259,29.08,871.4,0.294,2.36,1.61,21.7418,78.907902,1.1,Sedimentary_Mn_Oxide,0,India
327.67,7.27,0.33,35.31,1237.3,0.202,2.76,1.35,21.062291,79.991172,3.54,Metamorphic_Schist,0,India
381.81,7.16,0.377,35.07,1235.3,0.201,3.16,1.41,22.008956,80.239146,5.8,Metamorphic_Schist,0,India
321.98,2.34,0.211,29.13,1108.3,0.211,1.88,2.28,21.167903,79.685676,4.69,Metamorphic_Schist,0,India
384.42,2.48,0.274,29.18,875.0,0.205,3.04,1.4,21.938222,78.894835,2.68,Metamorphic_Schist,0,India
421.22,7.62,0.498,36.08,1243.3,0.357,3.12,2.07,21.502607,80.197024,1.7,Metamorphic_Schist,1,India
368.36,6.56,0.284,33.85,1224.6,0.28,2.41,2.1,21.317369,79.940958,4.26,Metamorphic_Schist,0,India
453.24,2.77,0.337,29.31,856.0,0.323,2.3,2.12,21.685968,78.981874,1.58,Sedimentary_Mn_Oxide,1,India
324.94,5.67,0.336,32.29,1208.5,0.202,2.42,2.38,21.058072,80.329125,4.23,Metamorphic_Schist,0,India
312.31,5.75,0.243,32.41,852.0,0.202,2.78,1.53,21.128539,79.110515,4.86,Metamorphic_Schist,0,India
400.74,5.72,0.475,32.37,1209.4,0.347,1.62,2.49,21.461177,79.894537,3.97,Sedimentary_Mn_Oxide,1,India
447.11,6.67,0.492,34.06,956.1,0.36,2.98,1.76,21.553447,78.702742,5.68,Metamorphic_Schist,0,India
371.22,7.14,0.278,35.02,1234.9,0.277,2.21,1.94,21.312584,79.980429,5.22,Metamorphic_Schist,0,India
333.4,1.9,0.35,29.03,861.9,0.204,1.61,1.39,21.048576,78.947734,3.76,Metamorphic_Schist,0,India
374.22,5.03,0.239,31.36,850.1,0.259,3.12,1.38,21.279557,79.076029,4.93,Sedimentary_Mn_Oxide,1,India
447.51,4.53,0.361,30.73,1187.2,0.33,2.6,1.55,21.669334,79.839014,5.56,Sedimentary_Mn_Oxide,1,India
354.59,6.9,0.396,34.51,983.0,0.202,3.2,2.26,22.022067,79.473125,2.62,Metamorphic_Schist,0,India
357.0,8.0,0.218,36.99,911.6,0.246,1.91,1.69,21.255933,79.332205,0.99,Sedimentary_Mn_Oxide,1,India
322.26,8.0,0.208,37.0,1250.0,0.238,2.11,1.32,21.238913,80.10771,5.55,Metamorphic_Schist,0,India
368.87,6.46,0.445,33.65,999.1,0.209,3.03,2.19,22.059438,79.501173,5.48,Metamorphic_Schist,1,India
355.65,5.74,0.5,32.41,1209.9,0.246,2.58,2.41,22.153051,79.895701,2.18,Metamorphic_Schist,0,India
366.71,4.99,0.401,31.3,850.1,0.202,1.6,1.31,22.025998,79.074068,2.83,Metamorphic_Schist,0,India
334.26,7.99,0.285,36.98,1249.9,0.2,3.19,1.5,21.093273,80.099512,5.04,Metamorphic_Schist,0,India
377.88,5.34,0.42,31.8,850.7,0.205,1.63,1.32,22.039686,79.090715,1.03,Metamorphic_Schist,0,India
453.12,5.79,0.466,32.49,1020.4,0.356,2.39,1.31,21.588309,79.537557,4.36,Sedimentary_Mn_Oxide,1,India
354.58,7.95,0.43,36.88,1031.2,0.206,3.04,2.48,22.047308,78.571118,5.37,Metamorphic_Schist,0,India
394.05,7.51,0.425,35.85,992.4,0.33,2.52,2.18,21.415022,78.637109,5.71,Metamorphic_Schist,0,India
336.22,7.63,0.206,36.12,1243.6,0.213,3.08,1.32,21.177446,80.025964,3.13,Metamorphic_Schist,0,India
344.86,5.7,0.497,32.34,928.7,0.234,2.21,2.49,22.12785,78.756971,5.21,Metamorphic_Schist,0,India
377.59,7.99,0.327,36.99,1043.8,0.296,1.62,2.19,21.347472,78.550085,1.44,Metamorphic_Schist,0,India
331.37,7.95,0.494,36.87,1249.1,0.259,2.89,1.74,22.176973,80.142792,0.96,Metamorphic_Schist,1,India
403.72,4.43,0.271,30.62,1185.3,0.206,2.19,1.69,21.935331,79.834705,3.0,Metamorphic_Schist,0,India
406.56,7.98,0.232,36.94,899.8,0.216,1.64,2.24,21.900626,79.303849,0.8,Metamorphic_Schist,0,India
356.82,5.83,0.249,32.56,1211.5,0.264,2.91,2.11,21.288656,79.900343,1.17,Metamorphic_Schist,0,India
442.55,4.7,0.255,30.94,1190.5,0.292,3.15,1.34,21.745661,79.846754,0.99,Sedimentary_Mn_Oxide,1,India
376.51,7.42,0.284,35.63,987.0,0.204,2.64,2.22,21.945756,78.646632,2.69,Metamorphic_Schist,0,India
428.67,3.88,0.496,30.07,893.7,0.36,2.28,2.27,21.542183,78.838762,3.64,Sedimentary_Mn_Oxide,0,India
458.7,7.27,0.408,35.31,967.2,0.343,2.52,1.66,21.637092,79.444763,3.61,Sedimentary_Mn_Oxide,1,India
364.5,7.71,0.382,36.29,1244.9,0.201,2.13,1.41,22.012438,80.03526,2.9,Metamorphic_Schist,1,India
386.43,7.27,0.339,35.31,967.1,0.2,3.01,2.32,21.983525,79.444577,3.16,Metamorphic_Schist,0,India
336.43,7.03,0.228,34.8,863.6,0.253,2.68,1.32,21.268275,79.187195,5.51,Sedimentary_Mn_Oxide,1,India
441.12,7.04,0.43,34.81,977.3,0.348,2.56,1.54,21.620862,79.463028,3.35,Sedimentary_Mn_Oxide,1,India
450.64,3.71,0.236,29.93,1171.6,0.282,3.11,1.3,21.762956,79.80481,1.78,Sedimentary_Mn_Oxide,1,India
339.52,5.1,0.202,31.46,915.5,0.231,1.74,2.04,21.223541,78.78559,2.6,Metamorphic_Schist,1,India
428.38,7.73,0.498,36.34,1245.2,0.36,2.61,2.5,21.537934,80.037783,5.53,Metamorphic_Schist,0,India
344.76,3.93,0.48,30.11,1175.7,0.221,1.68,2.42,22.096641,79.813509,5.72,Metamorphic_Schist,0,India
425.09,7.6,0.469,36.05,1243.1,0.356,2.92,2.45,21.585551,80.022705,3.94,Metamorphic_Schist,0,India
428.75,2.68,0.209,29.27,1151.1,0.262,3.14,1.38,21.798301,79.763724,1.19,Sedimentary_Mn_Oxide,0,India
398.51,7.36,0.284,35.49,983.9,0.204,2.68,2.21,21.945838,78.65213,2.95,Metamorphic_Schist,0,India
407.14,7.92,0.495,36.81,1248.7,0.355,2.86,2.19,21.492977,80.1489,4.41,Metamorphic_Schist,0,India
433.66,3.15,0.439,29.52,1160.5,0.35,1.78,1.6,21.613099,79.782121,3.06,Sedimentary_Mn_Oxide,1,India
417.93,7.81,0.202,36.54,1246.7,0.237,1.65,1.86,21.848773,80.17091,5.8,Metamorphic_Schist,0,India
341.71,8.0,0.498,37.0,1250.0,0.252,3.11,1.8,22.163905,80.107869,3.53,Metamorphic_Schist,0,India
359.25,3.8,0.212,30.0,1173.3,0.242,2.21,1.85,21.246246,80.41283,5.58,Metamorphic_Schist,0,India
406.3,3.91,0.442,30.1,894.2,0.336,3.15,2.5,21.428899,78.837389,4.47,Sedimentary_Mn_Oxide,1,India
348.35,7.86,0.23,36.67,888.5,0.254,2.12,1.46,21.270297,79.273768,2.43,Sedimentary_Mn_Oxide,0,India
316.17,5.0,0.384,31.32,1196.2,0.209,1.72,1.3,21.026085,79.86021,5.58,Metamorphic_Schist,0,India
319.31,2.32,0.417,29.13,1143.8,0.216,2.05,2.38,21.00236,80.471561,5.67,Metamorphic_Schist,0,India
394.17,6.51,0.307,33.74,857.1,0.202,1.61,1.47,21.961761,79.152264,3.62,Metamorphic_Schist,0,India
376.13,3.17,0.391,29.53,1160.8,0.319,2.71,2.47,21.39083,79.782702,2.19,Sedimentary_Mn_Oxide,1,India
340.77,7.4,0.2,35.59,1239.6,0.224,1.78,1.42,21.206978,80.218733,5.56,Metamorphic_Schist,0,India
349.35,6.83,0.204,34.39,1229.5,0.234,1.6,1.45,21.230301,80.262669,3.05,Metamorphic_Schist,0,India
372.75,4.55,0.281,30.76,1055.2,0.278,2.66,2.31,21.31475,79.595723,2.81,Sedimentary_Mn_Oxide,1,India
407.89,5.51,0.473,32.04,924.3,0.347,3.19,2.37,21.45894,78.766358,3.48,Metamorphic_Schist,1,India
368.11,3.11,0.37,29.49,854.2,0.312,2.85,2.02,21.376401,78.994945,5.8,Sedimentary_Mn_Oxide,1,India
420.11,3.27,0.332,29.59,1162.9,0.321,2.46,1.37,21.68914,79.786967,5.78,Sedimentary_Mn_Oxide,0,India
441.63,8.0,0.238,37.0,1250.0,0.283,2.12,2.04,21.761681,80.10647,2.48,Metamorphic_Schist,0,India
418.27,1.54,0.214,29.0,864.9,0.224,3.18,1.31,21.877368,78.934092,4.73,Sedimentary_Mn_Oxide,0,India
388.81,6.91,0.287,34.53,1230.8,0.204,1.61,1.38,21.947519,79.963406,5.05,Metamorphic_Schist,0,India
440.6,7.35,0.46,35.49,1238.7,0.355,2.92,2.36,21.594913,80.222987,5.77,Metamorphic_Schist,0,India
434.29,4.68,0.2,30.92,1190.2,0.243,3.0,1.33,21.834514,79.845907,5.6,Sedimentary_Mn_Oxide,1,India
348.88,3.61,0.5,29.84,1169.6,0.246,1.63,1.39,22.153583,80.420599,4.2,Metamorphic_Schist,1,India
326.94,6.3,0.255,33.37,944.7,0.201,2.08,1.75,21.116909,78.724728,5.62,Metamorphic_Schist,0,India
427.88,4.59,0.412,30.81,1188.4,0.344,1.72,2.05,21.634223,80.379364,3.09,Metamorphic_Schist,0,India
346.18,7.91,0.213,36.77,1248.4,0.209,2.54,1.4,21.163191,80.152888,3.5,Metamorphic_Schist,1,India
444.98,7.95,0.216,36.88,1249.2,0.269,2.05,1.83,21.78706,80.080091,1.92,Metamorphic_Schist,0,India
419.52,4.61,0.467,30.83,1053.7,0.356,2.06,1.3,21.587067,79.593123,5.66,Sedimentary_Mn_Oxide,1,India
443.9,4.01,0.422,30.2,1177.4,0.346,2.06,1.66,21.62707,79.817176,5.08,Sedimentary_Mn_Oxide,0,India
382.32,5.37,0.33,31.84,1032.8,0.298,2.75,2.05,21.349716,79.558252,3.47,Sedimentary_Mn_Oxide,1,India
371.87,1.69,0.335,29.01,1122.5,0.2,2.54,2.31,21.981233,79.710625,5.03,Metamorphic_Schist,0,India
338.28,5.24,0.207,31.65,1036.6,0.236,1.79,2.46,21.235395,79.564735,5.23,Sedimentary_Mn_Oxide,1,India
351.51,7.7,0.472,36.28,1244.8,0.217,3.19,1.33,22.086635,80.186889,4.86,Metamorphic_Schist,0,India
366.9,3.62,0.25,29.85,1078.7,0.264,2.67,2.46,21.289855,79.635058,2.9,Sedimentary_Mn_Oxide,1,India
423.68,7.98,0.203,36.94,899.7,0.234,1.62,2.39,21.854455,79.303574,4.01,Sedimentary_Mn_Oxide,1,India
354.73,8.0,0.275,36.99,1249.9,0.276,1.66,1.52,21.310568,80.101811,4.63,Metamorphic_Schist,0,India
349.73,7.15,0.49,35.04,865.6,0.226,2.71,1.31,22.110656,79.195828,5.19,Metamorphic_Schist,0,India
448.09,7.59,0.284,36.02,1242.8,0.305,2.97,1.93,21.722251,80.021185,5.68,Metamorphic_Schist,0,India
446.04,6.12,0.308,33.04,854.0,0.313,3.17,2.44,21.705574,79.129988,5.79,Sedimentary_Mn_Oxide,1,India
368.58,7.09,0.325,34.92,1234.1,0.201,3.01,1.54,21.974458,80.24454,5.23,Metamorphic_Schist,0,India
325.29,1.68,0.486,29.01,866.9,0.267,1.83,2.35,22.191394,78.925493,3.53,Metamorphic_Schist,0,India
420.08,5.26,0.499,31.68,1036.1,0.358,2.95,1.4,21.507749,79.563759,1.56,Sedimentary_Mn_Oxide,1,India
422.97,7.96,0.214,36.91,1249.3,0.267,1.75,2.02,21.7908,80.137793,2.78,Metamorphic_Schist,1,India
418.56,6.02,0.221,32.87,1013.4,0.22,2.68,2.44,21.887695,79.525649,5.3,Sedimentary_Mn_Oxide,1,India
389.38,7.32,0.386,35.42,982.3,0.201,3.15,2.43,22.015375,78.654947,5.79,Metamorphic_Schist,1,India
339.59,5.35,0.2,31.81,1202.7,0.226,3.18,1.83,21.211586,79.876585,5.77,Sedimentary_Mn_Oxide,1,India
326.48,7.6,0.221,36.04,997.5,0.207,2.34,2.25,21.152494,78.628323,4.63,Metamorphic_Schist,0,India
419.21,5.32,0.22,31.76,850.6,0.221,2.41,1.58,21.885775,79.089543,4.3,Sedimentary_Mn_Oxide,1,India
315.85,3.56,0.359,29.8,888.9,0.205,1.99,1.3,21.042417,78.852084,5.77,Metamorphic_Schist,0,India
429.84,7.62,0.218,36.09,949.5,0.27,1.62,2.4,21.78483,79.411437,3.87,Sedimentary_Mn_Oxide,1,India
322.37,8.0,0.286,36.99,1055.8,0.2,3.19,2.3,21.092442,78.53009,5.04,Metamorphic_Schist,0,India
320.04,3.71,0.362,29.92,1171.4,0.205,1.63,1.38,21.040613,79.804538,5.8,Metamorphic_Schist,0,India
328.5,1.62,0.329,29.0,866.3,0.202,1.61,1.33,21.062409,78.927834,3.73,Metamorphic_Schist,0,India
385.47,6.09,0.398,32.98,938.6,0.321,2.92,2.47,21.395185,78.736761,3.97,Metamorphic_Schist,0,India
366.23,5.25,0.25,31.66,918.5,0.264,2.23,2.33,21.289999,78.778946,5.62,Metamorphic_Schist,0,India
364.33,6.07,0.261,32.95,938.1,0.269,2.06,2.44,21.299143,78.737826,5.07,Metamorphic_Schist,1,India
352.05,5.03,0.214,31.36,914.0,0.243,1.93,2.15,21.249643,78.789073,4.37,Metamorphic_Schist,0,India
332.79,7.18,0.5,35.1,971.4,0.244,2.58,1.61,22.149211,79.452472,5.18,Metamorphic_Schist,1,India
420.94,4.27,0.317,30.45,850.4,0.316,2.8,2.26,21.699374,79.042535,3.83,Sedimentary_Mn_Oxide,1,India
330.05,6.96,0.42,34.64,1231.8,0.216,3.17,2.38,21.000172,80.254097,4.6,Metamorphic_Schist,0,India
403.65,6.42,0.221,33.58,1222.1,0.22,2.55,2.09,21.887837,80.2887,1.95,Metamorphic_Schist,0,India
386.28,4.58,0.292,30.8,1188.3,0.203,3.2,2.11,21.951653,80.37973,5.12,Metamorphic_Schist,0,India
389.06,4.85,0.384,31.13,850.0,0.201,1.62,1.31,22.013865,79.067939,3.87,Metamorphic_Schist,0,India
314.93,5.57,0.211,32.14,1206.7,0.211,3.03,1.6,21.167842,79.887069,5.31,Metamorphic_Schist,1,India
352.53,3.04,0.499,29.45,1092.3,0.239,1.63,2.34,22.139116,79.657977,4.51,Metamorphic_Schist,0,India
399.15,8.0,0.207,37.0,1050.3,0.229,1.6,2.22,21.864943,78.539303,5.53,Metamorphic_Schist,0,India
315.88,7.91,0.417,36.77,1024.6,0.216,3.09,1.72,21.002398,78.582273,5.62,Metamorphic_Schist,0,India
423.22,6.95,0.5,34.63,966.3,0.358,3.19,1.88,21.513899,78.683816,3.47,Metamorphic_Schist,0,India
425.49,7.05,0.496,34.82,970.0,0.36,3.13,1.72,21.542681,78.677039,4.8,Metamorphic_Schist,0,India
347.25,7.97,0.498,36.92,1249.5,0.236,3.16,1.56,22.131302,80.135095,4.37,Metamorphic_Schist,0,India
333.25,3.82,0.215,30.02,892.8,0.209,1.64,1.56,21.160643,78.841322,0.89,Metamorphic_Schist,0,India
331.11,4.58,0.274,30.8,1188.2,0.2,2.19,1.48,21.101835,79.841319,2.39,Metamorphic_Schist,0,India
395.19,3.31,0.205,29.62,1163.7,0.231,3.08,1.52,21.85984,79.788641,5.24,Sedimentary_Mn_Oxide,0,India
444.91,6.34,0.34,33.43,1220.7,0.324,1.77,2.45,21.683542,80.293412,2.54,Metamorphic_Schist,1,India
420.01,3.22,0.201,29.56,1161.8,0.238,3.0,2.5,21.844989,80.436548,5.18,Metamorphic_Schist,0,India
430.68,3.0,0.202,29.42,1093.3,0.252,2.85,1.75,21.817519,79.659799,4.49,Sedimentary_Mn_Oxide,1,India
332.86,7.93,0.489,36.83,893.8,0.226,3.12,1.35,22.110135,79.288249,1.58,Metamorphic_Schist,1,India
346.19,2.78,0.224,29.31,1098.3,0.25,2.62,2.5,21.262532,79.66834,2.54,Sedimentary_Mn_Oxide,1,India
430.15,8.0,0.5,37.0,1046.6,0.359,2.89,1.43,21.51828,78.545464,4.22,Metamorphic_Schist,0,India
331.02,7.15,0.204,35.05,865.6,0.215,3.17,1.56,21.182914,79.196003,4.1,Metamorphic_Schist,1,India
434.03,7.98,0.492,36.94,899.7,0.36,3.0,1.76,21.552517,79.303579,5.16,Sedimentary_Mn_Oxide,0,India
366.16,8.0,0.259,37.0,1250.0,0.269,1.67,1.44,21.297455,80.116554,4.78,Metamorphic_Schist,0,India
412.75,5.08,0.238,31.43,1197.6,0.214,2.28,1.48,21.906897,79.863838,3.58,Metamorphic_Schist,1,India
332.12,8.0,0.202,37.0,1250.0,0.218,2.5,1.31,21.191456,80.116701,3.75,Metamorphic_Schist,1,India
418.13,2.68,0.496,29.27,1151.1,0.36,2.0,1.41,21.54218,80.457551,1.42,Metamorphic_Schist,1,India
380.3,7.4,0.346,35.58,986.0,0.303,2.07,2.4,21.360274,78.648363,5.13,Metamorphic_Schist,0,India
330.6,1.77,0.23,29.01,1132.2,0.204,1.8,2.47,21.141366,80.493072,3.21,Metamorphic_Schist,0,India
391.14,4.13,0.424,30.31,1066.1,0.33,3.2,1.94,21.414621,79.613797,5.14,Sedimentary_Mn_Oxide,1,India
411.11,6.93,0.487,34.58,1231.2,0.352,1.71,2.5,21.478374,79.964879,2.16,Metamorphic_Schist,0,India
443.59,1.82,0.477,29.02,1133.4,0.358,1.65,1.43,21.576256,80.490914,4.1,Metamorphic_Schist,0,India
422.8,5.6,0.224,32.19,851.4,0.219,2.26,1.59,21.891823,79.103224,5.01,Sedimentary_Mn_Oxide,1,India
319.73,5.79,0.49,32.49,931.1,0.263,1.79,2.48,22.184131,78.752092,5.57,Metamorphic_Schist,0,India
295.28,2.21,0.247,29.1,859.6,0.202,1.85,1.3,21.124571,78.959856,3.73,Metamorphic_Schist,0,India
441.58,7.76,0.427,36.43,939.9,0.348,2.94,1.77,21.622869,79.39276,1.48,Sedimentary_Mn_Oxide,1,India
319.02,7.11,0.354,34.96,864.9,0.204,2.53,2.18,21.046172,79.192923,5.69,Metamorphic_Schist,0,India
321.0,6.42,0.488,33.58,948.1,0.265,1.91,2.42,22.189186,78.717921,5.8,Metamorphic_Schist,0,India
349.68,4.0,0.418,30.18,1177.1,0.204,1.62,2.22,22.037852,79.816645,4.72,Metamorphic_Schist,0,India
415.13,5.73,0.479,32.39,1209.7,0.349,3.19,1.48,21.465924,80.326,3.45,Metamorphic_Schist,0,India
326.15,1.86,0.34,29.02,868.6,0.203,1.65,1.33,21.055022,78.918641,4.49,Metamorphic_Schist,0,India
406.76,2.66,0.202,29.25,877.1,0.251,2.93,1.33,21.81917,78.887825,4.72,Sedimentary_Mn_Oxide,1,India
323.94,2.95,0.377,29.4,1094.5,0.208,1.95,1.73,21.03056,79.661847,1.03,Metamorphic_Schist,0,India
346.01,4.56,0.499,30.77,1187.8,0.249,1.72,1.32,22.158174,80.380935,5.2,Metamorphic_Schist,0,India
421.5,7.41,0.45,35.62,960.5,0.353,2.88,1.56,21.603724,79.432326,0.94,Sedimentary_Mn_Oxide,1,India
390.13,3.89,0.338,30.08,1175.0,0.2,3.0,2.07,21.982853,80.409097,2.19,Metamorphic_Schist,1,India
363.09,7.64,0.218,36.13,877.7,0.246,2.46,1.43,21.255668,79.241046,4.65,Sedimentary_Mn_Oxide,1,India
317.04,7.93,0.273,36.82,893.7,0.2,3.2,2.24,21.102905,79.288003,2.94,Metamorphic_Schist,1,India
444.53,3.24,0.227,29.57,884.4,0.277,2.38,1.39,21.772787,78.864946,0.92,Sedimentary_Mn_Oxide,1,India
411.76,3.28,0.202,29.6,885.0,0.236,3.02,1.3,21.849761,78.863335,5.29,Sedimentary_Mn_Oxide,0,India
330.39,7.94,0.487,36.85,1029.7,0.266,2.78,2.01,22.189519,78.573727,1.66,Metamorphic_Schist,1,India
410.61,7.82,0.222,36.56,885.7,0.22,1.61,2.17,21.888559,79.265729,3.47,Sedimentary_Mn_Oxide,0,India
424.37,5.6,0.215,32.19,1026.1,0.224,2.73,2.37,21.878594,79.547091,5.11,Sedimentary_Mn_Oxide,1,India
351.63,7.01,0.496,34.75,978.4,0.232,2.74,1.77,22.123692,79.464954,5.65,Metamorphic_Schist,0,India
366.18,2.98,0.444,29.42,854.8,0.209,1.63,1.57,22.059035,78.990007,4.26,Metamorphic_Schist,0,India
424.46,3.77,0.499,29.98,1075.0,0.219,1.96,2.49,-27.477423,23.080052,4.56,Alluvium_Unconsolidated,0,South Africa
399.3,4.59,0.421,30.8,1188.3,0.278,2.16,1.46,-27.596833,23.292958,5.44,Alluvium_Unconsolidated,0,South Africa
403.25,7.4,0.214,35.6,961.0,0.292,3.12,1.42,-27.130729,22.884599,4.88,Alluvium_Unconsolidated,0,South Africa
423.84,6.03,0.486,32.89,1215.1,0.209,3.11,1.88,-27.445997,23.362139,5.01,Alluvium_Unconsolidated,0,South Africa
369.49,7.84,0.375,36.6,934.3,0.35,2.38,2.15,-27.000854,22.832772,4.23,Alluvium_Unconsolidated,1,South Africa
424.65,6.9,0.493,34.52,982.8,0.213,1.6,2.26,-27.45867,22.924199,2.86,Alluvium_Unconsolidated,1,South Africa
375.59,6.38,0.365,33.52,1001.5,0.348,1.76,1.68,-27.007403,22.956714,2.68,Alluvium_Unconsolidated,1,South Africa
389.9,7.36,0.276,35.5,1238.8,0.324,3.07,2.28,-27.069507,23.450108,5.54,Alluvium_Unconsolidated,0,South Africa
355.22,3.86,0.21,30.05,1174.4,0.353,1.98,1.35,-27.766483,23.262143,5.78,Alluvium_Unconsolidated,0,South Africa
363.33,5.64,0.292,32.25,851.6,0.325,1.74,2.05,-27.685873,22.55666,5.51,Alluvium_Unconsolidated,0,South Africa
339.12,7.27,0.2,35.31,868.0,0.358,1.6,2.49,-27.796797,22.657093,5.55,Alluvium_Unconsolidated,0,South Africa
367.17,4.26,0.262,30.44,1182.0,0.335,1.61,1.3,-27.708841,23.278709,3.76,Alluvium_Unconsolidated,0,South Africa
414.78,7.99,0.239,36.98,913.7,0.308,3.2,1.84,-27.10076,22.788446,2.95,Alluvium_Unconsolidated,0,South Africa
437.21,7.28,0.396,35.34,966.6,0.2,1.89,1.73,-27.363234,22.894968,4.07,Alluvium_Unconsolidated,0,South Africa
437.73,8.0,0.499,37.0,906.1,0.218,2.31,1.81,-27.475233,22.770714,4.82,Alluvium_Unconsolidated,0,South Africa
314.25,7.07,0.495,34.87,864.2,0.344,2.03,2.04,-26.834742,22.640984,1.71,Alluvium_Unconsolidated,0,South Africa
338.62,3.04,0.495,29.45,1092.3,0.357,2.76,1.71,-26.886869,23.109334,3.53,Alluvium_Unconsolidated,0,South Africa
360.62,6.5,0.42,33.74,857.0,0.357,3.19,2.43,-26.969143,22.603474,3.49,Alluvium_Unconsolidated,0,South Africa
384.09,3.15,0.385,29.51,1089.9,0.292,1.72,1.96,-27.622692,23.105228,5.2,Alluvium_Unconsolidated,0,South Africa
435.83,6.78,0.49,34.27,1228.5,0.211,2.98,1.7,-27.452474,23.406076,5.67,Alluvium_Unconsolidated,0,South Africa
378.79,7.7,0.4,36.28,1244.8,0.286,3.1,1.38,-27.612019,23.485554,2.06,Alluvium_Unconsolidated,1,South Africa
391.29,6.73,0.4,34.18,1227.7,0.286,2.71,1.3,-27.611691,23.402883,5.2,Alluvium_Unconsolidated,1,South Africa
412.51,5.18,0.463,31.56,850.3,0.203,3.11,1.36,-27.417329,22.534079,3.48,Alluvium_Unconsolidated,0,South Africa
456.24,2.13,0.253,29.08,1139.8,0.225,2.58,2.28,-27.261745,23.193494,5.17,Alluvium_Unconsolidated,0,South Africa
361.81,6.27,0.456,33.31,855.0,0.36,3.14,2.32,-26.93961,22.589769,4.64,Alluvium_Unconsolidated,0,South Africa
381.95,6.62,0.372,33.96,993.4,0.297,2.69,2.41,-27.631037,22.942756,2.35,Alluvium_Unconsolidated,1,South Africa
351.76,7.69,0.21,36.25,879.7,0.353,1.82,2.49,-27.766301,22.698732,5.04,Alluvium_Unconsolidated,0,South Africa
330.72,2.78,0.495,29.31,1153.0,0.357,3.18,1.4,-26.887106,23.218708,5.78,Alluvium_Unconsolidated,0,South Africa
443.09,3.28,0.341,29.6,1086.7,0.205,3.19,2.26,-27.325743,23.099804,1.71,Alluvium_Unconsolidated,0,South Africa
412.03,6.65,0.215,34.03,1226.3,0.243,1.65,2.5,-27.220597,23.398185,5.8,Alluvium_Unconsolidated,0,South Africa
343.94,6.25,0.212,33.27,1219.0,0.352,1.6,1.61,-27.762432,23.373924,3.13,Alluvium_Unconsolidated,0,South Africa
430.57,3.04,0.482,29.45,1158.3,0.246,2.3,1.92,-27.53899,23.229146,5.74,Alluvium_Unconsolidated,0,South Africa
333.45,7.87,0.484,36.68,888.8,0.336,1.61,2.23,-26.814664,22.725909,4.92,Alluvium_Unconsolidated,0,South Africa
411.55,4.47,0.203,30.67,850.1,0.256,1.62,2.35,-27.195444,22.502631,3.99,Alluvium_Unconsolidated,0,South Africa
384.32,4.1,0.33,30.28,1179.0,0.312,1.65,1.34,-27.659436,23.272069,1.01,Alluvium_Unconsolidated,0,South Africa
366.67,7.76,0.374,36.41,882.7,0.296,3.03,2.29,-27.630074,22.707983,5.31,Alluvium_Unconsolidated,0,South Africa
331.12,7.48,0.499,35.78,956.8,0.348,1.75,2.49,-26.849693,22.87677,5.44,Alluvium_Unconsolidated,0,South Africa
414.12,5.1,0.214,31.45,850.2,0.292,1.82,2.46,-27.13134,22.530491,3.4,Alluvium_Unconsolidated,0,South Africa
345.57,7.76,0.203,36.43,883.0,0.356,1.76,2.46,-27.782775,22.709003,5.38,Alluvium_Unconsolidated,0,South Africa
371.02,7.41,0.304,35.62,960.5,0.321,3.19,2.4,-27.677529,22.883752,4.93,Alluvium_Unconsolidated,1,South Africa
370.4,5.63,0.455,32.23,1025.2,0.36,1.7,1.86,-26.939771,22.996967,5.67,Alluvium_Unconsolidated,0,South Africa
410.01,7.98,0.248,36.96,916.5,0.313,3.19,1.85,-27.092555,22.794731,3.74,Alluvium_Unconsolidated,0,South Africa
404.65,8.0,0.26,37.0,907.0,0.318,3.19,1.98,-27.081829,22.772727,3.5,Alluvium_Unconsolidated,0,South Africa
433.09,5.51,0.331,32.04,851.1,0.206,2.22,1.65,-27.319144,22.549878,5.18,Alluvium_Unconsolidated,0,South Africa
410.55,4.53,0.469,30.74,1187.3,0.255,2.54,1.63,-27.554811,23.29059,5.67,Alluvium_Unconsolidated,0,South Africa
367.59,6.43,0.464,33.59,1000.1,0.36,1.63,2.05,-26.931271,22.954239,5.79,Alluvium_Unconsolidated,0,South Africa
404.64,7.89,0.457,36.72,890.1,0.261,3.17,2.1,-27.566903,22.729531,4.57,Alluvium_Unconsolidated,0,South Africa
426.18,7.95,0.2,36.87,922.8,0.265,2.99,1.45,-27.179401,22.808551,3.35,Alluvium_Unconsolidated,1,South Africa
425.23,7.1,0.246,34.94,864.7,0.227,1.61,1.62,-27.255631,22.643426,1.73,Alluvium_Unconsolidated,1,South Africa
400.42,7.37,0.41,35.53,962.4,0.282,2.79,2.5,-27.605041,22.88731,1.55,Alluvium_Unconsolidated,1,South Africa
431.67,6.94,0.307,34.61,862.3,0.21,1.7,1.48,-27.302974,22.63203,5.04,Alluvium_Unconsolidated,0,South Africa
368.51,7.14,0.401,35.02,865.4,0.286,2.87,2.02,-27.611152,22.64641,4.36,Alluvium_Unconsolidated,1,South Africa
350.36,7.36,0.298,35.5,869.8,0.323,2.35,2.36,-27.681442,22.664509,1.2,Alluvium_Unconsolidated,1,South Africa
369.14,4.54,0.483,30.75,1187.4,0.359,3.2,1.3,-26.908228,23.290874,5.18,Alluvium_Unconsolidated,0,South Africa
440.97,6.89,0.361,34.51,1230.6,0.203,1.94,2.2,-27.339001,23.413852,0.89,Alluvium_Unconsolidated,0,South Africa
429.19,1.66,0.2,29.01,1130.0,0.264,1.94,1.86,-27.180602,23.175561,0.92,Alluvium_Unconsolidated,0,South Africa
366.72,6.94,0.475,34.61,981.1,0.36,1.61,2.22,-26.918587,22.921185,5.69,Alluvium_Unconsolidated,0,South Africa
418.42,3.06,0.5,29.46,1158.7,0.222,2.81,2.17,-27.48417,23.229869,4.7,Alluvium_Unconsolidated,0,South Africa
447.1,7.98,0.228,36.95,917.5,0.235,2.44,1.33,-27.236997,22.796887,5.79,Alluvium_Unconsolidated,0,South Africa
437.61,5.32,0.473,31.77,1202.1,0.205,3.13,2.09,-27.428409,23.326407,4.74,Alluvium_Unconsolidated,0,South Africa
414.45,3.69,0.237,29.91,1076.9,0.307,1.82,1.33,-27.102843,23.083266,1.89,Alluvium_Unconsolidated,1,South Africa
423.41,6.42,0.204,33.58,1222.1,0.255,1.7,2.48,-27.197236,23.383916,5.66,Alluvium_Unconsolidated,0,South Africa
430.19,6.77,0.432,34.27,860.0,0.2,2.44,1.31,-27.389445,22.620438,4.08,Alluvium_Unconsolidated,0,South Africa
405.51,5.25,0.491,31.66,850.5,0.239,2.98,1.35,-27.523871,22.537366,5.04,Alluvium_Unconsolidated,1,South Africa
429.15,3.94,0.49,30.13,1175.9,0.24,2.66,1.85,-27.525322,23.265401,5.37,Alluvium_Unconsolidated,1,South Africa
442.07,1.91,0.437,29.03,1135.3,0.201,3.16,2.5,-27.393954,23.185136,0.86,Alluvium_Unconsolidated,1,South Africa
430.89,7.52,0.226,35.87,1241.7,0.237,1.8,2.42,-27.234095,23.46572,5.18,Alluvium_Unconsolidated,0,South Africa
349.99,4.73,0.2,30.98,1191.0,0.359,2.04,1.53,-27.798337,23.29926,5.7,Alluvium_Unconsolidated,0,South Africa
422.82,7.59,0.224,36.03,950.8,0.238,2.88,1.3,-27.232026,22.865274,4.23,Alluvium_Unconsolidated,1,South Africa
445.64,3.14,0.296,29.51,1160.4,0.213,2.64,2.46,-27.295163,23.233167,5.4,Alluvium_Unconsolidated,0,South Africa
342.09,6.78,0.482,34.28,1228.6,0.359,2.84,1.45,-26.910014,23.406248,1.09,Alluvium_Unconsolidated,0,South Africa
418.83,7.09,0.203,34.92,1234.1,0.279,2.25,2.46,-27.153417,23.428254,1.95,Alluvium_Unconsolidated,0,South Africa
419.93,2.19,0.287,29.09,1111.5,0.215,3.05,2.24,-27.288763,23.142478,5.39,Alluvium_Unconsolidated,1,South Africa
373.73,7.74,0.421,36.36,942.0,0.357,1.99,2.23,-26.968614,22.848129,1.39,Alluvium_Unconsolidated,0,South Africa
360.52,8.0,0.398,37.0,906.8,0.354,2.61,2.38,-26.984984,22.772298,5.31,Alluvium_Unconsolidated,0,South Africa
441.16,5.74,0.488,32.41,1022.0,0.21,1.76,2.39,-27.448439,22.991506,2.75,Alluvium_Unconsolidated,0,South Africa
438.48,7.81,0.26,36.53,936.7,0.222,2.4,1.31,-27.267589,22.837572,5.8,Alluvium_Unconsolidated,0,South Africa
440.65,7.63,0.39,36.11,1243.5,0.201,1.78,1.89,-27.358879,23.476857,2.35,Alluvium_Unconsolidated,0,South Africa
402.98,3.62,0.432,29.85,1169.7,0.273,2.0,1.61,-27.588,23.252181,4.76,Alluvium_Unconsolidated,1,South Africa
385.35,3.25,0.471,29.58,1162.4,0.253,2.23,1.83,-27.551742,23.237224,5.63,Alluvium_Unconsolidated,1,South Africa
342.26,7.96,0.498,36.9,920.7,0.347,1.6,2.48,-26.845621,22.804024,5.6,Alluvium_Unconsolidated,0,South Africa
415.83,5.56,0.459,32.13,851.3,0.26,2.75,1.5,-27.56421,22.552749,3.46,Alluvium_Unconsolidated,0,South Africa
348.0,7.31,0.497,35.39,1238.0,0.346,1.97,1.35,-26.840944,23.445744,5.78,Alluvium_Unconsolidated,0,South Africa
356.07,7.92,0.496,36.81,893.1,0.356,1.9,2.46,-26.883836,22.737821,1.05,Alluvium_Unconsolidated,1,South Africa
347.74,7.99,0.278,36.98,903.7,0.329,2.83,2.5,-27.696115,22.764864,4.03,Alluvium_Unconsolidated,0,South Africa
437.36,7.79,0.201,36.5,884.5,0.262,2.4,1.7,-27.185479,22.713336,5.8,Alluvium_Unconsolidated,0,South Africa
375.39,6.98,0.369,34.69,979.5,0.349,1.91,1.83,-27.004848,22.918229,0.99,Alluvium_Unconsolidated,0,South Africa
356.69,6.3,0.494,33.36,1219.9,0.357,2.83,1.34,-26.888859,23.376732,1.2,Alluvium_Unconsolidated,1,South Africa
432.05,7.49,0.451,35.8,956.3,0.202,1.62,1.86,-27.405657,22.87583,1.37,Alluvium_Unconsolidated,0,South Africa
414.98,7.46,0.21,35.72,1240.6,0.288,2.59,2.48,-27.138416,23.459115,2.29,Alluvium_Unconsolidated,1,South Africa
363.04,2.84,0.248,29.34,1154.3,0.339,1.84,1.31,-27.720397,23.221161,5.71,Alluvium_Unconsolidated,0,South Africa
332.1,6.6,0.486,33.92,858.0,0.337,2.06,1.84,-26.817204,22.609212,1.97,Alluvium_Unconsolidated,1,South Africa
343.8,7.94,0.205,36.85,894.7,0.355,1.95,2.42,-27.776986,22.742056,4.17,Alluvium_Unconsolidated,0,South Africa
379.83,2.03,0.436,29.05,1115.1,0.271,1.63,1.98,-27.585303,23.148887,1.19,Alluvium_Unconsolidated,0,South Africa
368.62,5.93,0.434,32.72,1016.1,0.358,1.61,1.83,-26.958011,22.981578,5.7,Alluvium_Unconsolidated,0,South Africa
378.71,7.81,0.386,36.53,936.7,0.292,3.11,2.49,-27.62175,22.837616,3.61,Alluvium_Unconsolidated,0,South Africa
434.76,6.42,0.476,33.58,856.3,0.206,2.94,1.3,-27.432007,22.598528,1.5,Alluvium_Unconsolidated,1,South Africa
390.85,6.83,0.214,34.37,1229.4,0.291,2.34,2.38,-27.131891,23.409281,1.29,Alluvium_Unconsolidated,0,South Africa
355.22,7.19,0.413,35.12,971.0,0.356,1.77,2.03,-26.974708,22.90298,2.46,Alluvium_Unconsolidated,0,South Africa
402.28,7.05,0.231,34.83,1233.3,0.304,2.65,2.35,-27.109468,23.424869,2.72,Alluvium_Unconsolidated,0,South Africa
369.96,6.04,0.399,32.9,1012.8,0.354,1.62,1.72,-26.984122,22.97594,4.8,Alluvium_Unconsolidated,0,South Africa
358.7,3.54,0.223,29.79,1168.1,0.348,1.89,1.31,-27.746754,23.248959,5.79,Alluvium_Unconsolidated,1,South Africa
351.58,3.66,0.47,29.88,1077.6,0.36,2.25,1.62,-26.924832,23.084497,1.99,Alluvium_Unconsolidated,0,South Africa
353.77,5.32,0.479,31.76,1202.1,0.36,3.16,1.32,-26.913801,23.326331,4.38,Alluvium_Unconsolidated,1,South Africa
387.38,8.0,0.347,37.0,906.3,0.306,3.14,2.47,-27.647761,22.771237,5.78,Alluvium_Unconsolidated,0,South Africa
384.13,6.97,0.273,34.66,1231.9,0.323,2.93,2.2,-27.071301,23.419084,4.74,Alluvium_Unconsolidated,0,South Africa
333.76,7.3,0.2,35.36,868.5,0.358,1.6,2.49,-27.795901,22.659051,5.6,Alluvium_Unconsolidated,0,South Africa
417.94,6.1,0.201,33.01,1216.4,0.261,1.69,2.44,-27.18711,23.365846,5.69,Alluvium_Unconsolidated,0,South Africa
428.46,7.83,0.499,36.59,934.8,0.219,1.94,2.04,-27.476049,22.833654,5.8,Alluvium_Unconsolidated,0,South Africa
393.89,6.46,0.313,33.66,999.0,0.335,2.03,1.55,-27.04291,22.952324,1.75,Alluvium_Unconsolidated,0,South Africa
403.15,7.27,0.25,35.29,867.8,0.313,2.9,2.31,-27.09082,22.656564,4.12,Alluvium_Unconsolidated,0,South Africa
351.99,8.0,0.228,36.99,904.6,0.346,2.44,2.46,-27.740518,22.766986,1.09,Alluvium_Unconsolidated,1,South Africa
395.75,6.25,0.322,33.28,1005.8,0.338,1.92,1.54,-27.036282,22.96411,0.93,Alluvium_Unconsolidated,0,South Africa
342.64,7.91,0.21,36.78,892.2,0.353,2.0,2.45,-27.766868,22.735305,3.84,Alluvium_Unconsolidated,0,South Africa
411.32,8.0,0.483,37.0,909.9,0.245,2.82,2.13,-27.536589,22.77969,1.31,Alluvium_Unconsolidated,0,South Africa
434.05,2.21,0.266,29.1,1141.5,0.22,2.65,2.32,-27.272176,23.196679,5.44,Alluvium_Unconsolidated,0,South Africa
407.03,5.85,0.498,32.59,852.5,0.231,3.16,1.36,-27.506134,22.567233,5.8,Alluvium_Unconsolidated,0,South Africa
334.67,7.28,0.489,35.33,966.8,0.358,1.61,2.36,-26.899225,22.895337,5.72,Alluvium_Unconsolidated,0,South Africa
450.07,5.93,0.286,32.72,1016.1,0.215,3.03,1.68,-27.287806,22.981585,2.89,Alluvium_Unconsolidated,0,South Africa
355.45,7.32,0.294,35.42,869.0,0.324,2.3,2.36,-27.684162,22.661414,1.56,Alluvium_Unconsolidated,1,South Africa
428.58,7.9,0.5,36.75,928.7,0.223,2.11,2.05,-27.487949,22.821036,5.54,Alluvium_Unconsolidated,0,South Africa
406.18,5.76,0.457,32.43,852.0,0.261,2.78,1.53,-27.566159,22.562441,3.74,Alluvium_Unconsolidated,0,South Africa
361.33,7.58,0.384,35.99,875.8,0.351,3.1,2.49,-26.994761,22.685933,5.03,Alluvium_Unconsolidated,0,South Africa
439.96,6.63,0.353,33.99,1225.9,0.204,1.99,2.27,-27.333798,23.396758,1.35,Alluvium_Unconsolidated,0,South Africa
371.98,6.68,0.329,34.08,858.9,0.312,2.23,2.13,-27.66033,22.61437,2.11,Alluvium_Unconsolidated,1,South Africa
407.7,6.39,0.261,33.53,856.0,0.318,2.65,2.46,-27.080857,22.596765,5.41,Alluvium_Unconsolidated,0,South Africa
334.86,1.9,0.203,29.03,1135.0,0.356,2.6,1.3,-27.782047,23.184699,3.07,Alluvium_Unconsolidated,0,South Africa
351.27,4.8,0.455,31.06,850.0,0.36,3.18,2.1,-26.940062,22.516814,1.49,Alluvium_Unconsolidated,1,South Africa
422.37,8.0,0.207,37.0,907.4,0.284,3.06,1.68,-27.145167,22.77372,2.61,Alluvium_Unconsolidated,1,South Africa
353.55,4.61,0.21,30.83,1053.8,0.353,3.14,1.52,-27.766981,23.044603,4.04,Alluvium_Unconsolidated,1,South Africa
418.43,7.83,0.48,36.59,934.7,0.207,1.69,1.85,-27.436555,22.833612,5.01,Alluvium_Unconsolidated,0,South Africa
389.86,7.98,0.404,36.94,918.1,0.285,3.16,2.43,-27.609297,22.798209,4.4,Alluvium_Unconsolidated,0,South Africa
348.15,6.51,0.224,33.76,997.0,0.348,3.19,1.93,-27.745318,22.948967,5.66,Alluvium_Unconsolidated,0,South Africa
335.32,2.95,0.485,29.4,1094.4,0.337,3.18,2.03,-26.815863,23.113003,5.77,Alluvium_Unconsolidated,1,South Africa
427.32,6.75,0.488,34.22,988.4,0.21,1.61,2.25,-27.448739,22.934054,1.69,Alluvium_Unconsolidated,0,South Africa
440.78,3.61,0.264,29.85,1078.8,0.221,3.14,1.97,-27.270844,23.086468,4.63,Alluvium_Unconsolidated,0,South Africa
355.15,7.51,0.469,35.85,955.3,0.36,1.64,2.32,-26.926221,22.873949,4.3,Alluvium_Unconsolidated,0,South Africa
423.53,7.65,0.202,36.16,878.3,0.258,2.21,1.74,-27.192669,22.694091,5.57,Alluvium_Unconsolidated,1,South Africa
418.57,6.3,0.499,33.36,1219.9,0.22,3.18,1.68,-27.479268,23.376774,3.82,Alluvium_Unconsolidated,0,South Africa
336.23,5.42,0.211,31.91,1031.4,0.353,3.19,1.64,-27.764254,23.007335,5.1,Alluvium_Unconsolidated,0,South Africa
442.08,2.63,0.442,29.24,1101.7,0.201,2.94,2.49,-27.398296,23.125521,3.82,Alluvium_Unconsolidated,0,South Africa
428.19,7.84,0.242,36.62,887.2,0.229,1.87,1.43,-27.251334,22.721297,3.85,Alluvium_Unconsolidated,0,South Africa
427.34,6.98,0.441,34.69,979.5,0.201,1.77,1.97,-27.397064,22.918283,2.93,Alluvium_Unconsolidated,1,South Africa
349.48,5.32,0.444,31.76,1202.1,0.359,3.19,1.39,-26.949613,23.326283,5.66,Alluvium_Unconsolidated,0,South Africa
345.11,5.65,0.206,32.27,1024.6,0.355,3.2,1.63,-27.775018,22.995877,5.63,Alluvium_Unconsolidated,0,South Africa
340.78,5.48,0.498,32.0,851.0,0.347,2.69,1.76,-26.844384,22.548744,5.54,Alluvium_Unconsolidated,1,South Africa
404.05,3.96,0.2,30.14,1176.3,0.272,1.6,2.11,-27.16727,23.266073,5.21,Alluvium_Unconsolidated,1,South Africa
442.68,1.5,0.213,29.0,1126.5,0.245,2.29,2.0,-27.216057,23.169195,3.7,Alluvium_Unconsolidated,0,South Africa
435.65,5.03,0.276,31.35,1196.6,0.218,2.01,2.5,-27.280275,23.312566,1.54,Alluvium_Unconsolidated,0,South Africa
355.25,5.81,0.458,32.51,1020.0,0.36,1.68,1.9,-26.937158,22.98823,5.72,Alluvium_Unconsolidated,0,South Africa
437.39,6.43,0.327,33.61,856.4,0.207,1.92,1.51,-27.316641,22.59919,5.8,Alluvium_Unconsolidated,0,South Africa
431.66,7.01,0.295,34.75,863.2,0.213,1.65,1.49,-27.294157,22.636634,4.5,Alluvium_Unconsolidated,0,South Africa
346.84,2.19,0.499,29.09,1111.6,0.349,3.13,1.76,-26.851705,23.142725,5.76,Alluvium_Unconsolidated,0,South Africa
368.22,4.42,0.261,30.61,850.2,0.335,1.61,1.96,-27.709504,22.500155,5.0,Alluvium_Unconsolidated,0,South Africa
431.06,2.46,0.473,29.18,1146.7,0.205,3.08,2.42,-27.428404,23.206484,2.23,Alluvium_Unconsolidated,0,South Africa
410.56,7.07,0.491,34.87,1233.7,0.212,2.9,1.62,-27.455059,23.426446,5.79,Alluvium_Unconsolidated,0,South Africa
425.4,5.8,0.2,32.5,852.2,0.268,1.7,2.26,-27.174023,22.564487,2.02,Alluvium_Unconsolidated,0,South Africa
376.3,4.23,0.34,30.41,1181.5,0.343,2.53,1.51,-27.024117,23.277416,1.79,Alluvium_Unconsolidated,0,South Africa
360.84,5.46,0.421,31.97,851.0,0.357,3.16,2.31,-26.968419,22.547522,0.9,Alluvium_Unconsolidated,0,South Africa
424.33,2.18,0.403,29.09,1140.9,0.2,3.2,2.5,-27.368118,23.195593,3.22,Alluvium_Unconsolidated,0,South Africa
423.22,1.67,0.227,29.01,1123.0,0.236,2.53,2.07,-27.235927,23.162802,4.96,Alluvium_Unconsolidated,0,South Africa
444.33,4.06,0.29,30.24,1178.3,0.214,2.37,2.49,-27.290953,23.270441,4.14,Alluvium_Unconsolidated,0,South Africa
364.84,7.86,0.243,36.67,931.9,0.341,2.93,2.39,-27.725079,22.827741,4.71,Alluvium_Unconsolidated,0,South Africa
447.25,7.73,0.45,36.34,1245.2,0.202,2.07,1.63,-27.404543,23.489014,2.03,Alluvium_Unconsolidated,1,South Africa
353.21,3.34,0.266,29.64,1085.3,0.334,2.43,1.6,-27.705784,23.097548,4.18,Alluvium_Unconsolidated,0,South Africa
440.95,5.88,0.497,32.63,1212.4,0.216,3.19,1.81,-27.467452,23.354148,3.63,Alluvium_Unconsolidated,0,South Africa
360.98,6.76,0.39,34.24,859.8,0.352,3.2,2.49,-26.991012,22.61951,2.75,Alluvium_Unconsolidated,0,South Africa
351.04,7.95,0.495,36.88,922.3,0.357,1.66,2.5,-26.886659,22.807517,4.04,Alluvium_Unconsolidated,0,South Africa
346.87,6.18,0.214,33.15,1217.8,0.351,1.6,1.58,-27.758899,23.37023,3.06,Alluvium_Unconsolidated,0,South Africa
460.36,5.32,0.243,31.76,1034.3,0.228,3.2,1.62,-27.252471,23.012212,2.77,Alluvium_Unconsolidated,0,South Africa
401.59,6.94,0.224,34.6,1231.4,0.299,2.52,2.36,-27.117599,23.41695,1.76,Alluvium_Unconsolidated,0,South Africa
373.93,2.47,0.392,29.18,1146.9,0.289,1.64,1.63,-27.617771,23.206855,0.87,Alluvium_Unconsolidated,0,South Africa
340.17,3.23,0.207,29.57,1087.9,0.355,2.98,1.37,-27.773253,23.101858,1.92,Alluvium_Unconsolidated,0,South Africa
338.43,6.43,0.202,33.61,999.9,0.357,3.06,1.72,-27.787322,22.953869,5.5,Alluvium_Unconsolidated,0,South Africa
440.42,1.86,0.201,29.02,1134.1,0.262,1.94,1.9,-27.184592,23.182959,0.85,Alluvium_Unconsolidated,0,South Africa
341.33,6.69,0.496,34.09,1226.9,0.344,2.2,1.3,-26.836876,23.400134,5.24,Alluvium_Unconsolidated,0,South Africa
327.87,6.73,0.499,34.19,859.5,0.349,2.32,2.04,-26.851655,22.617923,3.89,Alluvium_Unconsolidated,0,South Africa
425.73,7.43,0.364,35.66,1240.1,0.202,1.76,2.04,-27.341103,23.456711,2.65,Alluvium_Unconsolidated,1,South Africa
361.67,2.49,0.234,29.19,1104.8,0.344,2.49,1.41,-27.734108,23.130924,3.83,Alluvium_Unconsolidated,0,South Africa
323.95,2.16,0.493,29.08,1140.3,0.342,3.17,1.68,-26.830136,23.194524,4.59,Alluvium_Unconsolidated,1,South Africa
369.96,5.37,0.371,31.84,1032.8,0.297,2.28,2.24,-27.631927,23.009701,4.93,Alluvium_Unconsolidated,0,South Africa
425.91,7.12,0.499,34.99,1234.7,0.229,3.15,1.44,-27.501774,23.430548,4.56,Alluvium_Unconsolidated,0,South Africa
379.56,5.51,0.284,32.05,1205.6,0.327,1.69,1.32,-27.691816,23.335462,1.74,Alluvium_Unconsolidated,0,South Africa
452.41,8.0,0.291,37.0,907.5,0.214,1.83,1.3,-27.291113,22.774095,3.57,Alluvium_Unconsolidated,0,South Africa
405.34,2.23,0.29,29.1,1141.9,0.329,1.78,1.42,-27.058656,23.197478,5.29,Alluvium_Unconsolidated,0,South Africa
365.51,5.83,0.363,32.55,852.4,0.347,3.04,2.46,-27.009326,22.566161,2.78,Alluvium_Unconsolidated,0,South Africa
407.95,4.72,0.486,30.97,1190.9,0.243,2.8,1.7,-27.53228,23.299036,4.79,Alluvium_Unconsolidated,0,South Africa
412.21,6.3,0.494,33.36,855.3,0.235,3.18,1.43,-27.516169,22.591612,5.78,Alluvium_Unconsolidated,1,South Africa
418.37,7.91,0.204,36.78,927.2,0.28,3.15,1.52,-27.152144,22.817899,0.96,Alluvium_Unconsolidated,0,South Africa
422.39,5.29,0.201,31.72,1035.2,0.262,2.93,1.39,-27.183929,23.013645,5.76,Alluvium_Unconsolidated,0,South Africa
408.74,5.55,0.263,32.11,1027.6,0.319,2.07,1.34,-27.07923,23.000938,2.04,Alluvium_Unconsolidated,0,South Africa
376.49,7.97,0.408,36.91,898.0,0.355,2.68,2.43,-26.978021,22.750699,5.52,Alluvium_Unconsolidated,0,South Africa
379.73,7.04,0.325,34.8,863.6,0.313,2.36,2.22,-27.662594,22.638594,1.09,Alluvium_Unconsolidated,1,South Africa
414.3,6.55,0.206,33.82,1224.4,0.252,1.69,2.49,-27.204164,23.391402,5.69,Alluvium_Unconsolidated,0,South Africa
438.33,7.2,0.409,35.15,1236.0,0.2,2.09,1.97,-27.372536,23.436703,2.24,Alluvium_Unconsolidated,1,South Africa
394.18,7.42,0.258,35.63,960.3,0.317,2.83,1.59,-27.083606,22.883353,5.78,Alluvium_Unconsolidated,1,South Africa
392.44,6.45,0.405,33.63,856.5,0.284,2.63,1.84,-27.608497,22.599983,2.6,Alluvium_Unconsolidated,0,South Africa
417.84,7.99,0.201,36.98,913.8,0.273,3.0,1.55,-27.165193,22.788749,3.28,Alluvium_Unconsolidated,0,South Africa
323.95,7.51,0.48,35.85,873.8,0.333,1.68,2.05,-26.808031,22.679145,3.62,Alluvium_Unconsolidated,0,South Africa
422.53,7.27,0.213,35.3,967.2,0.245,3.11,1.3,-27.216363,22.896152,1.86,Alluvium_Unconsolidated,1,South Africa
422.31,7.04,0.414,34.8,1233.1,0.2,2.2,2.0,-27.375791,23.4241,3.05,Alluvium_Unconsolidated,0,South Africa
438.6,7.93,0.467,36.84,924.5,0.204,1.69,1.71,-27.421689,22.81213,4.98,Alluvium_Unconsolidated,0,South Africa
317.94,7.46,0.493,35.72,958.2,0.342,1.89,2.5,-26.829266,22.879438,4.58,Alluvium_Unconsolidated,0,South Africa
340.35,2.6,0.216,29.23,1102.4,0.351,2.71,1.37,-27.755833,23.126643,2.2,Alluvium_Unconsolidated,1,South Africa
353.15,7.22,0.251,35.19,866.9,0.339,1.95,2.43,-27.718442,22.652608,4.23,Alluvium_Unconsolidated,0,South Africa
406.95,7.2,0.282,35.15,866.5,0.326,3.05,2.41,-27.064411,22.651286,2.67,Alluvium_Unconsolidated,1,South Africa
360.46,7.54,0.449,35.91,874.7,0.359,2.8,2.49,-26.94552,22.682193,5.75,Alluvium_Unconsolidated,0,South Africa
406.59,5.78,0.448,32.47,1020.8,0.265,1.9,2.45,-27.574687,22.98945,5.79,Alluvium_Unconsolidated,0,South Africa
323.14,5.39,0.493,31.86,1203.4,0.342,2.58,1.34,-26.829808,23.329606,3.17,Alluvium_Unconsolidated,0,South Africa
444.66,7.6,0.377,36.06,950.2,0.201,1.84,1.57,-27.350052,22.864254,3.64,Alluvium_Unconsolidated,0,South Africa
421.86,7.93,0.208,36.83,894.0,0.25,2.35,1.53,-27.207571,22.740028,5.79,Alluvium_Unconsolidated,0,South Africa
338.7,7.73,0.454,36.36,881.7,0.36,2.62,2.5,-26.940909,22.704906,5.33,Alluvium_Unconsolidated,0,South Africa
420.83,6.27,0.498,33.31,1005.3,0.23,1.63,2.47,-27.504936,22.963258,4.13,Alluvium_Unconsolidated,0,South Africa
407.02,7.37,0.464,35.52,1239.0,0.203,2.43,1.7,-27.418187,23.450769,4.51,Alluvium_Unconsolidated,1,South Africa
349.91,6.76,0.268,34.23,1228.2,0.333,1.89,1.47,-27.704177,23.404769,4.01,Alluvium_Unconsolidated,0,South Africa
376.01,7.99,0.3,36.98,913.3,0.322,3.04,2.5,-27.680006,22.787548,5.41,Alluvium_Unconsolidated,0,South Africa
399.25,6.38,0.318,33.51,1221.5,0.337,2.98,1.92,-27.039433,23.381683,5.04,Alluvium_Unconsolidated,1,South Africa
426.61,6.93,0.283,34.58,862.0,0.216,1.63,1.54,-27.285577,22.630799,4.26,Alluvium_Unconsolidated,0,South Africa
409.28,6.34,0.229,33.44,1002.9,0.302,2.64,1.34,-27.11201,22.959097,5.38,Alluvium_Unconsolidated,0,South Africa
415.57,4.32,0.201,30.51,1061.1,0.275,2.49,1.42,-27.162061,23.056873,4.82,Alluvium_Unconsolidated,1,South Africa
444.09,4.98,0.32,31.29,850.1,0.208,2.31,1.77,-27.311944,22.5249,4.79,Alluvium_Unconsolidated,0,South Africa
343.8,7.57,0.484,35.98,875.6,0.336,1.69,2.1,-26.814338,22.685404,3.49,Alluvium_Unconsolidated,0,South Africa
435.9,7.3,0.376,35.36,966.0,0.201,2.0,1.66,-27.349594,22.893926,4.74,Alluvium_Unconsolidated,0,South Africa
433.67,7.78,0.311,36.46,1246.1,0.21,1.6,2.07,-27.305224,23.496045,5.63,Alluvium_Unconsolidated,0,South Africa
356.33,2.3,0.486,29.12,1109.2,0.359,2.78,1.55,-26.903459,23.138529,3.71,Alluvium_Unconsolidated,0,South Africa
376.99,7.49,0.327,35.79,873.2,0.313,2.62,2.32,-27.661535,22.676828,2.47,Alluvium_Unconsolidated,1,South Africa
451.21,6.74,0.269,34.19,989.0,0.22,2.91,1.49,-27.274678,22.935099,4.01,Alluvium_Unconsolidated,0,South Africa
439.21,7.46,0.224,35.72,1240.6,0.238,1.78,2.44,-27.231864,23.459265,5.25,Alluvium_Unconsolidated,0,South Africa
347.26,6.16,0.46,33.12,1217.5,0.36,3.14,1.44,-26.935822,23.369258,4.02,Alluvium_Unconsolidated,0,South Africa
354.13,1.65,0.486,29.0,1129.7,0.359,2.96,1.45,-26.904571,23.174931,4.92,Alluvium_Unconsolidated,0,South Africa
365.97,7.54,0.284,35.91,1242.0,0.327,2.37,1.6,-27.691211,23.467583,5.79,Alluvium_Unconsolidated,1,South Africa
413.34,6.26,0.468,33.28,854.9,0.255,3.0,1.56,-27.555001,22.589057,5.16,Alluvium_Unconsolidated,0,South Africa
385.02,3.62,0.344,29.85,1078.5,0.307,1.98,1.9,-27.649802,23.086071,5.77,Alluvium_Unconsolidated,0,South Africa
331.96,6.27,0.5,33.31,1005.3,0.352,2.08,2.31,-26.862005,22.963173,3.24,Alluvium_Unconsolidated,0,South Africa
376.54,5.56,0.354,32.11,1027.5,0.303,2.45,2.22,-27.643626,23.000799,4.05,Alluvium_Unconsolidated,0,South Africa
377.85,7.98,0.397,36.95,900.4,0.354,2.72,2.41,-26.985803,22.756603,5.61,Alluvium_Unconsolidated,0,South Africa
421.8,5.78,0.211,32.47,1020.8,0.289,2.67,1.3,-27.135775,22.989576,5.48,Alluvium_Unconsolidated,0,South Africa
428.7,6.99,0.32,34.7,862.9,0.208,1.73,1.44,-27.311862,22.635083,5.29,Alluvium_Unconsolidated,0,South Africa
436.54,7.74,0.329,36.38,1245.5,0.207,1.6,2.03,-27.317619,23.491218,5.2,Alluvium_Unconsolidated,0,South Africa
403.42,3.04,0.263,29.45,1158.3,0.319,1.78,1.58,-27.079221,23.229005,5.28,Alluvium_Unconsolidated,0,South Africa
428.87,5.9,0.5,32.66,1017.2,0.222,1.61,2.46,-27.485841,22.983496,1.99,Alluvium_Unconsolidated,1,South Africa
440.17,7.38,0.473,35.56,1239.3,0.205,2.51,1.65,-27.42772,23.452304,4.91,Alluvium_Unconsolidated,0,South Africa
368.04,5.37,0.363,31.83,1033.0,0.3,2.33,2.21,-27.637482,23.009966,4.69,Alluvium_Unconsolidated,0,South Africa
408.52,8.0,0.256,36.99,905.4,0.316,3.2,1.98,-27.085216,22.768879,3.11,Alluvium_Unconsolidated,0,South Africa
430.59,8.0,0.352,37.0,906.6,0.204,1.63,1.33,-27.33314,22.771913,1.13,Alluvium_Unconsolidated,1,South Africa
438.7,4.62,0.333,30.84,850.0,0.206,2.5,1.79,-27.320421,22.508894,3.77,Alluvium_Unconsolidated,0,South Africa
378.62,7.91,0.322,36.78,927.4,0.314,3.18,2.5,-27.664481,22.818365,5.75,Alluvium_Unconsolidated,1,South Africa
401.58,5.36,0.307,31.82,850.7,0.334,2.63,2.48,-27.046589,22.542901,5.46,Alluvium_Unconsolidated,0,South Africa
390.79,6.51,0.233,33.75,1223.7,0.305,2.45,2.25,-27.10664,23.389202,1.2,Alluvium_Unconsolidated,0,South Africa
421.08,7.26,0.323,35.27,967.9,0.208,2.34,1.53,-27.31403,22.897409,5.78,Alluvium_Unconsolidated,1,South Africa
423.42,6.33,0.204,33.42,1220.6,0.255,1.68,2.47,-27.197273,23.378843,5.71,Alluvium_Unconsolidated,0,South Africa
395.02,2.14,0.24,29.08,1140.0,0.309,1.61,1.56,-27.099646,23.193847,5.7,Alluvium_Unconsolidated,0,South Africa
402.06,6.47,0.49,33.69,856.8,0.24,3.17,1.49,-27.526259,22.601735,5.79,Alluvium_Unconsolidated,1,South Africa
386.92,7.95,0.447,36.88,896.1,0.266,3.17,2.19,-27.575885,22.745567,4.49,Alluvium_Unconsolidated,0,South Africa
378.76,6.91,0.398,34.54,861.7,0.354,3.19,2.49,-26.984794,22.629503,3.6,Alluvium_Unconsolidated,0,South Africa
435.91,3.36,0.324,29.65,1164.6,0.207,2.76,2.49,-27.314649,23.241674,5.7,Alluvium_Unconsolidated,0,South Africa
426.46,7.99,0.436,36.98,914.4,0.201,1.64,1.52,-27.393055,22.789992,4.33,Alluvium_Unconsolidated,0,South Africa
425.94,7.69,0.494,36.25,1244.5,0.213,2.62,1.44,-27.459787,23.483912,5.32,Alluvium_Unconsolidated,0,South Africa
432.81,7.31,0.316,35.4,868.8,0.209,1.64,1.39,-27.308755,22.660622,4.43,Alluvium_Unconsolidated,0,South Africa
364.27,7.38,0.242,35.55,1239.2,0.341,1.96,1.7,-27.726133,23.451861,4.52,Alluvium_Unconsolidated,1,South Africa
380.43,6.94,0.395,34.6,1231.4,0.288,2.76,1.31,-27.615682,23.416991,4.99,Alluvium_Unconsolidated,0,South Africa
341.2,7.9,0.207,36.75,891.1,0.355,1.94,2.44,-27.772447,22.732312,4.27,Alluvium_Unconsolidated,0,South Africa
395.37,7.19,0.311,35.14,1235.9,0.335,3.14,2.13,-27.043678,23.436007,5.78,Alluvium_Unconsolidated,1,South Africa
354.23,2.1,0.456,29.07,1139.2,0.36,2.79,1.33,-26.93897,23.192489,3.74,Alluvium_Unconsolidated,0,South Africa
424.45,7.44,0.2,35.68,871.8,0.27,2.28,1.93,-27.169464,22.67196,5.72,Alluvium_Unconsolidated,0,South Africa
426.76,6.48,0.213,33.7,1223.2,0.245,1.64,2.5,-27.216594,23.387481,5.8,Alluvium_Unconsolidated,0,South Africa
407.08,7.39,0.212,35.56,1239.3,0.29,2.59,2.46,-27.134057,23.452374,2.28,Alluvium_Unconsolidated,0,South Africa
421.06,7.44,0.5,35.69,1240.3,0.224,3.0,1.41,-27.490953,23.457839,5.6,Alluvium_Unconsolidated,0,South Africa
431.25,6.98,0.222,34.68,862.7,0.239,1.66,1.77,-27.229401,22.634263,1.37,Alluvium_Unconsolidated,0,South Africa
365.21,3.58,0.403,29.82,1169.0,0.354,2.75,1.34,-26.981868,23.250702,3.48,Alluvium_Unconsolidated,1,South Africa
450.43,7.23,0.37,35.23,1236.6,0.202,1.86,2.08,-27.345507,23.439331,1.5,Alluvium_Unconsolidated,0,South Africa
389.08,1.79,0.356,29.02,1132.7,0.346,2.02,1.31,-27.014014,23.180429,3.7,Alluvium_Unconsolidated,0,South Africa
367.16,3.82,0.372,30.02,1073.8,0.297,1.88,2.01,-27.63135,23.078126,5.78,Alluvium_Unconsolidated,0,South Africa
399.28,7.72,0.462,36.33,1245.2,0.258,3.19,1.31,-27.561332,23.48878,3.36,Alluvium_Unconsolidated,0,South Africa
398.7,2.41,0.432,29.16,1106.7,0.273,1.6,2.02,-27.588165,23.134184,2.13,Alluvium_Unconsolidated,1,South Africa
411.39,4.09,0.207,30.27,1066.9,0.284,2.27,1.39,-27.145064,23.066604,3.54,Alluvium_Unconsolidated,0,South Africa
424.71,6.69,0.465,34.1,990.8,0.204,1.72,2.14,-27.419712,22.938212,2.27,Alluvium_Unconsolidated,1,South Africa
450.02,4.54,0.305,30.75,1055.6,0.211,3.17,1.98,-27.301366,23.047691,0.94,Alluvium_Unconsolidated,1,South Africa
409.57,6.95,0.211,34.62,980.9,0.289,3.02,1.34,-27.1358,22.92076,5.53,Alluvium_Unconsolidated,0,South Africa
379.61,5.07,0.391,31.41,850.2,0.29,2.09,1.64,-27.618567,22.529141,3.16,Alluvium_Unconsolidated,0,South Africa
393.93,6.11,0.454,33.03,1216.6,0.262,2.86,1.38,-27.56921,23.366459,4.4,Alluvium_Unconsolidated,0,South Africa
416.38,6.68,0.424,34.09,858.9,0.2,2.42,1.32,-27.383345,22.61467,4.21,Alluvium_Unconsolidated,1,South Africa
406.11,7.69,0.422,36.26,944.7,0.277,2.9,2.48,-27.595972,22.853549,1.05,Alluvium_Unconsolidated,1,South Africa
421.17,7.28,0.2,35.33,868.2,0.264,2.09,1.92,-27.181305,22.658031,5.19,Alluvium_Unconsolidated,0,South Africa
343.25,5.16,0.463,31.54,1199.1,0.36,3.2,1.34,-26.931927,23.318812,5.35,Alluvium_Unconsolidated,0,South Africa
429.79,6.79,0.439,34.3,1228.8,0.201,2.49,1.96,-27.395359,23.407125,4.81,Alluvium_Unconsolidated,0,South Africa
419.44,7.62,0.472,36.09,877.1,0.252,3.19,1.89,-27.55088,22.690406,5.02,Alluvium_Unconsolidated,0,South Africa
402.07,6.5,0.381,33.74,997.4,0.293,2.6,2.41,-27.625259,22.949667,3.07,Alluvium_Unconsolidated,0,South Africa
371.61,6.0,0.46,32.84,1014.0,0.36,1.66,1.95,-26.934923,22.977936,5.77,Alluvium_Unconsolidated,0,South Africa
447.36,5.48,0.45,32.0,851.0,0.202,2.98,1.37,-27.404532,22.548748,1.92,Alluvium_Unconsolidated,0,South Africa
393.51,6.09,0.314,32.99,1011.1,0.336,1.91,1.49,-27.041642,22.973107,0.98,Alluvium_Unconsolidated,0,South Africa
362.6,2.87,0.5,29.35,1096.3,0.352,2.98,1.8,-26.862769,23.116286,5.03,Alluvium_Unconsolidated,1,South Africa
386.29,7.95,0.39,36.89,921.7,0.352,2.46,2.27,-26.990864,22.806121,4.63,Alluvium_Unconsolidated,0,South Africa
426.93,7.96,0.218,36.9,897.3,0.241,2.25,1.45,-27.224306,22.748805,5.66,Alluvium_Unconsolidated,0,South Africa
378.01,7.66,0.334,36.19,946.8,0.31,3.18,2.48,-27.656921,22.857597,4.79,Alluvium_Unconsolidated,1,South Africa
347.94,7.61,0.2,36.07,876.9,0.359,1.64,2.46,-27.798834,22.68953,5.8,Alluvium_Unconsolidated,0,South Africa
441.68,5.77,0.342,32.45,852.1,0.205,2.21,1.58,-27.326393,22.562802,5.22,Alluvium_Unconsolidated,0,South Africa
346.58,7.0,0.496,34.72,1232.4,0.344,2.08,1.31,-26.836927,23.421249,5.62,Alluvium_Unconsolidated,0,South Africa
398.35,3.36,0.484,29.66,1164.7,0.244,2.42,1.89,-27.535385,23.241894,5.8,Alluvium_Unconsolidated,0,South Africa
419.88,6.33,0.205,33.42,1220.5,0.282,1.99,2.37,-27.149489,23.378606,3.9,Alluvium_Unconsolidated,0,South Africa
383.55,7.8,0.335,36.52,885.0,0.341,3.16,2.38,-27.027937,22.714884,4.39,Alluvium_Unconsolidated,0,South Africa
418.91,3.62,0.494,29.85,1169.8,0.236,2.66,1.94,-27.517032,23.252447,5.38,Alluvium_Unconsolidated,0,South Africa
350.05,2.43,0.445,29.16,1106.2,0.359,2.33,1.41,-26.948893,23.133236,1.37,Alluvium_Unconsolidated,0,South Africa
348.18,7.74,0.492,36.36,881.7,0.341,1.69,2.22,-26.827074,22.705058,3.51,Alluvium_Unconsolidated,0,South Africa
456.46,6.81,0.472,34.33,986.5,0.205,1.66,2.15,-27.42702,22.930564,1.36,Alluvium_Unconsolidated,0,South Africa
345.02,2.05,0.25,29.06,1138.1,0.339,1.98,1.34,-27.719218,23.190326,5.77,Alluvium_Unconsolidated,0,South Africa
440.45,6.43,0.251,33.6,1222.3,0.225,1.62,2.48,-27.259713,23.384393,4.65,Alluvium_Unconsolidated,0,South Africa
316.79,3.56,0.486,29.81,1168.6,0.337,2.92,1.56,-26.816374,23.249989,1.3,Alluvium_Unconsolidated,0,South Africa
355.81,6.46,0.268,33.66,998.9,0.333,3.14,2.12,-27.704039,22.952172,3.96,Alluvium_Unconsolidated,0,South Africa
424.61,6.59,0.5,33.9,857.9,0.221,3.17,1.38,-27.483624,22.608469,4.44,Alluvium_Unconsolidated,0,South Africa
356.05,8.0,0.421,37.0,907.1,0.357,2.45,2.42,-26.96845,22.773077,4.61,Alluvium_Unconsolidated,1,South Africa
406.06,5.41,0.464,31.9,1031.7,0.257,1.73,2.46,-27.559453,23.007755,5.26,Alluvium_Unconsolidated,0,South Africa
343.18,5.63,0.203,32.23,1207.7,0.356,1.73,1.59,-27.78181,23.341266,5.26,Alluvium_Unconsolidated,1,South Africa
448.26,6.57,0.354,33.87,857.7,0.203,2.01,1.43,-27.334535,22.607722,5.74,Alluvium_Unconsolidated,0,South Africa
303.28,7.66,0.476,36.18,878.5,0.331,1.63,2.08,-26.803239,22.694852,4.49,Alluvium_Unconsolidated,0,South Africa
385.92,5.03,0.321,31.36,850.1,0.338,2.63,2.45,-27.036897,22.527222,5.48,Alluvium_Unconsolidated,0,South Africa
390.37,7.99,0.24,36.96,901.7,0.309,3.19,1.94,-27.099903,22.759866,1.65,Alluvium_Unconsolidated,0,South Africa
434.97,5.5,0.495,32.03,1205.5,0.214,3.2,1.9,-27.463218,23.335127,3.08,Alluvium_Unconsolidated,0,South Africa
424.23,6.57,0.22,33.87,1224.9,0.24,1.62,2.5,-27.227009,23.393046,5.77,Alluvium_Unconsolidated,0,South Africa
372.29,2.35,0.404,29.14,1144.3,0.355,2.46,1.3,-26.981062,23.202005,1.26,Alluvium_Unconsolidated,1,South Africa
401.54,5.16,0.482,31.54,1199.2,0.246,2.85,1.61,-27.538386,23.318996,4.44,Alluvium_Unconsolidated,0,South Africa
408.15,6.82,0.431,34.36,985.8,0.273,2.38,2.49,-27.588921,22.929497,4.44,Alluvium_Unconsolidated,1,South Africa
369.07,7.84,0.468,36.62,933.8,0.36,1.78,2.41,-26.927411,22.831604,2.44,Alluvium_Unconsolidated,1,South Africa
417.3,7.43,0.469,35.65,1240.0,0.254,3.2,1.3,-27.554269,23.456029,2.36,Alluvium_Unconsolidated,1,South Africa
407.07,7.26,0.208,35.28,867.7,0.25,1.87,1.8,-27.206759,22.655839,3.9,Alluvium_Unconsolidated,0,South Africa
415.86,2.37,0.211,29.14,1144.7,0.289,1.62,1.75,-27.136924,23.202678,4.72,Alluvium_Unconsolidated,0,South Africa
353.55,3.48,0.26,29.74,1167.0,0.335,1.69,1.3,-27.710372,23.246703,4.94,Alluvium_Unconsolidated,0,South Africa
405.13,1.85,0.457,29.02,1133.9,0.202,3.09,2.48,-27.411002,23.182649,2.12,Alluvium_Unconsolidated,0,South Africa
437.25,5.81,0.247,32.52,1019.9,0.227,3.18,1.56,-27.256143,22.987919,1.34,Alluvium_Unconsolidated,1,South Africa
436.76,6.14,0.455,33.07,1009.6,0.202,1.93,2.2,-27.409224,22.970625,4.32,Alluvium_Unconsolidated,0,South Africa
432.35,4.47,0.238,30.67,1186.1,0.23,1.88,2.45,-27.247841,23.287888,1.25,Alluvium_Unconsolidated,0,South Africa
394.15,7.59,0.341,36.02,876.2,0.308,2.76,2.32,-27.651706,22.687221,3.59,Alluvium_Unconsolidated,0,South Africa
370.3,6.25,0.22,33.27,1219.0,0.349,1.6,1.56,-27.751488,23.373902,2.38,Alluvium_Unconsolidated,0,South Africa
419.56,2.55,0.457,29.21,1103.5,0.261,1.64,2.14,-27.566659,23.128678,0.8,Alluvium_Unconsolidated,0,South Africa
364.45,1.62,0.242,29.0,1124.0,0.342,2.2,1.37,-27.726787,23.164724,5.25,Alluvium_Unconsolidated,0,South Africa
360.37,4.12,0.474,30.3,1179.4,0.36,3.18,1.3,-26.919789,23.272895,5.74,Alluvium_Unconsolidated,0,South Africa
388.25,7.78,0.274,36.46,883.7,0.331,2.47,2.48,-27.699273,22.711009,1.38,Alluvium_Unconsolidated,0,South Africa
384.02,6.53,0.435,33.79,857.3,0.272,2.85,1.75,-27.585978,22.60495,4.23,Alluvium_Unconsolidated,1,South Africa
313.22,5.23,0.475,31.63,1200.4,0.331,2.37,1.42,-26.802286,23.32201,4.5,Alluvium_Unconsolidated,0,South Africa
410.82,3.26,0.232,29.59,1087.2,0.304,1.78,1.36,-27.107879,23.100773,2.37,Alluvium_Unconsolidated,0,South Africa
420.36,4.91,0.497,31.2,850.0,0.217,3.18,1.3,-27.470347,22.521891,5.78,Alluvium_Unconsolidated,1,South Africa
355.36,7.98,0.424,36.96,916.5,0.357,2.29,2.38,-26.966052,22.794653,3.69,Alluvium_Unconsolidated,1,South Africa
420.11,3.37,0.368,29.67,1164.9,0.202,2.98,2.5,-27.343654,23.242391,5.67,Alluvium_Unconsolidated,0,South Africa
351.59,5.94,0.268,32.73,852.9,0.333,1.7,2.18,-27.703629,22.571763,5.67,Alluvium_Unconsolidated,1,South Africa
433.37,7.33,0.331,35.43,1238.3,0.206,1.68,2.18,-27.318932,23.44715,3.69,Alluvium_Unconsolidated,0,South Africa
422.67,6.16,0.201,33.12,854.3,0.26,1.69,2.14,-27.188757,22.583838,1.89,Alluvium_Unconsolidated,1,South Africa
409.89,7.36,0.211,35.5,869.9,0.289,2.55,2.1,-27.137115,22.664782,5.67,Alluvium_Unconsolidated,0,South Africa
395.52,7.3,0.461,35.38,1237.9,0.259,3.18,1.3,-27.562623,23.44518,1.22,Alluvium_Unconsolidated,0,South Africa
367.88,3.45,0.255,29.72,1166.5,0.337,1.71,1.3,-27.715002,23.245584,5.15,Alluvium_Unconsolidated,0,South Africa
372.53,3.07,0.3,29.47,1158.8,0.322,1.62,1.36,-27.680242,23.230119,3.98,Alluvium_Unconsolidated,0,South Africa
414.22,7.67,0.488,36.21,946.3,0.241,2.28,2.33,-27.529341,22.85664,4.95,Alluvium_Unconsolidated,0,South Africa
392.63,7.31,0.491,35.39,868.8,0.239,3.18,1.66,-27.524107,22.660431,4.73,Alluvium_Unconsolidated,0,South Africa
354.9,3.27,0.428,29.59,1086.9,0.358,2.0,1.44,-26.962863,23.100278,3.84,Alluvium_Unconsolidated,0,South Africa
418.55,2.51,0.2,29.19,1147.7,0.266,1.77,1.96,-27.178222,23.208429,2.47,Alluvium_Unconsolidated,0,South Africa
340.56,2.73,0.5,29.29,1099.4,0.351,3.02,1.79,-26.860006,23.121521,5.26,Alluvium_Unconsolidated,1,South Africa
387.6,5.79,0.409,32.48,852.2,0.283,2.43,1.7,-27.605851,22.563952,1.04,Alluvium_Unconsolidated,0,South Africa
402.53,4.63,0.26,30.85,850.0,0.318,2.09,2.49,-27.082297,22.509431,5.19,Alluvium_Unconsolidated,0,South Africa
363.36,4.61,0.287,30.84,1053.6,0.326,2.61,1.86,-27.689259,23.044336,3.01,Alluvium_Unconsolidated,0,South Africa
436.67,6.57,0.344,33.86,1224.7,0.205,1.96,2.3,-27.327581,23.392617,1.09,Alluvium_Unconsolidated,1,South Africa
434.0,6.59,0.326,33.9,1225.2,0.207,1.86,2.34,-27.315589,23.394071,1.48,Alluvium_Unconsolidated,1,South Africa
398.65,6.39,0.258,33.52,856.0,0.317,2.62,2.45,-27.08397,22.596456,5.5,Alluvium_Unconsolidated,0,South Africa
348.37,5.48,0.491,31.99,1204.9,0.358,3.06,1.31,-26.894912,23.333757,2.93,Alluvium_Unconsolidated,0,South Africa
368.73,7.92,0.315,36.79,892.5,0.317,2.88,2.46,-27.669724,22.736188,4.43,Alluvium_Unconsolidated,0,South Africa
431.89,7.85,0.23,36.64,887.9,0.234,1.97,1.46,-27.239313,22.723329,4.58,Alluvium_Unconsolidated,0,South Africa
354.07,7.9,0.259,36.74,890.8,0.336,2.49,2.5,-27.711257,22.73158,1.51,Alluvium_Unconsolidated,0,South Africa
363.55,5.77,0.29,32.45,852.1,0.325,1.75,2.08,-27.687214,22.562834,5.43,Alluvium_Unconsolidated,0,South Africa
351.73,6.97,0.457,34.66,980.2,0.36,1.6,2.14,-26.937908,22.919499,5.15,Alluvium_Unconsolidated,0,South Africa
344.48,7.93,0.494,36.84,924.5,0.357,1.65,2.5,-26.888493,22.812157,4.11,Alluvium_Unconsolidated,1,South Africa
398.83,3.7,0.461,29.92,1171.3,0.259,2.25,1.71,-27.562321,23.255531,5.66,Alluvium_Unconsolidated,1,South Africa
454.81,5.6,0.283,32.18,851.4,0.216,1.91,1.79,-27.285487,22.5545,5.79,Alluvium_Unconsolidated,0,South Africa
346.69,4.84,0.495,31.12,850.0,0.357,3.12,1.85,-26.886682,22.518891,4.89,Alluvium_Unconsolidated,0,South Africa
420.29,7.63,0.223,36.11,877.5,0.298,2.86,2.09,-27.119011,22.691756,4.38,Alluvium_Unconsolidated,0,South Africa
428.32,2.71,0.2,29.28,1151.7,0.267,1.73,1.98,-27.176419,23.216121,2.95,Alluvium_Unconsolidated,0,South Africa
379.33,4.75,0.287,31.0,1191.4,0.328,2.32,1.73,-27.061286,23.300183,1.45,Alluvium_Unconsolidated,0,South Africa
390.87,5.5,0.398,32.04,851.1,0.287,2.26,1.69,-27.613784,22.549773,1.86,Alluvium_Unconsolidated,0,South Africa
400.43,4.9,0.204,31.18,1194.2,0.256,1.6,2.35,-27.196635,23.306712,5.13,Alluvium_Unconsolidated,0,South Africa
350.63,1.78,0.456,29.02,1132.5,0.36,2.71,1.35,-26.939067,23.180102,3.21,Alluvium_Unconsolidated,1,South Africa
430.43,5.71,0.222,32.36,851.8,0.239,1.61,2.04,-27.229814,22.560035,3.76,Alluvium_Unconsolidated,0,South Africa
376.77,5.7,0.33,32.33,851.8,0.312,1.92,1.94,-27.659564,22.559246,4.41,Alluvium_Unconsolidated,0,South Africa
434.41,6.8,0.234,34.31,986.7,0.232,3.09,1.38,-27.243691,22.931047,2.15,Alluvium_Unconsolidated,0,South Africa
433.97,7.9,0.398,36.76,928.2,0.2,1.63,1.5,-27.364146,22.820084,1.04,Alluvium_Unconsolidated,0,South Africa
434.24,6.43,0.5,33.61,856.4,0.221,3.18,1.36,-27.481343,22.599229,4.63,Alluvium_Unconsolidated,0,South Africa
318.3,6.56,0.488,33.84,1224.6,0.338,2.1,1.3,-26.820613,23.392094,5.56,Alluvium_Unconsolidated,0,South Africa
413.4,7.82,0.479,36.57,886.0,0.207,2.26,1.48,-27.435596,22.717772,5.0,Alluvium_Unconsolidated,1,South Africa
373.95,7.19,0.434,35.14,970.7,0.358,1.69,2.1,-26.958332,22.902429,3.53,Alluvium_Unconsolidated,0,South Africa
442.05,2.82,0.443,29.33,1097.3,0.201,2.9,2.48,-27.398556,23.117958,4.13,Alluvium_Unconsolidated,0,South Africa
393.67,4.96,0.373,31.27,850.1,0.296,1.96,1.68,-27.630445,22.524211,4.09,Alluvium_Unconsolidated,0,South Africa
358.55,4.41,0.256,30.6,1059.0,0.337,2.77,1.71,-27.71359,23.053302,1.71,Alluvium_Unconsolidated,0,South Africa
406.82,7.74,0.266,36.36,941.9,0.32,2.96,1.74,-27.077155,22.848075,5.72,Alluvium_Unconsolidated,0,South Africa
371.07,7.31,0.339,35.39,868.7,0.309,2.59,2.25,-27.653312,22.660235,2.27,Alluvium_Unconsolidated,0,South Africa
416.74,4.78,0.493,31.03,1049.3,0.213,1.89,2.48,-27.458701,23.037199,4.04,Alluvium_Unconsolidated,0,South Africa
440.66,4.4,0.496,30.6,1184.8,0.215,3.14,2.06,-27.466969,23.284966,1.22,Alluvium_Unconsolidated,0,South Africa
405.93,7.72,0.483,36.32,881.0,0.246,3.14,1.87,-27.537674,22.702832,3.95,Alluvium_Unconsolidated,0,South Africa
426.93,4.4,0.474,30.59,1059.3,0.205,2.24,2.46,-27.42909,23.053797,5.64,Alluvium_Unconsolidated,0,South Africa
393.22,4.94,0.426,31.24,1044.8,0.275,1.84,2.33,-27.592708,23.029722,5.71,Alluvium_Unconsolidated,0,South Africa
444.77,3.49,0.364,29.75,1167.1,0.202,2.94,2.5,-27.341039,23.246863,5.75,Alluvium_Unconsolidated,0,South Africa
429.85,7.46,0.263,35.73,958.0,0.221,2.64,1.36,-27.269739,22.879067,5.43,Alluvium_Unconsolidated,0,South Africa
359.74,7.14,0.404,35.02,865.4,0.355,3.15,2.49,-26.981015,22.646413,4.45,Alluvium_Unconsolidated,1,South Africa
343.26,4.26,0.242,30.45,1062.6,0.341,2.84,1.64,-27.72596,23.05942,1.09,Alluvium_Unconsolidated,1,South Africa
456.31,7.66,0.368,36.19,946.8,0.202,1.85,1.53,-27.343969,22.857527,3.74,Alluvium_Unconsolidated,0,South Africa
388.21,6.61,0.413,33.95,1225.6,0.281,2.75,1.3,-27.60233,23.395677,5.03,Alluvium_Unconsolidated,0,South Africa
355.93,7.96,0.214,36.91,920.3,0.352,2.49,2.34,-27.75948,22.803186,1.47,Alluvium_Unconsolidated,0,South Africa
388.99,4.84,0.254,31.12,850.0,0.315,2.1,2.5,-27.087112,22.518959,5.25,Alluvium_Unconsolidated,0,South Africa
425.34,6.25,0.27,33.26,1006.1,0.219,3.04,1.57,-27.275993,22.964659,2.85,Alluvium_Unconsolidated,0,South Africa
386.06,7.99,0.424,36.98,903.3,0.276,3.18,2.32,-27.594546,22.763739,4.8,Alluvium_Unconsolidated,0,South Africa
367.9,6.34,0.347,33.44,1002.9,0.344,1.82,1.62,-27.019658,22.959043,1.91,Alluvium_Unconsolidated,0,South Africa
354.88,7.03,0.22,34.79,977.6,0.349,3.12,2.03,-27.750598,22.914803,5.71,Alluvium_Unconsolidated,0,South Africa
366.45,7.69,0.373,36.25,879.7,0.296,2.98,2.27,-27.630813,22.698833,5.06,Alluvium_Unconsolidated,0,South Africa
342.46,7.89,0.209,36.72,890.1,0.354,1.96,2.46,-27.767609,22.729586,4.11,Alluvium_Unconsolidated,0,South Africa
397.56,2.64,0.211,29.24,1101.6,0.289,1.86,1.5,-27.136591,23.125366,1.47,Alluvium_Unconsolidated,1,South Africa
419.65,5.45,0.249,31.95,850.9,0.313,2.23,2.49,-27.091524,22.547002,5.63,Alluvium_Unconsolidated,0,South Africa
336.75,7.67,0.499,36.22,879.2,0.348,1.84,2.28,-26.848441,22.697102,1.66,Alluvium_Unconsolidated,0,South Africa
347.65,7.99,0.206,36.97,914.7,0.355,2.27,2.32,-27.773986,22.79066,1.83,Alluvium_Unconsolidated,1,South Africa
433.61,4.1,0.234,30.28,1066.9,0.233,3.08,1.76,-27.242924,23.066496,5.24,Alluvium_Unconsolidated,0,South Africa
350.64,3.01,0.227,29.43,1157.7,0.347,1.97,1.3,-27.742592,23.227982,5.79,Alluvium_Unconsolidated,0,South Africa
383.99,6.28,0.308,33.32,1005.0,0.334,2.0,1.51,-27.045953,22.962782,1.46,Alluvium_Unconsolidated,1,South Africa
409.4,7.41,0.478,35.61,1239.7,0.249,3.2,1.31,-27.543468,23.454577,3.04,Alluvium_Unconsolidated,0,South Africa
420.41,7.71,0.215,36.31,943.4,0.292,3.19,1.51,-27.129955,22.851039,3.75,Alluvium_Unconsolidated,0,South Africa
384.6,1.55,0.368,29.0,1127.5,0.298,1.61,1.67,-27.634156,23.171,3.58,Alluvium_Unconsolidated,0,South Africa
449.87,4.95,0.229,31.25,1044.7,0.235,3.16,1.62,-27.237567,23.029504,4.39,Alluvium_Unconsolidated,0,South Africa
335.47,6.59,0.478,33.91,1225.2,0.333,1.97,1.31,-26.805938,23.394289,5.79,Alluvium_Unconsolidated,0,South Africa
323.64,6.21,0.5,33.19,854.6,0.351,2.59,1.96,-26.858708,22.586232,5.23,Alluvium_Unconsolidated,0,South Africa
449.93,2.31,0.423,29.12,1143.5,0.2,3.2,2.5,-27.383061,23.200438,2.42,Alluvium_Unconsolidated,0,South Africa
402.61,5.47,0.474,31.98,851.0,0.251,2.85,1.43,-27.548878,22.548115,4.18,Alluvium_Unconsolidated,1,South Africa
389.54,7.14,0.455,35.02,973.1,0.262,2.33,2.49,-27.568367,22.90677,4.7,Alluvium_Unconsolidated,0,South Africa
395.27,7.96,0.434,36.89,921.4,0.272,3.04,2.39,-27.586452,22.805646,2.68,Alluvium_Unconsolidated,0,South Africa
346.35,6.59,0.229,33.91,1225.2,0.346,1.65,1.58,-27.739931,23.394174,1.08,Alluvium_Unconsolidated,0,South Africa
426.15,3.44,0.498,29.71,1083.0,0.23,1.84,2.44,-27.503669,23.093564,3.59,Alluvium_Unconsolidated,0,South Africa
421.41,6.29,0.209,33.34,1004.8,0.249,3.19,1.36,-27.209724,22.962307,3.4,Alluvium_Unconsolidated,1,South Africa
342.75,7.27,0.22,35.31,868.0,0.349,1.74,2.49,-27.751116,22.657154,5.46,Alluvium_Unconsolidated,0,South Africa
440.67,5.68,0.301,32.31,851.7,0.212,1.99,1.72,-27.29854,22.558512,5.77,Alluvium_Unconsolidated,0,South Africa
411.06,7.93,0.214,36.82,925.4,0.292,3.19,1.61,-27.131435,22.814109,1.99,Alluvium_Unconsolidated,0,South Africa
364.05,1.68,0.249,29.01,1122.7,0.339,2.15,1.39,-27.719892,23.162434,5.42,Alluvium_Unconsolidated,0,South Africa
435.16,6.82,0.497,34.36,985.8,0.231,1.73,2.43,-27.507867,22.929463,5.28,Alluvium_Unconsolidated,0,South Africa
434.22,6.41,0.211,33.57,1000.6,0.247,3.2,1.36,-27.21274,22.95517,2.89,Alluvium_Unconsolidated,0,South Africa
408.56,4.33,0.456,30.52,1061.0,0.261,1.63,2.34,-27.567597,23.056666,4.15,Alluvium_Unconsolidated,0,South Africa
352.2,5.38,0.493,31.86,850.8,0.357,3.06,1.96,-26.89075,22.543959,5.36,Alluvium_Unconsolidated,0,South Africa
445.81,5.84,0.287,32.56,1211.6,0.215,1.87,2.48,-27.288629,23.351862,1.39,Alluvium_Unconsolidated,1,South Africa
452.43,1.81,0.495,29.02,1119.9,0.214,2.56,2.42,-27.464018,23.157303,5.64,Alluvium_Unconsolidated,0,South Africa
442.08,7.05,0.326,34.83,976.8,0.207,2.42,1.58,-27.316085,22.913481,5.8,Alluvium_Unconsolidated,0,South Africa
404.22,8.0,0.498,36.99,912.4,0.229,2.48,2.0,-27.503317,22.785508,3.86,Alluvium_Unconsolidated,0,South Africa
353.24,3.41,0.355,29.69,1083.6,0.346,1.66,1.33,-27.014694,23.094683,5.78,Alluvium_Unconsolidated,0,South Africa
389.49,4.61,0.252,30.83,850.0,0.314,2.03,2.5,-27.088917,22.508367,4.9,Alluvium_Unconsolidated,0,South Africa
432.06,1.98,0.284,29.04,1136.7,0.215,2.83,2.35,-27.286342,23.187784,5.78,Alluvium_Unconsolidated,0,South Africa
342.31,7.32,0.491,35.4,1238.1,0.358,2.47,1.5,-26.895389,23.446199,3.93,Alluvium_Unconsolidated,0,South Africa
436.13,7.71,0.321,36.3,943.8,0.208,2.07,1.41,-27.312687,22.85179,5.11,Alluvium_Unconsolidated,0,South Africa
357.1,7.17,0.474,35.09,1235.5,0.36,2.77,1.56,-26.920812,23.434454,1.69,Alluvium_Unconsolidated,0,South Africa
328.63,7.99,0.237,36.98,903.5,0.343,2.51,2.47,-27.731697,22.764464,1.62,Alluvium_Unconsolidated,1,South Africa
433.77,6.38,0.466,33.52,1001.5,0.204,1.78,2.21,-27.420504,22.956705,3.07,Alluvium_Unconsolidated,0,South Africa
427.47,4.81,0.222,31.07,1048.5,0.298,2.22,1.31,-27.119632,23.035834,3.23,Alluvium_Unconsolidated,0,South Africa
432.34,2.13,0.29,29.07,1113.0,0.214,3.05,2.25,-27.290592,23.145145,5.39,Alluvium_Unconsolidated,0,South Africa
430.46,7.48,0.479,35.78,956.8,0.207,1.61,2.01,-27.43587,22.87679,3.45,Alluvium_Unconsolidated,0,South Africa
446.0,4.89,0.312,31.18,1046.2,0.21,3.11,1.94,-27.305952,23.031958,1.79,Alluvium_Unconsolidated,0,South Africa
441.79,3.41,0.331,29.69,1083.6,0.206,3.19,2.21,-27.318865,23.094603,1.96,Alluvium_Unconsolidated,0,South Africa
315.23,4.66,0.477,30.89,1052.5,0.332,3.04,2.31,-26.804135,23.042433,5.36,Alluvium_Unconsolidated,1,South Africa
354.74,7.23,0.478,35.22,867.1,0.36,2.7,2.39,-26.915041,22.653741,5.56,Alluvium_Unconsolidated,0,South Africa
423.22,3.52,0.314,29.77,1081.0,0.209,3.2,2.15,-27.307468,23.090147,2.56,Alluvium_Unconsolidated,1,South Africa
374.35,6.49,0.347,33.72,856.9,0.344,3.11,2.5,-27.019854,22.602687,1.79,Alluvium_Unconsolidated,0,South Africa
427.43,5.97,0.482,32.79,1214.0,0.208,3.09,1.93,-27.439605,23.358937,5.18,Alluvium_Unconsolidated,1,South Africa
361.19,5.21,0.472,31.61,850.4,0.36,3.19,2.08,-26.923248,22.535751,3.54,Alluvium_Unconsolidated,1,South Africa
423.41,7.91,0.208,36.77,891.8,0.286,2.91,1.83,-27.142013,22.734312,4.08,Alluvium_Unconsolidated,0,South Africa
388.22,3.56,0.277,29.8,1168.5,0.324,1.95,1.6,-27.06864,23.249772,4.19,Alluvium_Unconsolidated,0,South Africa
438.02,4.32,0.424,30.51,1183.3,0.2,3.06,2.39,-27.383159,23.281611,5.34,Alluvium_Unconsolidated,0,South Africa
382.23,5.42,0.329,31.92,1204.0,0.34,2.78,1.71,-27.03156,23.331296,3.73,Alluvium_Unconsolidated,0,South Africa
410.1,6.76,0.245,34.25,1228.3,0.311,2.66,2.25,-27.095383,23.405244,2.79,Alluvium_Unconsolidated,1,South Africa
366.14,7.74,0.281,36.37,881.8,0.328,2.49,2.46,-27.693453,22.705227,1.53,Alluvium_Unconsolidated,0,South Africa
394.43,6.36,0.457,33.48,1221.1,0.261,2.95,1.36,-27.566528,23.380591,3.71,Alluvium_Unconsolidated,0,South Africa
359.09,7.86,0.303,36.67,932.0,0.321,3.17,2.48,-27.677963,22.828051,5.8,Alluvium_Unconsolidated,1,South Africa
370.37,7.68,0.281,36.23,945.6,0.328,3.17,2.41,-27.693962,22.855304,5.79,Alluvium_Unconsolidated,0,South Africa
320.2,7.98,0.497,36.94,899.7,0.346,1.63,2.4,-26.841576,22.754821,4.57,Alluvium_Unconsolidated,0,South Africa
447.82,7.47,0.312,35.75,872.7,0.21,1.61,1.37,-27.306006,22.674962,3.74,Alluvium_Unconsolidated,0,South Africa
358.68,6.93,0.491,34.57,862.0,0.358,2.65,2.27,-26.894671,22.630718,5.43,Alluvium_Unconsolidated,1,South Africa
361.89,7.09,0.462,34.91,1234.0,0.36,2.91,1.59,-26.933871,23.427709,1.22,Alluvium_Unconsolidated,0,South Africa
337.64,7.99,0.243,36.99,912.9,0.341,2.7,2.46,-27.725829,22.786663,3.09,Alluvium_Unconsolidated,0,South Africa
410.89,4.26,0.236,30.44,1182.1,0.307,1.83,1.86,-27.104082,23.278848,4.97,Alluvium_Unconsolidated,0,South Africa
407.53,5.51,0.242,32.04,1028.9,0.31,2.22,1.31,-27.097703,23.003036,3.22,Alluvium_Unconsolidated,0,South Africa
429.68,6.9,0.205,34.52,1230.7,0.254,1.8,2.5,-27.199695,23.414329,5.17,Alluvium_Unconsolidated,0,South Africa
441.84,6.36,0.476,33.47,1002.4,0.206,1.73,2.25,-27.431525,22.958177,2.38,Alluvium_Unconsolidated,0,South Africa
358.05,6.91,0.468,34.55,861.8,0.36,2.93,2.37,-26.927262,22.629772,5.77,Alluvium_Unconsolidated,0,South Africa
363.31,3.84,0.31,30.04,1073.2,0.318,2.24,1.82,-27.6728,23.077085,5.09,Alluvium_Unconsolidated,1,South Africa
438.48,7.55,0.406,35.94,1242.2,0.2,1.9,1.86,-27.370029,23.468617,1.12,Alluvium_Unconsolidated,1,South Africa
425.77,6.67,0.256,34.06,858.8,0.224,1.61,1.68,-27.264079,22.613853,3.67,Alluvium_Unconsolidated,0,South Africa
364.61,3.24,0.427,29.57,1087.7,0.358,2.0,1.43,-26.963732,23.101504,3.84,Alluvium_Unconsolidated,0,South Africa
331.82,5.21,0.203,31.6,1200.0,0.356,1.81,1.53,-27.782247,23.320936,5.63,Alluvium_Unconsolidated,0,South Africa
334.29,4.76,0.486,31.01,1191.5,0.337,2.65,1.42,-26.817727,23.300393,2.67,Alluvium_Unconsolidated,1,South Africa
424.73,7.31,0.201,35.4,965.2,0.26,3.19,1.31,-27.188815,22.892377,1.61,Alluvium_Unconsolidated,0,South Africa
428.05,4.77,0.494,31.02,850.0,0.213,3.19,1.32,-27.460211,22.515497,5.72,Alluvium_Unconsolidated,0,South Africa
459.58,6.12,0.307,33.03,1010.4,0.21,2.89,1.71,-27.302905,22.971869,4.22,Alluvium_Unconsolidated,0,South Africa
361.94,6.9,0.47,34.52,982.8,0.36,1.6,2.18,-26.924982,22.924185,5.61,Alluvium_Unconsolidated,0,South Africa
342.91,6.73,0.496,34.17,989.4,0.356,1.77,2.3,-26.884352,22.935678,5.3,Alluvium_Unconsolidated,0,South Africa
343.72,7.35,0.499,35.49,1238.7,0.348,2.02,1.37,-26.848609,23.449563,5.74,Alluvium_Unconsolidated,0,South Africa
331.03,7.84,0.5,36.6,934.2,0.353,1.6,2.5,-26.865862,22.832605,5.57,Alluvium_Unconsolidated,0,South Africa
389.72,7.88,0.276,36.72,930.0,0.324,3.01,1.86,-27.06942,22.823944,5.57,Alluvium_Unconsolidated,0,South Africa
319.11,5.44,0.479,31.94,1030.9,0.333,2.85,2.38,-26.806774,23.006547,4.21,Alluvium_Unconsolidated,0,South Africa
419.23,4.98,0.455,31.29,850.1,0.262,2.54,1.44,-27.568742,22.525012,1.86,Alluvium_Unconsolidated,1,South Africa
425.37,2.67,0.258,29.26,1100.7,0.223,2.99,2.08,-27.265829,23.123806,5.65,Alluvium_Unconsolidated,0,South Africa
438.8,7.14,0.48,35.02,865.4,0.207,2.73,1.34,-27.437326,22.64645,2.08,Alluvium_Unconsolidated,0,South Africa
410.96,7.66,0.203,36.18,946.9,0.279,3.2,1.41,-27.154803,22.857887,2.41,Alluvium_Unconsolidated,0,South Africa
387.28,7.78,0.295,36.47,1246.2,0.324,2.62,1.66,-27.683731,23.49656,5.49,Alluvium_Unconsolidated,0,South Africa
439.11,6.7,0.496,34.11,1227.1,0.215,3.08,1.66,-27.46546,23.400841,5.25,Alluvium_Unconsolidated,0,South Africa
382.02,4.71,0.281,30.95,1051.1,0.326,1.77,1.32,-27.065685,23.040147,2.49,Alluvium_Unconsolidated,0,South Africa
397.76,7.96,0.244,36.89,896.8,0.311,3.18,2.0,-27.096388,22.747581,1.3,Alluvium_Unconsolidated,1,South Africa
347.47,6.71,0.213,34.14,990.1,0.352,3.13,1.9,-27.761731,22.936888,5.76,Alluvium_Unconsolidated,0,South Africa
342.57,6.93,0.485,34.57,1231.2,0.337,1.93,1.3,-26.816189,23.416164,5.8,Alluvium_Unconsolidated,0,South Africa
357.68,7.9,0.206,36.75,928.6,0.355,2.45,2.23,-27.775496,22.820853,1.16,Alluvium_Unconsolidated,0,South Africa
323.26,5.27,0.494,31.69,1035.8,0.343,2.69,2.28,-26.83189,23.014646,3.0,Alluvium_Unconsolidated,0,South Africa
378.52,4.52,0.367,30.73,1056.0,0.348,1.6,1.43,-27.006482,23.048308,5.64,Alluvium_Unconsolidated,0,South Africa
392.94,7.57,0.483,35.98,1242.6,0.246,3.17,1.31,-27.537715,23.470817,4.07,Alluvium_Unconsolidated,0,South Africa
333.95,7.24,0.229,35.24,867.4,0.346,1.8,2.47,-27.739387,22.654638,5.13,Alluvium_Unconsolidated,0,South Africa
435.65,6.45,0.221,33.65,1222.7,0.239,1.61,2.5,-27.228634,23.385846,5.69,Alluvium_Unconsolidated,0,South Africa
428.31,5.04,0.487,31.38,1042.0,0.209,1.92,2.45,-27.446588,23.025046,4.26,Alluvium_Unconsolidated,0,South Africa
450.02,6.54,0.233,33.81,857.4,0.233,1.6,1.82,-27.242045,22.605771,2.56,Alluvium_Unconsolidated,0,South Africa
437.99,6.73,0.286,34.19,859.5,0.215,1.67,1.57,-27.287634,22.617885,4.79,Alluvium_Unconsolidated,0,South Africa
398.46,3.31,0.257,29.62,1085.9,0.316,1.67,1.32,-27.08477,23.098518,3.8,Alluvium_Unconsolidated,0,South Africa
432.37,6.54,0.249,33.81,1224.3,0.226,1.61,2.48,-27.258035,23.39104,4.92,Alluvium_Unconsolidated,0,South Africa
343.97,7.43,0.202,35.65,1240.0,0.357,1.63,2.01,-27.788647,23.456085,1.08,Alluvium_Unconsolidated,0,South Africa
423.95,6.75,0.207,34.23,988.4,0.252,3.2,1.32,-27.204343,22.933899,2.49,Alluvium_Unconsolidated,1,South Africa
446.24,2.43,0.355,29.16,1145.9,0.203,3.08,2.48,-27.334999,23.205087,5.25,Alluvium_Unconsolidated,0,South Africa
407.5,1.73,0.271,29.01,1121.6,0.322,1.62,1.39,-27.0728,23.160417,5.76,Alluvium_Unconsolidated,0,South Africa
418.22,6.79,0.498,34.3,860.2,0.218,3.1,1.38,-27.474202,22.621452,3.39,Alluvium_Unconsolidated,0,South Africa
342.59,6.7,0.212,34.12,859.1,0.352,1.61,2.46,-27.763066,22.61559,5.68,Alluvium_Unconsolidated,0,South Africa
359.34,5.31,0.489,31.76,850.6,0.358,3.11,1.99,-26.899685,22.540645,4.96,Alluvium_Unconsolidated,1,South Africa
431.09,3.43,0.219,29.7,1165.9,0.241,1.93,2.28,-27.225052,23.244463,0.81,Alluvium_Unconsolidated,0,South Africa
346.3,7.92,0.204,36.81,893.2,0.356,1.91,2.42,-27.779648,22.737944,4.45,Alluvium_Unconsolidated,0,South Africa
334.7,7.75,0.477,36.4,940.9,0.332,1.91,2.47,-26.804944,22.846018,4.48,Alluvium_Unconsolidated,0,South Africa
327.54,7.83,0.5,36.58,935.0,0.349,1.62,2.5,-26.852641,22.834243,5.78,Alluvium_Unconsolidated,0,South Africa
391.03,6.17,0.338,33.13,1217.6,0.342,3.02,1.81,-27.025637,23.369694,5.26,Alluvium_Unconsolidated,0,South Africa
444.62,7.7,0.38,36.28,944.2,0.201,1.78,1.54,-27.351663,22.85251,3.03,Alluvium_Unconsolidated,0,South Africa
387.63,1.84,0.302,29.02,1133.8,0.332,1.77,1.37,-27.050543,23.182501,5.35,Alluvium_Unconsolidated,0,South Africa
351.78,2.23,0.476,29.1,1110.7,0.36,2.67,1.49,-26.917423,23.141151,2.92,Alluvium_Unconsolidated,0,South Africa
392.6,7.77,0.318,36.45,883.5,0.337,3.19,2.35,-27.039282,22.710511,3.57,Alluvium_Unconsolidated,0,South Africa
427.54,7.98,0.241,36.96,901.0,0.229,2.07,1.36,-27.250452,22.758048,5.1,Alluvium_Unconsolidated,1,South Africa
437.68,2.59,0.232,29.22,1149.1,0.233,2.27,2.25,-27.241035,23.211188,3.52,Alluvium_Unconsolidated,0,South Africa
353.67,7.5,0.209,35.82,1241.3,0.353,1.73,1.94,-27.767409,23.463223,2.44,Alluvium_Unconsolidated,1,South Africa
383.26,2.55,0.445,29.21,1103.6,0.267,1.61,2.09,-27.577771,23.128854,1.62,Alluvium_Unconsolidated,1,South Africa
431.83,6.51,0.379,33.76,1223.8,0.201,2.18,2.22,-27.351149,23.389459,2.95,Alluvium_Unconsolidated,0,South Africa
336.38,6.02,0.484,32.87,1013.4,0.359,1.8,2.08,-26.907149,22.977068,5.13,Alluvium_Unconsolidated,0,South Africa
384.85,1.95,0.412,29.04,1116.9,0.356,2.2,1.32,-26.975188,23.151971,2.38,Alluvium_Unconsolidated,0,South Africa
448.3,7.86,0.429,36.66,932.3,0.2,1.6,1.61,-27.38713,22.828529,2.32,Alluvium_Unconsolidated,0,South Africa
392.97,7.96,0.433,36.91,897.8,0.272,3.19,2.25,-27.587379,22.74995,4.89,Alluvium_Unconsolidated,0,South Africa
416.82,7.01,0.201,34.75,1232.7,0.262,1.95,2.49,-27.184173,23.422341,4.21,Alluvium_Unconsolidated,1,South Africa
420.25,1.66,0.445,29.01,1130.0,0.201,3.12,2.5,-27.400543,23.175574,1.7,Alluvium_Unconsolidated,0,South Africa
398.39,6.85,0.322,34.41,1229.7,0.338,3.1,2.01,-27.036573,23.410639,5.67,Alluvium_Unconsolidated,1,South Africa
405.16,6.35,0.295,33.45,855.7,0.33,2.85,2.49,-27.055411,22.594368,4.44,Alluvium_Unconsolidated,0,South Africa
424.34,5.33,0.498,31.78,850.6,0.217,3.2,1.3,-27.471386,22.541558,5.62,Alluvium_Unconsolidated,1,South Africa
428.17,7.88,0.403,36.71,930.1,0.2,1.63,1.52,-27.368109,22.824046,1.14,Alluvium_Unconsolidated,1,South Africa
428.11,7.76,0.246,36.43,883.0,0.227,1.78,1.44,-27.255371,22.709047,3.07,Alluvium_Unconsolidated,1,South Africa
337.02,5.42,0.477,31.92,1031.3,0.332,2.88,2.39,-26.804138,23.007214,4.38,Alluvium_Unconsolidated,1,South Africa
378.87,1.88,0.289,29.03,1118.3,0.328,1.64,1.35,-27.059589,23.154604,5.8,Alluvium_Unconsolidated,0,South Africa
393.05,4.61,0.444,30.83,850.0,0.267,2.34,1.43,-27.578097,22.508509,1.25,Alluvium_Unconsolidated,1,South Africa
363.33,7.74,0.31,36.37,941.8,0.319,3.2,2.47,-27.672891,22.847709,5.56,Alluvium_Unconsolidated,0,South Africa
416.81,6.22,0.485,33.22,1007.0,0.244,1.74,2.5,-27.534091,22.966154,5.34,Alluvium_Unconsolidated,0,South Africa
328.32,8.0,0.497,37.0,907.3,0.345,1.6,2.43,-26.839201,22.773595,5.2,Alluvium_Unconsolidated,0,South Africa
404.71,1.93,0.5,29.04,1135.7,0.225,2.47,2.27,-27.492359,23.185938,5.77,Alluvium_Unconsolidated,0,South Africa
374.62,7.68,0.367,36.23,879.4,0.299,2.95,2.28,-27.634623,22.697935,4.88,Alluvium_Unconsolidated,0,South Africa
382.24,6.17,0.427,33.12,854.3,0.275,2.68,1.71,-27.592275,22.584017,2.98,Alluvium_Unconsolidated,1,South Africa
358.48,5.76,0.473,32.44,1210.2,0.36,3.14,1.36,-26.921411,23.348052,4.0,Alluvium_Unconsolidated,0,South Africa
378.79,5.69,0.382,32.32,1208.9,0.351,3.09,1.59,-26.996372,23.344381,5.6,Alluvium_Unconsolidated,0,South Africa
418.07,2.08,0.201,29.06,1114.0,0.274,1.95,1.67,-27.162571,23.146848,1.0,Alluvium_Unconsolidated,0,South Africa
328.27,3.5,0.465,29.76,1167.4,0.36,3.09,1.3,-26.930298,23.247373,5.63,Alluvium_Unconsolidated,0,South Africa
341.81,4.71,0.499,30.95,1190.7,0.354,3.06,1.32,-26.871024,23.298335,2.91,Alluvium_Unconsolidated,0,South Africa
416.83,5.05,0.499,31.39,1197.1,0.219,3.17,1.9,-27.478248,23.313775,0.97,Alluvium_Unconsolidated,1,South Africa
383.92,6.18,0.297,33.14,1217.7,0.331,2.81,1.95,-27.053834,23.369932,3.94,Alluvium_Unconsolidated,0,South Africa
429.76,4.83,0.218,31.1,1047.8,0.241,3.09,1.58,-27.224563,23.034723,5.14,Alluvium_Unconsolidated,0,South Africa
449.46,2.1,0.406,29.07,1139.2,0.2,3.2,2.5,-27.370319,23.192392,2.93,Alluvium_Unconsolidated,0,South Africa
395.35,6.65,0.281,34.02,858.5,0.326,2.87,2.47,-27.065168,22.61252,4.32,Alluvium_Unconsolidated,1,South Africa
415.67,5.46,0.476,31.96,1030.4,0.25,1.67,2.48,-27.546504,23.005617,4.81,Alluvium_Unconsolidated,0,South Africa
429.76,1.59,0.443,29.0,1128.4,0.201,3.12,2.5,-27.398434,23.172623,1.69,Alluvium_Unconsolidated,1,South Africa
352.93,6.63,0.274,33.98,858.3,0.331,1.88,2.28,-27.699001,22.611128,4.65,Alluvium_Unconsolidated,1,South Africa
391.3,5.87,0.303,32.61,1212.2,0.333,2.76,1.87,-27.049374,23.353542,3.55,Alluvium_Unconsolidated,0,South Africa
400.72,7.24,0.411,35.25,968.4,0.282,2.72,2.5,-27.604021,22.898301,2.17,Alluvium_Unconsolidated,1,South Africa
408.64,6.65,0.495,34.03,992.1,0.235,1.73,2.46,-27.515469,22.940425,5.29,Alluvium_Unconsolidated,0,South Africa
398.31,2.34,0.448,29.13,1144.1,0.265,1.84,1.84,-27.574906,23.201687,3.65,Alluvium_Unconsolidated,0,South Africa
386.7,5.56,0.403,32.12,1206.5,0.285,2.32,1.34,-27.609554,23.338008,5.76,Alluvium_Unconsolidated,0,South Africa
315.37,5.74,0.479,32.4,1209.8,0.333,2.26,1.36,-26.807194,23.346879,5.03,Alluvium_Unconsolidated,0,South Africa
434.83,5.76,0.204,32.44,852.1,0.256,1.62,2.18,-27.196644,22.562561,1.36,Alluvium_Unconsolidated,0,South Africa
420.95,2.82,0.491,29.33,1153.9,0.238,2.4,2.02,-27.522842,23.220352,5.8,Alluvium_Unconsolidated,0,South Africa
431.51,1.98,0.497,29.04,1116.2,0.216,2.48,2.42,-27.468082,23.15084,5.76,Alluvium_Unconsolidated,1,South Africa
416.7,3.2,0.203,29.55,1161.4,0.279,1.61,1.94,-27.153301,23.23528,4.96,Alluvium_Unconsolidated,0,South Africa
419.43,6.39,0.201,33.53,856.0,0.275,1.92,2.22,-27.161394,22.596673,4.24,Alluvium_Unconsolidated,0,South Africa
368.74,6.16,0.321,33.11,1217.4,0.338,2.94,1.86,-27.037111,23.368933,4.78,Alluvium_Unconsolidated,1,South Africa
337.09,5.5,0.498,32.04,1029.0,0.346,2.52,2.27,-26.842441,23.003327,1.72,Alluvium_Unconsolidated,0,South Africa
453.33,7.86,0.487,36.65,888.2,0.21,2.34,1.54,-27.447742,22.724172,4.65,Alluvium_Unconsolidated,0,South Africa
373.74,7.28,0.343,35.34,1237.5,0.307,2.6,1.4,-27.650984,23.44354,5.56,Alluvium_Unconsolidated,0,South Africa
447.71,6.38,0.261,33.51,1221.5,0.222,1.65,2.47,-27.268203,23.381679,4.11,Alluvium_Unconsolidated,0,South Africa
396.64,7.47,0.259,35.75,872.6,0.318,3.04,2.3,-27.082492,22.674824,2.83,Alluvium_Unconsolidated,1,South Africa
437.61,4.57,0.5,30.79,850.1,0.225,3.04,1.3,-27.493223,22.506849,5.4,Alluvium_Unconsolidated,0,South Africa
417.21,2.08,0.202,29.06,1138.7,0.276,1.73,1.81,-27.158787,23.191587,3.03,Alluvium_Unconsolidated,0,South Africa
417.24,7.93,0.453,36.82,925.3,0.263,2.9,2.36,-27.570433,22.813879,1.12,Alluvium_Unconsolidated,1,South Africa
362.08,7.51,0.389,35.83,873.6,0.352,3.11,2.49,-26.991238,22.678485,4.97,Alluvium_Unconsolidated,1,South Africa
397.02,3.47,0.206,29.73,1166.7,0.283,1.6,1.94,-27.146188,23.246045,5.45,Alluvium_Unconsolidated,0,South Africa
382.42,5.52,0.369,32.06,1028.5,0.349,1.62,1.55,-27.004908,23.002515,4.66,Alluvium_Unconsolidated,0,South Africa
395.76,7.3,0.324,35.36,1237.7,0.339,3.18,2.12,-27.034998,23.444521,5.75,Alluvium_Unconsolidated,0,South Africa
432.77,6.87,0.206,34.47,1230.2,0.252,1.77,2.5,-27.203646,23.412473,5.35,Alluvium_Unconsolidated,0,South Africa
410.54,5.3,0.441,31.73,1035.0,0.269,1.83,2.4,-27.580562,23.013311,5.69,Alluvium_Unconsolidated,1,South Africa
393.22,6.84,0.409,34.4,860.9,0.283,2.8,1.92,-27.605815,22.625053,3.86,Alluvium_Unconsolidated,0,South Africa
373.13,5.74,0.256,32.4,1209.8,0.337,1.63,1.38,-27.713602,23.346849,0.92,Alluvium_Unconsolidated,1,South Africa
420.56,7.75,0.26,36.4,1245.7,0.222,1.71,2.25,-27.267312,23.492554,5.61,Alluvium_Unconsolidated,0,South Africa
432.29,6.93,0.484,34.57,981.8,0.208,1.61,2.19,-27.443013,22.922359,1.84,Alluvium_Unconsolidated,0,South Africa
400.19,4.73,0.246,30.97,1191.0,0.312,2.01,1.89,-27.094169,23.299196,3.76,Alluvium_Unconsolidated,0,South Africa
355.03,4.67,0.346,30.9,1052.2,0.344,1.6,1.4,-27.020668,23.042006,5.11,Alluvium_Unconsolidated,0,South Africa
359.37,6.75,0.224,34.23,859.7,0.348,1.66,2.44,-27.745293,22.619129,5.78,Alluvium_Unconsolidated,0,South Africa
319.34,3.36,0.499,29.65,1084.9,0.347,3.0,1.94,-26.846859,23.096731,5.14,Alluvium_Unconsolidated,1,South Africa
428.87,2.19,0.246,29.09,1141.0,0.227,2.5,2.26,-27.255272,23.195755,4.84,Alluvium_Unconsolidated,0,South Africa
411.07,6.2,0.252,33.19,854.6,0.314,2.5,2.46,-27.089288,22.586103,5.73,Alluvium_Unconsolidated,1,South Africa
370.64,6.61,0.281,33.93,858.1,0.328,1.92,2.26,-27.693551,22.609686,4.42,Alluvium_Unconsolidated,0,South Africa
350.22,5.01,0.2,31.34,1196.3,0.358,1.96,1.56,-27.797276,23.311955,5.79,Alluvium_Unconsolidated,0,South Africa
373.06,4.85,0.39,31.13,1047.3,0.352,1.61,1.51,-26.990622,23.033858,5.73,Alluvium_Unconsolidated,0,South Africa
441.83,4.79,0.386,31.05,850.0,0.201,2.77,1.6,-27.356097,22.516451,1.68,Alluvium_Unconsolidated,0,South Africa
362.24,3.28,0.435,29.6,1163.1,0.358,2.88,1.3,-26.957645,23.238681,4.42,Alluvium_Unconsolidated,0,South Africa
366.74,7.46,0.305,35.72,872.3,0.32,2.45,2.36,-27.676414,22.673534,1.22,Alluvium_Unconsolidated,1,South Africa
363.02,6.65,0.351,34.02,992.2,0.304,2.83,2.37,-27.645149,22.940622,1.21,Alluvium_Unconsolidated,0,South Africa
425.06,3.11,0.498,29.49,1090.6,0.218,2.14,2.47,-27.474388,23.106516,5.39,Alluvium_Unconsolidated,0,South Africa
389.65,7.09,0.238,34.92,1234.1,0.307,2.73,2.34,-27.102442,23.428022,3.33,Alluvium_Unconsolidated,0,South Africa
431.41,6.32,0.497,33.4,1003.7,0.216,1.61,2.39,-27.468732,22.96041,1.86,Alluvium_Unconsolidated,1,South Africa
433.82,7.08,0.445,34.9,1234.0,0.201,2.41,1.87,-27.400027,23.4275,4.37,Alluvium_Unconsolidated,0,South Africa
428.2,7.31,0.498,35.39,1237.9,0.23,3.12,1.4,-27.504072,23.445592,4.91,Alluvium_Unconsolidated,1,South Africa
452.45,7.57,0.3,35.97,952.3,0.212,2.31,1.4,-27.298093,22.86829,5.75,Alluvium_Unconsolidated,0,South Africa
428.23,1.99,0.205,29.05,1136.9,0.253,2.05,2.0,-27.201532,23.18811,1.86,Alluvium_Unconsolidated,1,South Africa
421.44,7.73,0.201,36.34,1245.3,0.261,2.32,2.47,-27.186997,23.489332,1.42,Alluvium_Unconsolidated,0,South Africa
382.33,7.87,0.382,36.7,889.3,0.351,2.95,2.43,-26.996366,22.727426,5.73,Alluvium_Unconsolidated,1,South Africa
381.57,8.0,0.372,36.99,905.4,0.297,3.18,2.43,-27.631475,22.769043,5.75,Alluvium_Unconsolidated,0,South Africa
404.81,4.54,0.215,30.76,1187.5,0.292,1.73,2.03,-27.130067,23.291115,5.55,Alluvium_Unconsolidated,0,South Africa
418.72,4.74,0.46,30.98,1050.4,0.203,2.28,2.4,-27.41437,23.038982,5.72,Alluvium_Unconsolidated,0,South Africa
347.33,2.44,0.495,29.17,1146.1,0.357,3.15,1.43,-26.887202,23.20547,5.8,Alluvium_Unconsolidated,1,South Africa
376.67,7.98,0.309,36.95,900.4,0.334,3.12,2.2,-27.045595,22.756624,4.88,Alluvium_Unconsolidated,0,South Africa
354.67,4.73,0.498,30.98,1050.5,0.355,2.42,2.01,-26.87597,23.039102,1.0,Alluvium_Unconsolidated,1,South Africa
410.77,6.79,0.246,34.29,1228.7,0.312,2.68,2.25,-27.094114,23.406662,2.94,Alluvium_Unconsolidated,1,South Africa
373.87,6.7,0.353,34.12,1227.2,0.304,2.39,1.32,-27.644106,23.40116,5.8,Alluvium_Unconsolidated,0,South Africa
418.1,6.87,0.49,34.45,1230.1,0.239,3.2,1.41,-27.524818,23.412017,2.37,Alluvium_Unconsolidated,1,South Africa
405.09,1.96,0.249,29.04,1136.2,0.313,1.62,1.5,-27.091181,23.186883,5.75,Alluvium_Unconsolidated,0,South Africa
420.74,5.07,0.492,31.42,1041.2,0.212,1.84,2.46,-27.45622,23.023674,3.65,Alluvium_Unconsolidated,0,South Africa
426.82,2.85,0.446,29.34,1096.8,0.201,2.87,2.48,-27.401375,23.117096,4.31,Alluvium_Unconsolidated,1,South Africa
340.77,5.27,0.486,31.69,1201.2,0.337,2.49,1.38,-26.81654,23.324012,3.78,Alluvium_Unconsolidated,1,South Africa
429.32,4.5,0.306,30.71,850.1,0.211,2.35,1.89,-27.301795,22.503993,4.61,Alluvium_Unconsolidated,0,South Africa
368.76,7.21,0.409,35.18,866.8,0.355,3.12,2.5,-26.977026,22.652308,4.83,Alluvium_Unconsolidated,0,South Africa
413.66,7.32,0.254,35.41,868.9,0.315,2.95,2.32,-27.086773,22.661009,3.71,Alluvium_Unconsolidated,0,South Africa
438.68,7.4,0.47,35.59,961.0,0.204,1.6,1.98,-27.424075,22.884672,2.29,Alluvium_Unconsolidated,1,South Africa
344.03,6.07,0.238,32.95,1215.8,0.343,1.62,1.46,-27.730176,23.364117,1.29,Alluvium_Unconsolidated,1,South Africa
424.77,3.47,0.499,29.73,1082.2,0.219,2.05,2.49,-27.475871,23.092268,5.0,Alluvium_Unconsolidated,0,South Africa
373.27,7.99,0.329,36.98,903.5,0.312,3.07,2.48,-27.660307,22.764377,5.52,Alluvium_Unconsolidated,0,South Africa
360.22,6.35,0.471,33.46,1220.9,0.36,3.05,1.43,-26.923776,23.380002,2.8,Alluvium_Unconsolidated,0,South Africa
422.37,6.36,0.222,33.47,855.8,0.298,2.27,2.37,-27.119478,22.594975,5.7,Alluvium_Unconsolidated,1,South Africa
424.32,2.16,0.403,29.08,1140.3,0.2,3.2,2.5,-27.368216,23.194499,3.16,Alluvium_Unconsolidated,0,South Africa
417.04,3.54,0.204,29.79,1080.4,0.28,2.2,1.46,-27.152976,23.089242,3.08,Alluvium_Unconsolidated,0,South Africa
405.6,4.38,0.483,30.58,1059.6,0.245,1.6,2.43,-27.536472,23.054282,2.24,Alluvium_Unconsolidated,0,South Africa
338.15,2.62,0.201,29.24,1101.9,0.358,3.01,1.31,-27.793947,23.125911,2.26,Alluvium_Unconsolidated,0,South Africa
405.45,6.04,0.429,32.9,853.5,0.274,2.65,1.68,-27.590831,22.577086,2.77,Alluvium_Unconsolidated,1,South Africa
338.11,6.29,0.498,33.34,1219.7,0.346,2.41,1.3,-26.842464,23.376101,4.28,Alluvium_Unconsolidated,0,South Africa
398.16,6.99,0.201,34.7,1232.2,0.262,1.93,2.49,-27.184972,23.420444,4.33,Alluvium_Unconsolidated,0,South Africa
364.87,2.76,0.382,29.3,1098.9,0.351,1.85,1.33,-26.996068,23.120613,4.86,Alluvium_Unconsolidated,1,South Africa
336.4,4.0,0.202,30.18,1069.4,0.357,3.15,1.39,-27.78763,23.070676,4.22,Alluvium_Unconsolidated,1,South Africa
444.12,2.73,0.334,29.29,1099.4,0.206,3.2,2.3,-27.321028,23.121585,3.07,Alluvium_Unconsolidated,1,South Africa
453.85,7.97,0.392,36.92,919.9,0.201,1.61,1.44,-27.3603,22.802188,1.65,Alluvium_Unconsolidated,1,South Africa
394.08,5.13,0.324,31.49,1039.7,0.338,1.68,1.4,-27.035294,23.021234,3.67,Alluvium_Unconsolidated,0,South Africa
430.31,6.75,0.374,34.22,1228.1,0.202,2.06,2.19,-27.347813,23.404432,2.01,Alluvium_Unconsolidated,1,South Africa
419.23,5.12,0.207,31.48,1040.0,0.251,3.04,1.47,-27.205559,23.021594,5.47,Alluvium_Unconsolidated,0,South Africa
313.72,4.55,0.5,30.76,850.1,0.352,3.05,1.7,-26.86403,22.50605,5.41,Alluvium_Unconsolidated,0,South Africa
432.61,3.59,0.288,29.82,1169.1,0.215,2.47,2.47,-27.289031,23.250913,4.71,Alluvium_Unconsolidated,0,South Africa
410.18,7.28,0.253,35.33,868.1,0.315,2.93,2.32,-27.087608,22.657838,3.89,Alluvium_Unconsolidated,0,South Africa
408.18,5.97,0.214,32.78,1213.9,0.292,2.03,2.25,-27.131224,23.358665,3.6,Alluvium_Unconsolidated,0,South Africa
355.57,7.82,0.5,36.56,885.8,0.351,1.82,2.36,-26.85867,22.717255,1.9,Alluvium_Unconsolidated,0,South Africa
415.24,4.72,0.484,30.96,1190.9,0.245,2.76,1.68,-27.536207,23.298813,4.96,Alluvium_Unconsolidated,1,South Africa
470.56,3.0,0.359,29.43,1157.5,0.203,3.01,2.5,-27.337835,23.227474,5.59,Alluvium_Unconsolidated,0,South Africa
401.22,5.14,0.497,31.51,1039.4,0.231,1.61,2.5,-27.507945,23.020697,1.79,Alluvium_Unconsolidated,0,South Africa
401.65,6.59,0.213,33.9,1225.1,0.291,2.24,2.35,-27.132427,23.393922,2.08,Alluvium_Unconsolidated,0,South Africa
458.23,7.8,0.453,36.52,884.8,0.202,2.03,1.39,-27.407265,22.71438,5.72,Alluvium_Unconsolidated,0,South Africa
411.39,6.79,0.201,34.3,1228.8,0.272,2.01,2.46,-27.1663,23.407073,3.77,Alluvium_Unconsolidated,0,South Africa
433.17,6.31,0.458,33.37,1220.1,0.202,2.82,1.99,-27.411903,23.377235,5.78,Alluvium_Unconsolidated,0,South Africa
444.2,5.71,0.353,32.35,1023.1,0.204,2.75,1.94,-27.334181,22.993308,5.03,Alluvium_Unconsolidated,1,South Africa
414.59,7.95,0.485,36.87,895.5,0.209,2.18,1.58,-27.443832,22.744209,5.34,Alluvium_Unconsolidated,0,South Africa
347.01,3.2,0.338,29.55,1088.6,0.309,1.93,1.82,-27.654246,23.103016,5.8,Alluvium_Unconsolidated,0,South Africa
441.24,5.18,0.474,31.57,850.4,0.205,3.15,1.34,-27.428983,22.534531,4.15,Alluvium_Unconsolidated,0,South Africa
414.55,7.99,0.202,36.99,904.2,0.259,2.69,1.52,-27.189699,22.766054,5.29,Alluvium_Unconsolidated,0,South Africa
337.18,6.01,0.482,32.84,1013.9,0.335,2.65,2.43,-26.811471,22.977791,2.72,Alluvium_Unconsolidated,1,South Africa
339.5,5.58,0.5,32.15,1206.8,0.353,2.85,1.3,-26.866038,23.33879,1.02,Alluvium_Unconsolidated,0,South Africa
407.36,6.75,0.22,34.23,1228.1,0.297,2.4,2.34,-27.121914,23.404553,0.82,Alluvium_Unconsolidated,1,South Africa
410.4,5.92,0.5,32.69,852.8,0.223,3.2,1.33,-27.488809,22.570594,5.58,Alluvium_Unconsolidated,0,South Africa
358.46,6.18,0.499,33.14,854.4,0.354,2.72,2.02,-26.871992,22.584621,5.62,Alluvium_Unconsolidated,0,South Africa
407.15,4.28,0.27,30.46,1062.4,0.322,1.75,1.3,-27.0737,23.058961,2.81,Alluvium_Unconsolidated,0,South Africa
411.35,4.65,0.496,30.88,1052.5,0.233,1.63,2.49,-27.512271,23.042553,1.03,Alluvium_Unconsolidated,1,South Africa
430.31,7.09,0.487,34.92,864.5,0.209,2.83,1.36,-27.447032,22.642673,1.18,Alluvium_Unconsolidated,0,South Africa
412.14,7.99,0.235,36.97,902.2,0.306,3.18,1.91,-27.105029,22.761202,1.34,Alluvium_Unconsolidated,1,South Africa
357.62,7.98,0.382,36.96,916.0,0.351,2.59,2.29,-26.996254,22.793633,5.21,Alluvium_Unconsolidated,0,South Africa
349.61,2.66,0.373,29.25,1150.6,0.349,2.33,1.33,-27.002591,23.214094,1.35,Alluvium_Unconsolidated,0,South Africa
361.87,1.68,0.27,29.01,1122.7,0.332,2.0,1.44,-27.701968,23.162299,5.76,Alluvium_Unconsolidated,0,South Africa
428.16,5.51,0.209,32.04,1029.0,0.249,3.12,1.44,-27.209267,23.003245,4.91,Alluvium_Unconsolidated,1,South Africa
394.47,7.66,0.289,36.19,1244.1,0.328,3.18,2.33,-27.059495,23.480821,5.76,Alluvium_Unconsolidated,0,South Africa
361.36,7.68,0.231,36.23,879.3,0.345,2.03,2.5,-27.737806,22.697555,3.61,Alluvium_Unconsolidated,0,South Africa
427.68,7.91,0.21,36.78,892.1,0.247,2.28,1.52,-27.212361,22.734891,5.71,Alluvium_Unconsolidated,0,South Africa
418.5,7.99,0.2,36.98,903.9,0.271,2.86,1.61,-27.168202,22.76525,4.39,Alluvium_Unconsolidated,0,South Africa
423.81,7.48,0.476,35.76,1240.9,0.206,2.5,1.61,-27.431488,23.460852,4.82,Alluvium_Unconsolidated,1,South Africa
408.53,4.96,0.442,31.27,1044.3,0.268,1.76,2.37,-27.579737,23.028783,5.45,Alluvium_Unconsolidated,0,South Africa
365.13,7.76,0.484,36.42,882.8,0.359,2.28,2.46,-26.90721,22.708469,3.6,Alluvium_Unconsolidated,1,South Africa
357.18,6.11,0.26,33.03,853.9,0.336,1.69,2.24,-27.710708,22.581084,5.68,Alluvium_Unconsolidated,0,South Africa
437.67,7.9,0.227,36.75,891.2,0.236,2.05,1.45,-27.235196,22.732486,5.03,Alluvium_Unconsolidated,0,South Africa
342.39,5.0,0.209,31.31,1196.0,0.354,1.76,1.45,-27.768703,23.311199,5.47,Alluvium_Unconsolidated,0,South Africa
391.94,3.66,0.265,29.89,1077.5,0.32,1.68,1.31,-27.077897,23.084396,3.64,Alluvium_Unconsolidated,0,South Africa
345.6,6.79,0.211,34.31,1228.8,0.353,1.61,1.73,-27.764424,23.40716,1.71,Alluvium_Unconsolidated,0,South Africa
365.22,3.95,0.248,30.14,1176.1,0.34,1.68,1.3,-27.721202,23.265801,4.86,Alluvium_Unconsolidated,0,South Africa
428.42,6.83,0.209,34.38,1229.5,0.249,1.73,2.5,-27.208681,23.409528,5.54,Alluvium_Unconsolidated,0,South Africa
429.06,3.82,0.367,30.02,1073.6,0.202,3.08,2.26,-27.343019,23.077819,2.26,Alluvium_Unconsolidated,1,South Africa
392.4,5.61,0.449,32.21,1207.5,0.265,2.68,1.42,-27.573831,23.340601,5.32,Alluvium_Unconsolidated,0,South Africa
390.87,5.82,0.415,32.54,1211.3,0.28,2.49,1.34,-27.601248,23.351037,5.76,Alluvium_Unconsolidated,0,South Africa
364.38,3.97,0.254,30.16,1176.6,0.337,1.65,1.3,-27.715627,23.266786,4.57,Alluvium_Unconsolidated,0,South Africa
364.14,2.25,0.453,29.11,1110.2,0.36,2.44,1.41,-26.942151,23.140217,1.09,Alluvium_Unconsolidated,0,South Africa
382.23,7.5,0.407,35.82,956.0,0.355,1.93,2.11,-26.978651,22.875208,0.81,Alluvium_Unconsolidated,0,South Africa
383.79,7.19,0.298,35.13,970.8,0.323,3.17,2.35,-27.681586,22.902637,4.53,Alluvium_Unconsolidated,0,South Africa
397.63,6.92,0.262,34.57,861.9,0.319,2.85,2.41,-27.080371,22.630466,4.49,Alluvium_Unconsolidated,0,South Africa
398.18,4.28,0.433,30.46,1182.5,0.272,2.17,1.53,-27.587334,23.27975,5.46,Alluvium_Unconsolidated,0,South Africa
450.47,4.64,0.258,30.86,850.0,0.223,1.99,2.05,-27.265698,22.509715,5.77,Alluvium_Unconsolidated,0,South Africa
345.32,7.98,0.228,36.94,899.9,0.347,2.35,2.47,-27.741372,22.755389,1.16,Alluvium_Unconsolidated,1,South Africa
336.51,5.11,0.496,31.46,850.2,0.356,3.06,1.88,-26.882861,22.530959,5.34,Alluvium_Unconsolidated,1,South Africa
404.56,8.0,0.486,37.0,907.1,0.243,2.82,2.09,-27.532067,22.773061,1.32,Alluvium_Unconsolidated,1,South Africa
341.77,7.65,0.497,36.17,947.2,0.345,1.73,2.5,-26.839955,22.85842,5.51,Alluvium_Unconsolidated,0,South Africa
437.89,6.56,0.303,33.85,1224.7,0.211,1.77,2.39,-27.299836,23.392519,2.55,Alluvium_Unconsolidated,0,South Africa
410.95,6.72,0.208,34.16,859.4,0.286,2.2,2.24,-27.141412,22.617127,5.56,Alluvium_Unconsolidated,0,South Africa
349.15,7.52,0.219,35.86,1241.7,0.35,1.84,1.87,-27.751662,23.465388,3.59,Alluvium_Unconsolidated,0,South Africa
385.09,4.96,0.311,31.27,1044.3,0.318,2.54,2.0,-27.671979,23.028883,3.47,Alluvium_Unconsolidated,0,South Africa
353.51,4.42,0.428,30.62,850.2,0.358,3.06,2.14,-26.962645,22.500505,2.58,Alluvium_Unconsolidated,1,South Africa
428.97,6.22,0.499,33.21,854.7,0.22,3.19,1.34,-27.478662,22.586869,4.89,Alluvium_Unconsolidated,0,South Africa
434.74,7.01,0.473,34.75,1232.6,0.205,2.7,1.76,-27.427446,23.422027,5.56,Alluvium_Unconsolidated,0,South Africa
418.56,6.7,0.203,34.12,859.1,0.279,2.08,2.19,-27.154552,22.61575,5.14,Alluvium_Unconsolidated,0,South Africa
358.52,7.99,0.464,36.97,902.5,0.36,2.17,2.49,-26.93087,22.761918,2.81,Alluvium_Unconsolidated,1,South Africa
424.41,4.9,0.498,31.18,850.0,0.217,3.17,1.3,-27.471241,22.521261,5.79,Alluvium_Unconsolidated,0,South Africa
436.31,2.82,0.208,29.33,1097.3,0.285,1.95,1.5,-27.142894,23.118,0.97,Alluvium_Unconsolidated,1,South Africa
439.83,5.51,0.234,32.04,851.1,0.232,1.68,2.01,-27.243788,22.55003,4.85,Alluvium_Unconsolidated,0,South Africa
345.04,7.76,0.218,36.43,883.0,0.35,1.97,2.49,-27.753431,22.708955,4.08,Alluvium_Unconsolidated,0,South Africa
442.71,7.92,0.301,36.8,926.3,0.212,1.99,1.32,-27.298342,22.816039,4.71,Alluvium_Unconsolidated,0,South Africa
440.62,7.25,0.21,35.26,968.1,0.248,3.13,1.3,-27.211268,22.89774,1.4,Alluvium_Unconsolidated,0,South Africa
402.27,7.55,0.48,35.93,875.0,0.247,3.18,1.81,-27.541018,22.683125,4.81,Alluvium_Unconsolidated,0,South Africa
425.75,2.17,0.201,29.09,1140.6,0.261,1.89,1.96,-27.187419,23.195066,1.14,Alluvium_Unconsolidated,0,South Africa
421.81,7.91,0.45,36.78,927.2,0.202,1.62,1.65,-27.405113,22.818024,3.96,Alluvium_Unconsolidated,0,South Africa
391.43,5.7,0.288,32.34,1209.0,0.328,2.61,1.89,-27.060426,23.344782,2.42,Alluvium_Unconsolidated,0,South Africa
413.06,5.68,0.217,32.31,1023.9,0.294,2.56,1.3,-27.127329,22.994648,5.1,Alluvium_Unconsolidated,0,South Africa
446.69,7.69,0.449,36.26,944.9,0.201,1.6,1.77,-27.404144,22.853946,2.33,Alluvium_Unconsolidated,0,South Africa
345.04,7.67,0.201,36.21,946.3,0.358,2.51,2.04,-27.792586,22.856606,1.66,Alluvium_Unconsolidated,0,South Africa
403.58,4.31,0.492,30.5,1061.5,0.238,1.63,2.46,-27.52206,23.057477,1.02,Alluvium_Unconsolidated,0,South Africa
422.1,3.5,0.221,29.76,1167.5,0.24,1.94,2.3,-27.228129,23.247582,0.88,Alluvium_Unconsolidated,0,South Africa
405.02,5.24,0.23,31.66,850.5,0.303,2.0,2.48,-27.110841,22.537345,4.79,Alluvium_Unconsolidated,0,South Africa
408.34,4.37,0.201,30.56,1059.9,0.26,2.74,1.5,-27.18777,23.054898,5.67,Alluvium_Unconsolidated,1,South Africa
379.84,7.36,0.263,35.49,963.2,0.334,3.19,2.3,-27.70753,22.888791,5.7,Alluvium_Unconsolidated,0,South Africa
436.72,3.91,0.485,30.1,1175.4,0.209,3.17,2.23,-27.444273,23.264153,1.04,Alluvium_Unconsolidated,0,South Africa
446.17,5.48,0.335,32.0,1205.0,0.206,2.25,2.44,-27.321646,23.334041,3.44,Alluvium_Unconsolidated,0,South Africa
408.89,7.74,0.476,36.37,941.7,0.25,2.5,2.37,-27.546753,22.84753,3.74,Alluvium_Unconsolidated,0,South Africa
442.17,6.93,0.355,34.58,1231.2,0.203,1.9,2.21,-27.334875,23.416199,1.14,Alluvium_Unconsolidated,0,South Africa
396.6,7.96,0.401,36.91,920.1,0.286,3.16,2.44,-27.611241,22.802752,4.34,Alluvium_Unconsolidated,0,South Africa
433.9,5.95,0.28,32.75,1213.6,0.216,1.81,2.48,-27.283522,23.357787,2.06,Alluvium_Unconsolidated,0,South Africa
402.11,7.65,0.496,36.16,878.2,0.233,3.05,1.72,-27.512432,22.693803,2.72,Alluvium_Unconsolidated,1,South Africa
431.27,7.69,0.286,36.26,880.0,0.215,1.62,1.37,-27.28771,22.699557,1.34,Alluvium_Unconsolidated,0,South Africa
418.06,6.55,0.255,33.83,857.5,0.316,2.66,2.44,-27.085868,22.606461,5.37,Alluvium_Unconsolidated,0,South Africa
337.39,4.75,0.206,30.99,1050.1,0.355,3.18,1.5,-27.775196,23.038542,4.68,Alluvium_Unconsolidated,0,South Africa
433.59,7.93,0.479,36.83,893.9,0.207,2.13,1.54,-27.435886,22.739977,5.49,Alluvium_Unconsolidated,0,South Africa
367.55,2.77,0.363,29.3,1098.6,0.348,1.77,1.31,-27.008773,23.120212,5.35,Alluvium_Unconsolidated,0,South Africa
431.47,2.51,0.488,29.19,1147.5,0.21,2.97,2.36,-27.448925,23.208102,3.55,Alluvium_Unconsolidated,0,South Africa
336.27,7.9,0.476,36.75,928.7,0.331,1.81,2.42,-26.80299,22.821184,5.13,Alluvium_Unconsolidated,0,South Africa
444.22,3.28,0.411,29.6,1163.1,0.2,3.15,2.48,-27.37375,23.238595,4.56,Alluvium_Unconsolidated,1,South Africa
368.21,2.98,0.376,29.42,1157.1,0.35,2.43,1.34,-27.000112,23.226755,1.07,Alluvium_Unconsolidated,1,South Africa
435.62,1.57,0.498,29.0,1127.9,0.23,2.27,2.26,-27.504529,23.171748,5.69,Alluvium_Unconsolidated,1,South Africa
419.74,5.36,0.207,31.83,850.7,0.284,1.78,2.41,-27.144665,22.543027,3.08,Alluvium_Unconsolidated,0,South Africa
340.57,5.69,0.493,32.33,851.8,0.342,2.49,1.73,-26.829815,22.559038,4.8,Alluvium_Unconsolidated,0,South Africa
408.97,7.97,0.243,36.92,898.6,0.228,2.02,1.36,-27.252554,22.752132,4.85,Alluvium_Unconsolidated,0,South Africa
381.18,1.91,0.34,29.03,1135.2,0.342,1.96,1.33,-27.024529,23.185087,4.13,Alluvium_Unconsolidated,0,South Africa
434.05,3.07,0.223,29.47,1158.9,0.238,2.06,2.27,-27.231151,23.230361,1.96,Alluvium_Unconsolidated,1,South Africa
323.21,7.39,0.5,35.56,961.8,0.352,1.71,2.46,-26.862653,22.886128,5.61,Alluvium_Unconsolidated,0,South Africa
416.31,6.21,0.492,33.21,1007.2,0.238,1.68,2.49,-27.521716,22.966408,4.86,Alluvium_Unconsolidated,0,South Africa
405.39,5.88,0.5,32.64,1212.4,0.224,3.2,1.7,-27.49053,23.354261,2.06,Alluvium_Unconsolidated,0,South Africa
381.88,5.62,0.411,32.22,1207.7,0.282,2.4,1.35,-27.603861,23.341095,5.8,Alluvium_Unconsolidated,1,South Africa
332.98,7.99,0.5,36.98,914.1,0.351,1.61,2.48,-26.858756,22.789368,4.84,Alluvium_Unconsolidated,0,South Africa
442.95,6.61,0.481,33.95,993.6,0.207,1.65,2.23,-27.438109,22.943007,1.15,Alluvium_Unconsolidated,0,South Africa
388.49,2.58,0.384,29.22,1102.9,0.351,1.89,1.32,-26.994911,23.127555,4.59,Alluvium_Unconsolidated,0,South Africa
414.74,4.94,0.201,31.24,1195.0,0.26,1.6,2.33,-27.188374,23.308756,5.44,Alluvium_Unconsolidated,0,South Africa
335.83,5.59,0.497,32.17,1207.1,0.345,2.62,1.32,-26.84003,23.339507,2.93,Alluvium_Unconsolidated,1,South Africa
433.54,7.44,0.495,35.69,871.9,0.214,2.8,1.46,-27.463376,22.672264,1.43,Alluvium_Unconsolidated,0,South Africa
423.03,3.64,0.214,29.86,1078.2,0.244,2.83,1.72,-27.218287,23.085577,5.78,Alluvium_Unconsolidated,1,South Africa
342.35,6.55,0.202,33.83,1224.5,0.357,1.62,1.78,-27.78776,23.391817,3.97,Alluvium_Unconsolidated,0,South Africa
434.35,6.07,0.421,32.95,853.7,0.2,2.63,1.37,-27.380817,22.578666,2.88,Alluvium_Unconsolidated,0,South Africa
337.13,3.38,0.487,29.67,1084.4,0.359,2.53,1.68,-26.902497,23.09602,1.84,Alluvium_Unconsolidated,1,South Africa
428.9,4.99,0.456,31.31,850.1,0.202,3.1,1.39,-27.410572,22.525625,3.41,Alluvium_Unconsolidated,0,South Africa
361.87,7.34,0.462,35.47,963.8,0.36,1.63,2.25,-26.933878,22.889753,4.45,Alluvium_Unconsolidated,0,South Africa
421.22,6.64,0.21,34.0,858.4,0.288,2.21,2.27,-27.13782,22.611815,5.57,Alluvium_Unconsolidated,0,South Africa
358.51,7.0,0.48,34.72,863.0,0.36,2.78,2.34,-26.91306,22.635753,5.73,Alluvium_Unconsolidated,1,South Africa
346.67,3.87,0.432,30.06,1174.6,0.358,2.98,1.32,-26.960162,23.26258,5.04,Alluvium_Unconsolidated,0,South Africa
392.44,6.41,0.405,33.56,856.2,0.284,2.62,1.83,-27.608474,22.597882,2.5,Alluvium_Unconsolidated,0,South Africa
394.62,7.9,0.5,36.74,890.9,0.224,2.69,1.75,-27.490466,22.731645,2.34,Alluvium_Unconsolidated,1,South Africa
470.6,6.78,0.305,34.28,1228.6,0.211,1.72,2.36,-27.301184,23.406425,3.09,Alluvium_Unconsolidated,0,South Africa
383.37,5.21,0.335,31.61,1200.0,0.341,2.76,1.66,-27.027959,23.321129,3.54,Alluvium_Unconsolidated,0,South Africa
444.04,5.61,0.324,32.2,1207.4,0.207,2.15,2.45,-27.314755,23.340371,2.69,Alluvium_Unconsolidated,0,South Africa
388.27,2.59,0.414,29.23,1102.5,0.28,1.61,1.98,-27.601796,23.126942,3.39,Alluvium_Unconsolidated,0,South Africa
450.51,6.08,0.375,32.97,853.7,0.202,2.31,1.46,-27.348533,22.579282,4.77,Alluvium_Unconsolidated,1,South Africa
449.46,6.71,0.362,34.14,859.2,0.203,2.01,1.4,-27.340083,22.616342,5.74,Alluvium_Unconsolidated,0,South Africa
356.8,7.52,0.329,35.86,955.0,0.312,3.17,2.46,-27.659803,22.873359,4.42,Alluvium_Unconsolidated,1,South Africa
374.1,5.01,0.454,31.33,1043.0,0.36,1.8,1.75,-26.941295,23.026615,5.18,Alluvium_Unconsolidated,0,South Africa
399.64,7.3,0.243,35.36,1237.7,0.31,2.86,2.36,-27.097396,23.444433,4.28,Alluvium_Unconsolidated,0,South Africa
359.03,1.53,0.44,29.0,1125.9,0.359,2.51,1.34,-26.953571,23.168095,1.62,Alluvium_Unconsolidated,0,South Africa
439.21,6.45,0.235,33.63,856.5,0.232,1.6,1.82,-27.24448,22.600052,2.99,Alluvium_Unconsolidated,0,South Africa
350.39,7.95,0.209,36.88,896.2,0.354,2.05,2.43,-27.768379,22.74594,3.5,Alluvium_Unconsolidated,0,South Africa
362.27,7.42,0.297,35.63,1239.8,0.323,2.37,1.53,-27.682432,23.455256,5.8,Alluvium_Unconsolidated,1,South Africa
336.51,1.69,0.498,29.01,1122.5,0.347,3.19,1.73,-26.843977,23.161942,5.72,Alluvium_Unconsolidated,0,South Africa
331.43,7.68,0.201,36.23,879.3,0.358,1.68,2.46,-27.790761,22.697431,5.72,Alluvium_Unconsolidated,0,South Africa
419.45,5.79,0.495,32.48,1210.7,0.234,3.12,1.61,-27.514683,23.349272,1.58,Alluvium_Unconsolidated,0,South Africa
387.19,1.6,0.445,29.0,1124.4,0.267,1.69,1.96,-27.577661,23.165396,1.8,Alluvium_Unconsolidated,1,South Africa
341.1,2.07,0.224,29.06,1138.5,0.348,2.21,1.31,-27.745283,23.191199,5.23,Alluvium_Unconsolidated,0,South Africa
362.2,5.52,0.209,32.06,851.1,0.354,1.68,2.36,-27.76787,22.55048,3.72,Alluvium_Unconsolidated,0,South Africa
430.31,5.23,0.492,31.63,850.4,0.212,3.2,1.31,-27.456155,22.536424,5.31,Alluvium_Unconsolidated,0,South Africa
361.9,3.37,0.346,29.66,1164.8,0.306,1.62,1.42,-27.648395,23.242053,1.26,Alluvium_Unconsolidated,0,South Africa
345.56,5.34,0.202,31.8,850.7,0.357,1.82,2.4,-27.788803,22.541962,1.91,Alluvium_Unconsolidated,0,South Africa
403.53,7.67,0.285,36.2,878.9,0.327,3.18,2.31,-27.062557,22.696058,1.26,Alluvium_Unconsolidated,0,South Africa
336.62,7.51,0.495,35.85,1241.6,0.343,1.83,1.36,-26.834521,23.464705,5.7,Alluvium_Unconsolidated,0,South Africa
417.7,6.54,0.476,33.81,996.0,0.25,1.9,2.5,-27.545845,22.947254,5.79,Alluvium_Unconsolidated,0,South Africa
346.06,1.77,0.499,29.01,1132.2,0.348,3.2,1.65,-26.847827,23.179477,5.59,Alluvium_Unconsolidated,0,South Africa
365.29,5.65,0.369,32.27,851.6,0.349,3.03,2.43,-27.004782,22.557188,2.88,Alluvium_Unconsolidated,0,South Africa
369.19,6.82,0.467,34.35,986.0,0.36,1.6,2.15,-26.928076,22.929784,5.63,Alluvium_Unconsolidated,0,South Africa
422.71,7.78,0.203,36.48,1246.3,0.279,2.68,2.5,-27.154304,23.497357,2.96,Alluvium_Unconsolidated,0,South Africa
454.38,2.04,0.335,29.06,1137.9,0.206,3.06,2.45,-27.321684,23.190028,5.36,Alluvium_Unconsolidated,1,South Africa
328.95,1.83,0.212,29.02,1133.6,0.352,2.43,1.3,-27.76214,23.182073,4.18,Alluvium_Unconsolidated,1,South Africa
431.59,4.76,0.461,31.02,850.0,0.203,3.15,1.4,-27.414935,22.515409,4.08,Alluvium_Unconsolidated,1,South Africa
331.88,7.79,0.202,36.48,884.1,0.357,1.74,2.44,-27.788784,22.712366,5.48,Alluvium_Unconsolidated,0,South Africa
346.89,5.59,0.226,32.16,1207.0,0.347,1.61,1.44,-27.743399,23.339197,3.4,Alluvium_Unconsolidated,0,South Africa
396.18,7.99,0.399,36.98,913.3,0.286,3.19,2.42,-27.612644,22.787526,4.9,Alluvium_Unconsolidated,0,South Africa
418.84,5.24,0.411,31.64,1036.7,0.2,2.52,2.2,-27.373858,23.016183,5.7,Alluvium_Unconsolidated,0,South Africa
357.55,7.32,0.489,35.42,869.0,0.358,2.5,2.36,-26.898953,22.661349,4.84,Alluvium_Unconsolidated,0,South Africa
367.8,1.95,0.286,29.04,1116.9,0.327,1.95,1.5,-27.690077,23.152112,5.79,Alluvium_Unconsolidated,0,South Africa
315.08,4.4,0.476,30.59,1059.2,0.331,3.08,2.28,-26.803079,23.053675,5.59,Alluvium_Unconsolidated,1,South Africa
434.14,7.52,0.401,35.87,874.1,0.2,1.88,1.3,-27.366239,22.680119,5.78,Alluvium_Unconsolidated,0,South Africa
372.15,7.24,0.273,35.24,1236.7,0.331,2.12,1.55,-27.699582,23.439918,5.3,Alluvium_Unconsolidated,0,South Africa
417.57,7.8,0.212,36.52,937.0,0.29,3.2,1.53,-27.133787,22.83828,2.96,Alluvium_Unconsolidated,0,South Africa
314.3,6.72,0.476,34.15,989.7,0.331,2.47,2.49,-26.80297,22.936341,1.33,Alluvium_Unconsolidated,1,South Africa
416.74,6.92,0.496,34.57,862.0,0.233,3.19,1.52,-27.511923,22.630648,5.06,Alluvium_Unconsolidated,0,South Africa
369.52,7.93,0.297,36.83,925.1,0.323,3.12,2.49,-27.681933,22.813609,5.73,Alluvium_Unconsolidated,0,South Africa
417.23,4.44,0.201,30.63,1185.5,0.261,1.61,2.26,-27.186046,23.286405,5.01,Alluvium_Unconsolidated,0,South Africa
398.91,7.41,0.283,35.62,871.1,0.326,3.11,2.37,-27.06388,22.669388,1.76,Alluvium_Unconsolidated,1,South Africa
322.6,6.53,0.498,33.8,1224.2,0.346,2.32,1.3,-26.843377,23.390755,4.73,Alluvium_Unconsolidated,0,South Africa
462.73,7.68,0.288,36.23,879.4,0.215,1.62,1.37,-27.28929,22.6977,1.55,Alluvium_Unconsolidated,1,South Africa
366.2,5.36,0.369,31.82,1033.2,0.298,2.29,2.23,-27.633643,23.010342,4.88,Alluvium_Unconsolidated,0,South Africa
411.99,6.78,0.225,34.28,987.3,0.3,2.83,1.37,-27.116515,22.932044,5.79,Alluvium_Unconsolidated,0,South Africa
422.73,7.81,0.493,36.54,885.4,0.237,3.01,1.83,-27.520276,22.716242,2.22,Alluvium_Unconsolidated,0,South Africa
380.12,8.0,0.245,36.99,905.5,0.34,2.61,2.48,-27.723355,22.769117,2.45,Alluvium_Unconsolidated,1,South Africa
368.8,5.13,0.442,31.49,1039.7,0.359,1.72,1.72,-26.951449,23.021195,5.58,Alluvium_Unconsolidated,0,South Africa
370.07,6.85,0.334,34.41,860.9,0.31,2.33,2.15,-27.656649,22.62524,1.31,Alluvium_Unconsolidated,0,South Africa
431.88,2.02,0.466,29.05,1137.6,0.204,3.07,2.46,-27.420136,23.189442,2.45,Alluvium_Unconsolidated,0,South Africa
376.52,6.36,0.39,33.48,855.8,0.29,2.5,1.87,-27.619317,22.595215,1.59,Alluvium_Unconsolidated,1,South Africa
425.14,3.47,0.214,29.74,1166.9,0.291,1.61,1.88,-27.13184,23.246401,5.74,Alluvium_Unconsolidated,0,South Africa
343.25,8.0,0.499,37.0,910.8,0.348,1.61,2.46,-26.847615,22.781804,5.09,Alluvium_Unconsolidated,0,South Africa
393.39,4.13,0.355,30.31,1066.0,0.303,2.04,2.01,-27.642384,23.065061,5.7,Alluvium_Unconsolidated,0,South Africa
358.72,8.0,0.32,36.99,911.3,0.315,3.1,2.5,-27.666356,22.782892,5.65,Alluvium_Unconsolidated,0,South Africa
423.54,4.26,0.47,30.44,1182.1,0.254,2.49,1.67,-27.55297,23.278917,5.75,Alluvium_Unconsolidated,1,South Africa
339.39,5.62,0.205,32.21,1207.6,0.356,1.71,1.57,-27.777659,23.340738,5.12,Alluvium_Unconsolidated,0,South Africa
407.67,1.7,0.208,29.01,1130.8,0.286,1.69,1.68,-27.141539,23.177032,3.53,Alluvium_Unconsolidated,0,South Africa
345.68,6.7,0.209,34.12,990.3,0.354,3.1,1.86,-27.768599,22.937364,5.67,Alluvium_Unconsolidated,0,South Africa
416.55,4.6,0.483,30.82,850.0,0.245,2.73,1.33,-27.536353,22.508206,3.34,Alluvium_Unconsolidated,0,South Africa
346.71,6.92,0.496,34.56,1231.1,0.345,2.12,1.31,-26.837662,23.41576,5.53,Alluvium_Unconsolidated,0,South Africa
330.89,3.18,0.487,29.53,1089.1,0.338,3.15,2.05,-26.819043,23.10398,5.8,Alluvium_Unconsolidated,0,South Africa
329.93,7.9,0.241,36.76,928.1,0.342,2.87,2.4,-27.726969,22.819869,4.35,Alluvium_Unconsolidated,0,South Africa
390.15,6.29,0.325,33.34,1004.7,0.339,1.91,1.55,-27.034287,22.962137,0.98,Alluvium_Unconsolidated,0,South Africa
343.76,4.92,0.5,31.21,1194.6,0.353,3.01,1.31,-26.867722,23.307747,2.24,Alluvium_Unconsolidated,0,South Africa
396.07,1.94,0.217,29.04,1135.8,0.294,1.62,1.64,-27.126665,23.186178,4.69,Alluvium_Unconsolidated,0,South Africa
367.9,7.29,0.256,35.36,966.1,0.337,3.19,2.26,-27.713383,22.894133,5.73,Alluvium_Unconsolidated,0,South Africa
410.07,4.71,0.5,30.95,850.0,0.224,3.08,1.3,-27.489447,22.512905,5.59,Alluvium_Unconsolidated,0,South Africa
388.27,5.94,0.344,32.73,1213.4,0.307,2.06,1.3,-27.650274,23.357053,5.08,Alluvium_Unconsolidated,0,South Africa
430.31,4.85,0.265,31.13,850.0,0.221,1.99,1.98,-27.271975,22.519244,5.77,Alluvium_Unconsolidated,0,South Africa
387.29,5.11,0.394,31.47,850.2,0.289,2.12,1.64,-27.616447,22.531128,2.93,Alluvium_Unconsolidated,1,South Africa
387.13,5.0,0.381,31.32,1196.2,0.293,2.02,1.35,-27.625029,23.311487,4.87,Alluvium_Unconsolidated,0,South Africa
409.79,8.0,0.415,36.99,912.3,0.28,3.16,2.39,-27.600907,22.785288,4.41,Alluvium_Unconsolidated,0,South Africa
417.95,6.51,0.202,33.75,857.1,0.259,1.76,2.07,-27.190062,22.60385,2.75,Alluvium_Unconsolidated,0,South Africa
374.7,1.66,0.359,29.0,1123.1,0.347,1.94,1.3,-27.011813,23.16305,4.24,Alluvium_Unconsolidated,0,South Africa
361.77,7.2,0.452,35.15,866.5,0.36,2.93,2.45,-26.942655,22.651233,5.76,Alluvium_Unconsolidated,1,South Africa
345.08,7.34,0.467,35.46,1238.5,0.36,2.75,1.63,-26.927822,23.448301,1.85,Alluvium_Unconsolidated,1,South Africa
372.77,4.31,0.427,30.49,1061.5,0.357,1.79,1.55,-26.963912,23.057585,5.25,Alluvium_Unconsolidated,0,South Africa
328.31,6.34,0.5,33.44,855.6,0.349,2.5,1.96,-26.853781,22.59406,4.83,Alluvium_Unconsolidated,0,South Africa
328.0,6.88,0.498,34.49,983.4,0.346,2.03,2.44,-26.843137,22.925261,3.65,Alluvium_Unconsolidated,1,South Africa
389.82,5.98,0.368,32.8,853.1,0.298,2.23,1.87,-27.633982,22.573933,2.16,Alluvium_Unconsolidated,0,South Africa
392.15,3.66,0.227,29.89,1170.6,0.301,1.68,1.82,-27.114139,23.254129,5.71,Alluvium_Unconsolidated,0,South Africa
346.95,4.56,0.5,30.78,1187.9,0.352,3.05,1.33,-26.864151,23.291959,2.73,Alluvium_Unconsolidated,0,South Africa
418.86,7.94,0.221,36.86,895.3,0.297,3.07,1.9,-27.121706,22.743501,2.37,Alluvium_Unconsolidated,0,South Africa
470.46,7.13,0.301,35.0,1234.8,0.212,1.64,2.3,-27.298318,23.431124,4.27,Alluvium_Unconsolidated,0,South Africa
390.04,3.81,0.339,30.01,1073.9,0.309,2.06,1.91,-27.653578,23.078215,5.66,Alluvium_Unconsolidated,0,South Africa
395.82,4.88,0.36,31.17,1193.9,0.347,2.82,1.54,-27.010699,23.306111,3.98,Alluvium_Unconsolidated,0,South Africa
400.95,5.7,0.206,32.34,1023.2,0.283,2.74,1.31,-27.146276,22.993591,5.65,Alluvium_Unconsolidated,0,South Africa
408.22,7.98,0.232,36.95,900.6,0.304,3.16,1.91,-27.108773,22.757118,0.85,Alluvium_Unconsolidated,1,South Africa
380.38,7.79,0.416,36.48,1246.3,0.28,3.17,1.38,-27.600432,23.497767,1.01,Alluvium_Unconsolidated,1,South Africa
425.37,3.73,0.224,29.94,1171.8,0.238,1.92,2.34,-27.231819,23.256714,0.9,Alluvium_Unconsolidated,0,South Africa
437.87,5.72,0.338,32.37,851.9,0.205,2.2,1.6,-27.324072,22.560271,5.25,Alluvium_Unconsolidated,0,South Africa
408.39,6.98,0.491,34.7,979.4,0.239,1.88,2.44,-27.524518,22.918163,5.78,Alluvium_Unconsolidated,0,South Africa
378.72,4.63,0.366,30.86,1053.1,0.348,1.6,1.43,-27.00713,23.043524,5.56,Alluvium_Unconsolidated,0,South Africa
432.38,4.15,0.217,30.33,1180.0,0.294,1.69,1.95,-27.127155,23.274117,5.71,Alluvium_Unconsolidated,0,South Africa
432.61,4.47,0.281,30.67,1186.1,0.216,2.19,2.49,-27.284381,23.287861,3.01,Alluvium_Unconsolidated,0,South Africa
342.23,2.95,0.493,29.4,1094.4,0.358,2.73,1.67,-26.892158,23.112978,3.35,Alluvium_Unconsolidated,1,South Africa
439.51,4.81,0.415,31.08,1048.3,0.2,2.62,2.27,-27.376531,23.035531,5.5,Alluvium_Unconsolidated,0,South Africa
425.54,5.81,0.2,32.52,1211.1,0.263,1.67,2.4,-27.182204,23.350647,5.76,Alluvium_Unconsolidated,0,South Africa
358.62,6.83,0.431,34.38,860.7,0.358,3.13,2.45,-26.960738,22.624146,4.72,Alluvium_Unconsolidated,0,South Africa
358.16,7.43,0.493,35.65,959.7,0.357,1.61,2.41,-26.890819,22.882243,5.72,Alluvium_Unconsolidated,0,South Africa
373.33,6.72,0.283,34.17,1227.6,0.328,1.96,1.43,-27.692506,23.402654,4.56,Alluvium_Unconsolidated,0,South Africa
402.37,7.71,0.329,36.29,944.0,0.34,2.55,1.94,-27.031574,22.852095,5.07,Alluvium_Unconsolidated,0,South Africa
401.5,6.41,0.477,33.56,856.2,0.249,3.09,1.55,-27.544831,22.597762,5.62,Alluvium_Unconsolidated,1,South Africa
310.25,7.46,0.482,35.72,958.1,0.335,2.04,2.5,-26.810971,22.879213,3.56,Alluvium_Unconsolidated,0,South Africa
425.71,7.87,0.204,36.69,931.2,0.28,3.17,1.49,-27.151913,22.826333,1.08,Alluvium_Unconsolidated,1,South Africa
407.2,7.48,0.283,35.76,957.3,0.326,2.7,1.69,-27.064292,22.877661,5.56,Alluvium_Unconsolidated,0,South Africa
403.18,4.88,0.291,31.17,1193.9,0.329,2.39,1.74,-27.057953,23.306059,0.91,Alluvium_Unconsolidated,0,South Africa
411.48,6.91,0.495,34.54,982.4,0.235,1.79,2.43,-27.515286,22.923392,5.59,Alluvium_Unconsolidated,0,South Africa
437.13,4.19,0.431,30.37,1180.7,0.2,3.11,2.39,-27.389113,23.275787,4.99,Alluvium_Unconsolidated,1,South Africa
418.83,5.18,0.411,31.56,1038.3,0.2,2.54,2.21,-27.373976,23.018851,5.68,Alluvium_Unconsolidated,0,South Africa
421.94,7.78,0.2,36.47,938.8,0.265,3.11,1.38,-27.179776,22.841773,1.83,Alluvium_Unconsolidated,0,South Africa
381.75,6.42,0.406,33.59,856.3,0.355,3.2,2.44,-26.979304,22.598727,2.6,Alluvium_Unconsolidated,1,South Africa
394.44,4.86,0.248,31.14,1047.0,0.313,2.0,1.3,-27.092275,23.033269,1.41,Alluvium_Unconsolidated,1,South Africa
437.5,7.13,0.446,35.0,1234.8,0.201,2.39,1.85,-27.401141,23.431051,4.31,Alluvium_Unconsolidated,0,South Africa
357.22,5.9,0.458,32.66,1212.7,0.36,3.18,1.42,-26.937627,23.355086,4.61,Alluvium_Unconsolidated,0,South Africa
376.81,1.69,0.396,29.01,1122.4,0.353,2.15,1.31,-26.98674,23.161853,2.72,Alluvium_Unconsolidated,0,South Africa
432.55,5.14,0.415,31.51,1198.7,0.2,2.86,2.33,-27.37663,23.317776,5.8,Alluvium_Unconsolidated,0,South Africa
446.5,7.97,0.346,36.93,918.8,0.204,1.71,1.36,-27.329123,22.799753,2.15,Alluvium_Unconsolidated,0,South Africa
408.37,4.08,0.237,30.26,1067.2,0.307,1.9,1.32,-27.103029,23.067024,1.07,Alluvium_Unconsolidated,0,South Africa
346.45,2.4,0.455,29.15,1145.4,0.36,2.84,1.32,-26.940059,23.204049,4.12,Alluvium_Unconsolidated,0,South Africa
393.08,7.48,0.463,35.78,1241.0,0.258,3.2,1.3,-27.56062,23.461727,2.18,Alluvium_Unconsolidated,0,South Africa
425.39,7.76,0.211,36.42,940.2,0.247,2.93,1.32,-27.212598,22.844645,3.91,Alluvium_Unconsolidated,1,South Africa
419.99,7.29,0.498,35.35,1237.6,0.217,2.94,1.5,-27.472075,23.444014,5.75,Alluvium_Unconsolidated,0,South Africa
325.98,1.54,0.499,29.0,1125.6,0.349,3.18,1.67,-26.85127,23.167621,5.76,Alluvium_Unconsolidated,0,South Africa
389.02,5.3,0.467,31.73,850.6,0.255,2.74,1.44,-27.556364,22.539928,3.41,Alluvium_Unconsolidated,0,South Africa
396.44,2.26,0.369,29.11,1142.4,0.298,1.6,1.59,-27.633571,23.198411,2.31,Alluvium_Unconsolidated,0,South Africa
364.67,5.98,0.376,32.8,1214.1,0.35,3.11,1.66,-27.000383,23.359191,5.7,Alluvium_Unconsolidated,0,South Africa
361.19,3.53,0.289,29.78,1168.0,0.326,1.61,1.32,-27.687766,23.248755,3.69,Alluvium_Unconsolidated,0,South Africa
440.51,7.99,0.471,36.98,903.3,0.205,1.91,1.57,-27.425357,22.763893,5.8,Alluvium_Unconsolidated,0,South Africa
436.27,3.22,0.481,29.56,1162.0,0.207,3.13,2.33,-27.437662,23.236377,1.45,Alluvium_Unconsolidated,0,South Africa
441.55,7.72,0.272,36.32,943.2,0.219,2.39,1.33,-27.277415,22.850479,5.8,Alluvium_Unconsolidated,0,South Africa
328.82,1.61,0.499,29.0,1124.2,0.348,3.18,1.69,-26.850018,23.16498,5.77,Alluvium_Unconsolidated,0,South Africa
433.87,6.31,0.312,33.39,855.4,0.21,1.87,1.57,-27.306023,22.592256,5.77,Alluvium_Unconsolidated,0,South Africa
346.54,3.98,0.201,30.16,1176.7,0.358,2.18,1.43,-27.792435,23.267069,5.34,Alluvium_Unconsolidated,0,South Africa
342.34,8.0,0.477,37.0,907.6,0.332,1.65,2.33,-26.804707,22.774274,5.8,Alluvium_Unconsolidated,0,South Africa
348.24,1.71,0.288,29.01,1122.1,0.326,1.9,1.48,-27.688722,23.161206,5.79,Alluvium_Unconsolidated,0,South Africa
330.04,6.6,0.499,33.93,1225.4,0.354,2.58,1.34,-26.872741,23.394798,3.21,Alluvium_Unconsolidated,1,South Africa
357.7,7.89,0.22,36.73,890.4,0.349,2.11,2.48,-27.750521,22.730382,3.01,Alluvium_Unconsolidated,1,South Africa
370.61,7.69,0.302,36.25,945.1,0.321,3.2,2.45,-27.678237,22.854221,5.59,Alluvium_Unconsolidated,0,South Africa
361.85,3.57,0.382,29.81,1168.8,0.351,2.62,1.37,-26.996064,23.250415,2.52,Alluvium_Unconsolidated,1,South Africa
383.55,7.82,0.335,36.57,886.0,0.341,3.15,2.37,-27.027937,22.71779,4.49,Alluvium_Unconsolidated,0,South Africa
327.24,5.9,0.499,32.66,1212.7,0.353,2.78,1.3,-26.868848,23.354968,1.61,Alluvium_Unconsolidated,0,South Africa
425.96,6.81,0.486,34.35,860.5,0.243,3.19,1.58,-27.533028,22.623066,5.74,Alluvium_Unconsolidated,0,South Africa
394.64,6.68,0.304,34.08,858.8,0.333,3.0,2.49,-27.048534,22.614222,3.26,Alluvium_Unconsolidated,0,South Africa
413.51,7.13,0.496,34.99,865.2,0.233,3.17,1.55,-27.51064,22.645335,4.56,Alluvium_Unconsolidated,1,South Africa
396.78,7.7,0.425,36.28,1244.8,0.276,3.17,1.34,-27.593734,23.485728,0.91,Alluvium_Unconsolidated,1,South Africa
411.3,5.09,0.215,31.44,1197.8,0.293,1.83,2.11,-27.129477,23.315472,5.01,Alluvium_Unconsolidated,0,South Africa
416.49,6.11,0.5,33.03,1010.5,0.222,1.6,2.45,-27.485535,22.972109,2.51,Alluvium_Unconsolidated,0,South Africa
422.84,3.97,0.459,30.16,1176.6,0.203,3.19,2.33,-27.413406,23.266797,3.36,Alluvium_Unconsolidated,0,South Africa
322.72,3.88,0.49,30.07,1174.7,0.339,2.91,1.5,-26.823012,23.262832,1.15,Alluvium_Unconsolidated,1,South Africa
423.73,7.69,0.2,36.27,944.7,0.265,3.14,1.36,-27.179513,22.853498,1.23,Alluvium_Unconsolidated,0,South Africa
416.08,5.48,0.442,32.0,1029.7,0.268,1.87,2.42,-27.579968,23.004395,5.76,Alluvium_Unconsolidated,1,South Africa
421.12,4.21,0.244,30.39,1181.2,0.311,1.88,1.82,-27.096093,23.276852,4.67,Alluvium_Unconsolidated,0,South Africa
392.5,5.36,0.46,31.82,1202.8,0.259,2.69,1.48,-27.563677,23.328153,5.26,Alluvium_Unconsolidated,0,South Africa
436.52,6.94,0.491,34.61,1231.4,0.212,2.94,1.65,-27.454472,23.417229,5.75,Alluvium_Unconsolidated,0,South Africa
326.46,7.4,0.479,35.58,1239.5,0.333,1.71,1.31,-26.806898,23.45325,5.18,Alluvium_Unconsolidated,0,South Africa
320.49,4.85,0.481,31.12,1047.4,0.334,2.96,2.31,-26.810185,23.034012,4.94,Alluvium_Unconsolidated,0,South Africa
392.32,7.16,0.405,35.06,1235.3,0.284,2.9,1.31,-27.608186,23.433374,4.09,Alluvium_Unconsolidated,1,South Africa
335.89,7.67,0.474,36.2,946.5,0.33,2.0,2.47,-26.800286,22.857117,3.81,Alluvium_Unconsolidated,0,South Africa
364.38,7.2,0.468,35.15,866.5,0.36,2.82,2.42,-26.927485,22.65095,5.78,Alluvium_Unconsolidated,0,South Africa
377.43,7.39,0.352,35.57,961.5,0.304,3.07,2.47,-27.644946,22.885577,3.04,Alluvium_Unconsolidated,0,South Africa
410.44,7.94,0.499,36.84,894.5,0.229,2.75,1.84,-27.503017,22.741335,1.9,Alluvium_Unconsolidated,1,South Africa
404.36,5.0,0.441,31.32,1196.2,0.269,2.43,1.47,-27.580978,23.31151,5.8,Alluvium_Unconsolidated,0,South Africa
428.04,4.41,0.243,30.61,1058.8,0.228,3.15,1.76,-27.252352,23.052987,4.44,Alluvium_Unconsolidated,0,South Africa
416.75,5.55,0.5,32.11,851.3,0.221,3.19,1.31,-27.481574,22.552167,5.68,Alluvium_Unconsolidated,0,South Africa
338.65,7.1,0.499,34.94,1234.3,0.354,2.36,1.39,-26.872925,23.429053,4.53,Alluvium_Unconsolidated,0,South Africa
374.48,1.61,0.261,29.0,1124.1,0.335,2.04,1.41,-27.70939,23.164944,5.69,Alluvium_Unconsolidated,0,South Africa
377.73,3.14,0.336,29.51,1090.1,0.309,1.92,1.8,-27.655036,23.105562,5.8,Alluvium_Unconsolidated,0,South Africa
449.39,2.42,0.432,29.16,1106.5,0.2,3.03,2.49,-27.389766,23.133739,2.92,Alluvium_Unconsolidated,0,South Africa
355.5,7.65,0.302,36.15,1243.9,0.321,2.56,1.59,-27.678805,23.479162,5.64,Alluvium_Unconsolidated,1,South Africa
395.35,4.91,0.21,31.21,850.0,0.288,1.75,2.46,-27.137145,22.522108,2.64,Alluvium_Unconsolidated,1,South Africa
425.04,6.57,0.488,33.87,1224.9,0.21,3.02,1.76,-27.449422,23.393017,5.56,Alluvium_Unconsolidated,0,South Africa
422.03,4.26,0.235,30.45,1182.2,0.232,1.9,2.42,-27.244473,23.278993,1.06,Alluvium_Unconsolidated,0,South Africa
396.49,6.23,0.247,33.24,854.8,0.312,2.48,2.45,-27.093206,22.587622,5.76,Alluvium_Unconsolidated,0,South Africa
395.08,7.86,0.266,36.66,888.2,0.32,3.19,2.17,-27.077013,22.724337,1.59,Alluvium_Unconsolidated,1,South Africa
470.58,3.56,0.356,29.8,1168.5,0.203,2.89,2.5,-27.335699,23.249764,5.8,Alluvium_Unconsolidated,0,South Africa
353.59,2.14,0.301,29.08,1140.0,0.322,1.7,1.43,-27.679462,23.194019,5.11,Alluvium_Unconsolidated,0,South Africa
395.9,2.09,0.257,29.07,1139.0,0.316,1.64,1.5,-27.084753,23.192025,5.8,Alluvium_Unconsolidated,0,South Africa
414.62,7.89,0.451,36.72,890.1,0.264,3.19,2.13,-27.572377,22.729516,4.83,Alluvium_Unconsolidated,0,South Africa
437.64,7.53,0.321,35.89,874.4,0.208,1.62,1.35,-27.312569,22.681183,3.88,Alluvium_Unconsolidated,0,South Africa
391.35,6.16,0.231,33.11,1217.4,0.304,2.29,2.2,-27.109704,23.368993,1.64,Alluvium_Unconsolidated,1,South Africa
338.49,3.47,0.201,29.74,1082.1,0.358,3.13,1.34,-27.794239,23.092081,3.78,Alluvium_Unconsolidated,0,South Africa
407.79,1.98,0.261,29.04,1116.1,0.318,1.6,1.39,-27.081269,23.150654,5.49,Alluvium_Unconsolidated,0,South Africa
372.24,7.92,0.37,36.81,893.3,0.298,3.12,2.38,-27.632665,22.738287,5.72,Alluvium_Unconsolidated,0,South Africa
388.97,1.89,0.406,29.03,1134.8,0.284,1.63,1.75,-27.607401,23.184363,1.07,Alluvium_Unconsolidated,1,South Africa
453.78,4.95,0.452,31.25,850.1,0.202,3.09,1.41,-27.406248,22.523703,3.21,Alluvium_Unconsolidated,0,South Africa
416.96,7.16,0.244,35.07,1235.3,0.228,1.62,2.43,-27.2533,23.433437,5.77,Alluvium_Unconsolidated,0,South Africa
395.37,8.0,0.371,37.0,910.2,0.297,3.19,2.45,-27.631843,22.780234,5.65,Alluvium_Unconsolidated,0,South Africa
447.25,6.96,0.32,34.65,1231.8,0.208,1.74,2.29,-27.311653,23.418583,2.93,Alluvium_Unconsolidated,0,South Africa
432.36,5.4,0.277,31.88,1203.5,0.217,1.92,2.5,-27.280953,23.329971,0.87,Alluvium_Unconsolidated,0,South Africa
437.01,4.45,0.499,30.64,1185.7,0.219,3.11,2.01,-27.476385,23.2869,1.82,Alluvium_Unconsolidated,0,South Africa
381.39,2.09,0.331,29.07,1139.0,0.34,1.95,1.35,-27.030519,23.192091,4.21,Alluvium_Unconsolidated,0,South Africa
339.99,4.32,0.499,30.5,1183.2,0.349,3.02,1.37,-26.852027,23.281318,2.38,Alluvium_Unconsolidated,0,South Africa
429.6,7.26,0.2,35.29,867.8,0.271,2.19,1.98,-27.169077,22.656249,5.53,Alluvium_Unconsolidated,0,South Africa
398.91,3.41,0.268,29.69,1083.6,0.321,1.65,1.31,-27.075424,23.094562,4.18,Alluvium_Unconsolidated,0,South Africa
420.62,6.29,0.206,33.34,1004.8,0.284,2.9,1.3,-27.146006,22.962337,5.79,Alluvium_Unconsolidated,0,South Africa
338.3,4.8,0.482,31.07,850.0,0.335,2.58,1.52,-26.811515,22.517102,5.19,Alluvium_Unconsolidated,1,South Africa
388.69,3.98,0.385,30.16,1069.9,0.292,1.85,2.08,-27.622449,23.071502,5.73,Alluvium_Unconsolidated,0,South Africa
325.34,5.44,0.5,31.94,1030.8,0.35,2.41,2.21,-26.855218,23.006359,0.91,Alluvium_Unconsolidated,1,South Africa
404.42,5.94,0.253,32.72,852.9,0.315,2.43,2.48,-27.08761,22.571591,5.8,Alluvium_Unconsolidated,0,South Africa
344.88,1.95,0.496,29.04,1135.9,0.356,3.12,1.49,-26.883483,23.186394,5.73,Alluvium_Unconsolidated,0,South Africa
413.29,6.11,0.201,33.03,1216.6,0.26,1.69,2.44,-27.187992,23.366582,5.7,Alluvium_Unconsolidated,0,South Africa
384.66,4.8,0.414,31.06,1048.7,0.28,1.87,2.28,-27.601624,23.036115,5.76,Alluvium_Unconsolidated,0,South Africa
388.37,2.12,0.371,29.07,1113.1,0.297,1.64,1.77,-27.631963,23.145317,4.43,Alluvium_Unconsolidated,0,South Africa
350.46,5.04,0.49,31.38,850.2,0.358,3.14,1.94,-26.897598,22.527937,4.67,Alluvium_Unconsolidated,0,South Africa
369.57,3.34,0.381,29.64,1085.3,0.351,1.75,1.36,-26.996568,23.0975,5.43,Alluvium_Unconsolidated,0,South Africa
438.61,7.93,0.486,36.82,925.5,0.209,1.81,1.82,-27.444716,22.814303,5.64,Alluvium_Unconsolidated,0,South Africa
429.83,5.94,0.215,32.72,852.9,0.244,1.6,2.05,-27.219395,22.571588,2.57,Alluvium_Unconsolidated,0,South Africa
431.51,5.82,0.498,32.54,852.3,0.218,3.2,1.31,-27.474102,22.56565,5.26,Alluvium_Unconsolidated,0,South Africa
452.4,7.93,0.258,36.84,924.5,0.223,2.26,1.3,-27.266066,22.812284,5.67,Alluvium_Unconsolidated,0,South Africa
419.08,3.3,0.498,29.61,1086.3,0.23,1.86,2.43,-27.504625,23.099159,3.76,Alluvium_Unconsolidated,0,South Africa
434.19,7.38,0.213,35.55,1239.2,0.245,1.85,2.47,-27.217309,23.451809,4.88,Alluvium_Unconsolidated,0,South Africa
441.9,3.25,0.452,29.58,1162.5,0.202,3.2,2.42,-27.40673,23.23757,2.49,Alluvium_Unconsolidated,0,South Africa
428.06,7.82,0.277,36.55,885.6,0.217,1.68,1.36,-27.280867,22.716779,1.63,Alluvium_Unconsolidated,0,South Africa
365.06,7.95,0.264,36.87,895.6,0.334,2.61,2.5,-27.706736,22.74436,2.46,Alluvium_Unconsolidated,0,South Africa
385.14,2.83,0.22,29.34,1154.1,0.349,2.08,1.3,-27.751005,23.220787,5.61,Alluvium_Unconsolidated,0,South Africa
327.16,3.56,0.497,29.81,1168.6,0.346,3.08,1.47,-26.841541,23.249977,3.1,Alluvium_Unconsolidated,0,South Africa
408.9,5.82,0.209,32.53,1211.2,0.287,1.92,2.27,-27.140542,23.350735,4.43,Alluvium_Unconsolidated,1,South Africa
390.76,7.73,0.462,36.36,942.1,0.258,2.64,2.41,-27.561953,22.848324,2.78,Alluvium_Unconsolidated,1,South Africa
355.16,6.48,0.494,33.7,856.8,0.357,2.76,2.15,-26.887838,22.602207,5.7,Alluvium_Unconsolidated,1,South Africa
409.57,7.95,0.254,36.89,896.6,0.315,3.19,2.05,-27.086842,22.746961,1.98,Alluvium_Unconsolidated,0,South Africa
340.99,7.25,0.499,35.25,1236.8,0.349,2.09,1.36,-26.851649,23.440311,5.58,Alluvium_Unconsolidated,0,South Africa
385.85,7.8,0.346,36.51,1246.5,0.344,3.13,2.23,-27.020568,23.499347,3.9,Alluvium_Unconsolidated,0,South Africa
366.49,7.3,0.429,35.37,868.6,0.358,3.03,2.49,-26.962168,22.659647,5.52,Alluvium_Unconsolidated,0,South Africa
412.89,6.73,0.239,34.18,859.4,0.308,2.59,2.38,-27.100875,22.617579,5.57,Alluvium_Unconsolidated,0,South Africa
384.33,7.24,0.36,35.23,867.2,0.347,3.2,2.49,-27.011094,22.654132,2.96,Alluvium_Unconsolidated,0,South Africa
438.3,8.0,0.464,37.0,907.4,0.203,1.81,1.57,-27.417719,22.773739,5.64,Alluvium_Unconsolidated,0,South Africa
375.9,3.85,0.33,30.05,1174.3,0.34,2.36,1.49,-27.030838,23.261922,1.08,Alluvium_Unconsolidated,1,South Africa
350.4,7.97,0.443,36.94,918.2,0.359,2.13,2.42,-26.950744,22.798496,2.5,Alluvium_Unconsolidated,0,South Africa
322.1,4.79,0.216,31.05,850.0,0.351,1.73,2.23,-27.756391,22.516467,3.0,Alluvium_Unconsolidated,0,South Africa
433.75,5.9,0.386,32.67,1017.1,0.201,2.48,2.01,-27.356351,22.983307,5.76,Alluvium_Unconsolidated,1,South Africa
411.62,7.67,0.2,36.2,1244.2,0.27,2.43,2.5,-27.170336,23.481553,1.04,Alluvium_Unconsolidated,1,South Africa
351.44,7.41,0.243,35.62,871.1,0.341,1.98,2.47,-27.725538,22.669379,4.0,Alluvium_Unconsolidated,1,South Africa
346.05,7.99,0.459,36.97,901.9,0.36,2.23,2.49,-26.936256,22.760296,3.25,Alluvium_Unconsolidated,1,South Africa
415.82,7.42,0.49,35.63,871.3,0.211,2.73,1.42,-27.45283,22.670066,2.1,Alluvium_Unconsolidated,0,South Africa
321.43,7.57,0.201,35.98,952.0,0.358,2.57,1.99,-27.793909,22.867722,2.11,Alluvium_Unconsolidated,1,South Africa
377.35,6.87,0.445,34.46,1230.2,0.359,3.08,1.61,-26.949189,23.412184,3.06,Alluvium_Unconsolidated,0,South Africa
363.17,7.86,0.238,36.65,888.2,0.343,2.26,2.5,-27.730369,22.724094,1.89,Alluvium_Unconsolidated,1,South Africa
364.31,7.08,0.327,34.89,975.7,0.313,3.07,2.39,-27.661335,22.911504,2.98,Alluvium_Unconsolidated,0,South Africa
421.31,7.55,0.355,35.92,874.8,0.203,1.69,1.31,-27.335194,22.682649,4.98,Alluvium_Unconsolidated,0,South Africa
400.93,5.64,0.49,32.25,1208.1,0.239,3.05,1.59,-27.525108,23.342114,2.68,Alluvium_Unconsolidated,0,South Africa
362.08,2.0,0.236,29.05,1115.8,0.344,2.35,1.38,-27.732584,23.150104,4.61,Alluvium_Unconsolidated,0,South Africa
375.52,5.43,0.373,31.93,1204.1,0.349,3.0,1.58,-27.002231,23.33167,5.19,Alluvium_Unconsolidated,1,South Africa
334.32,6.51,0.5,33.74,857.1,0.351,2.5,2.03,-26.860343,22.603586,4.84,Alluvium_Unconsolidated,0,South Africa
388.73,6.65,0.32,34.02,1226.2,0.315,2.16,1.36,-27.666441,23.397829,5.45,Alluvium_Unconsolidated,0,South Africa
343.93,7.19,0.499,35.13,1235.8,0.348,2.1,1.35,-26.849655,23.43569,5.56,Alluvium_Unconsolidated,0,South Africa
440.04,4.11,0.426,30.29,1066.6,0.2,2.73,2.37,-27.384698,23.066027,5.11,Alluvium_Unconsolidated,1,South Africa
421.39,7.9,0.2,36.75,928.4,0.269,3.08,1.44,-27.171892,22.820554,2.29,Alluvium_Unconsolidated,1,South Africa
426.69,6.78,0.498,34.27,987.5,0.229,1.7,2.42,-27.503434,22.932478,5.05,Alluvium_Unconsolidated,0,South Africa
424.2,5.65,0.29,32.26,851.6,0.214,1.93,1.76,-27.290403,22.556812,5.8,Alluvium_Unconsolidated,0,South Africa
394.82,5.42,0.335,31.92,1204.0,0.31,1.88,1.3,-27.655815,23.331294,3.98,Alluvium_Unconsolidated,0,South Africa
450.81,2.96,0.324,29.4,1094.3,0.208,3.2,2.25,-27.314256,23.112757,3.13,Alluvium_Unconsolidated,0,South Africa
341.55,8.0,0.409,36.99,911.5,0.355,2.47,2.37,-26.977012,22.783403,4.69,Alluvium_Unconsolidated,0,South Africa
425.99,6.74,0.218,34.19,1227.8,0.241,1.64,2.5,-27.224854,23.403506,5.8,Alluvium_Unconsolidated,0,South Africa
369.87,5.59,0.357,32.17,851.4,0.302,2.04,1.83,-27.641435,22.55412,3.56,Alluvium_Unconsolidated,0,South Africa
380.78,7.66,0.443,36.18,947.0,0.359,1.81,2.27,-26.95121,22.858028,1.99,Alluvium_Unconsolidated,0,South Africa
431.71,8.0,0.224,37.0,908.6,0.238,2.36,1.37,-27.231666,22.77662,5.79,Alluvium_Unconsolidated,1,South Africa
350.8,7.28,0.238,35.32,868.1,0.343,1.88,2.46,-27.729885,22.657502,4.65,Alluvium_Unconsolidated,0,South Africa
402.11,7.48,0.239,35.77,872.9,0.308,2.92,2.22,-27.10105,22.675678,3.98,Alluvium_Unconsolidated,0,South Africa
425.5,6.84,0.498,34.4,1229.6,0.231,3.19,1.47,-27.506823,23.410267,3.5,Alluvium_Unconsolidated,1,South Africa
378.77,7.68,0.35,36.22,945.9,0.345,2.4,1.99,-27.018011,22.855935,4.32,Alluvium_Unconsolidated,1,South Africa
327.45,2.64,0.494,29.25,1150.2,0.343,3.15,1.61,-26.832787,23.213281,4.07,Alluvium_Unconsolidated,0,South Africa
400.3,7.98,0.262,36.94,899.8,0.318,3.2,2.05,-27.080718,22.755066,2.8,Alluvium_Unconsolidated,0,South Africa
393.25,7.29,0.374,35.35,1237.6,0.35,3.19,1.96,-27.001814,23.44405,4.84,Alluvium_Unconsolidated,0,South Africa
428.86,2.01,0.246,29.05,1137.2,0.227,2.54,2.24,-27.255189,23.188767,5.04,Alluvium_Unconsolidated,0,South Africa
420.33,7.61,0.464,36.07,876.8,0.203,2.28,1.37,-27.417869,22.689388,4.95,Alluvium_Unconsolidated,1,South Africa
414.65,7.46,0.227,35.73,872.4,0.301,2.81,2.17,-27.114363,22.674132,4.73,Alluvium_Unconsolidated,1,South Africa
422.22,7.36,0.256,35.5,869.8,0.224,1.62,1.53,-27.263857,22.664449,1.3,Alluvium_Unconsolidated,0,South Africa
363.26,6.38,0.424,33.5,1221.3,0.357,3.19,1.58,-26.965723,23.381316,5.08,Alluvium_Unconsolidated,1,South Africa
450.38,4.58,0.498,30.79,1054.6,0.218,1.82,2.5,-27.47478,23.045937,3.41,Alluvium_Unconsolidated,0,South Africa
407.71,6.67,0.211,34.07,1226.7,0.289,2.24,2.37,-27.135718,23.399291,2.06,Alluvium_Unconsolidated,1,South Africa
359.8,7.15,0.491,35.04,972.8,0.358,1.64,2.34,-26.894798,22.906162,5.8,Alluvium_Unconsolidated,0,South Africa
397.31,3.64,0.414,29.87,1170.1,0.28,1.89,1.55,-27.601765,23.253082,4.08,Alluvium_Unconsolidated,0,South Africa
338.45,2.81,0.277,29.32,1097.7,0.33,2.21,1.57,-27.696934,23.118543,5.22,Alluvium_Unconsolidated,0,South Africa
440.13,2.34,0.32,29.13,1144.1,0.208,2.95,2.44,-27.312021,23.201553,5.73,Alluvium_Unconsolidated,0,South Africa
431.24,6.24,0.345,33.25,854.8,0.205,2.07,1.5,-27.328351,22.588026,5.63,Alluvium_Unconsolidated,0,South Africa
390.59,7.63,0.424,36.12,1243.6,0.276,3.15,1.33,-27.594196,23.47748,1.14,Alluvium_Unconsolidated,0,South Africa
395.1,3.87,0.41,30.07,1174.7,0.282,1.92,1.51,-27.604982,23.262695,4.26,Alluvium_Unconsolidated,1,South Africa
444.99,4.15,0.272,30.33,1065.6,0.219,3.19,1.92,-27.277518,23.064389,3.42,Alluvium_Unconsolidated,1,South Africa
423.13,2.37,0.237,29.14,1144.6,0.307,1.61,1.6,-27.103408,23.202635,5.73,Alluvium_Unconsolidated,0,South Africa
352.38,5.36,0.493,31.81,850.7,0.357,3.07,1.96,-26.891505,22.542578,5.31,Alluvium_Unconsolidated,0,South Africa
392.54,5.2,0.224,31.59,1199.9,0.3,1.94,2.07,-27.116989,23.320679,4.25,Alluvium_Unconsolidated,0,South Africa
428.15,7.82,0.201,36.57,886.0,0.274,2.64,1.79,-27.162546,22.718016,5.44,Alluvium_Unconsolidated,0,South Africa
413.45,7.47,0.5,35.75,957.5,0.224,1.82,2.24,-27.489311,22.878088,5.67,Alluvium_Unconsolidated,0,South Africa
398.96,2.65,0.417,29.25,1101.3,0.279,1.61,2.0,-27.599713,23.124867,3.35,Alluvium_Unconsolidated,0,South Africa
418.39,5.67,0.496,32.3,851.7,0.234,3.11,1.36,-27.513402,22.558139,5.71,Alluvium_Unconsolidated,0,South Africa
353.35,7.64,0.355,36.14,877.9,0.346,3.16,2.45,-27.014421,22.693081,4.34,Alluvium_Unconsolidated,1,South Africa
354.49,3.12,0.45,29.5,1159.9,0.359,2.94,1.3,-26.945066,23.232294,4.82,Alluvium_Unconsolidated,0,South Africa
386.0,7.71,0.357,36.3,943.7,0.302,3.15,2.5,-27.641677,22.851487,4.23,Alluvium_Unconsolidated,0,South Africa
425.08,1.96,0.255,29.04,1116.6,0.224,2.83,2.16,-27.262924,23.151591,5.79,Alluvium_Unconsolidated,0,South Africa
404.15,7.5,0.442,35.81,1241.2,0.268,3.16,1.31,-27.579968,23.462767,0.81,Alluvium_Unconsolidated,1,South Africa
396.92,7.34,0.246,35.45,964.1,0.312,2.87,1.53,-27.094063,22.890336,5.8,Alluvium_Unconsolidated,1,South Africa
354.12,5.31,0.47,31.75,1034.6,0.36,1.85,1.87,-26.924517,23.012669,4.88,Alluvium_Unconsolidated,0,South Africa
409.37,7.68,0.217,36.23,1244.4,0.294,2.84,2.48,-27.126395,23.482886,4.1,Alluvium_Unconsolidated,0,South Africa
434.3,5.84,0.421,32.57,852.4,0.2,2.7,1.39,-27.38148,22.566861,2.28,Alluvium_Unconsolidated,0,South Africa
356.24,6.62,0.304,33.97,858.3,0.32,2.06,2.19,-27.676923,22.610904,3.41,Alluvium_Unconsolidated,0,South Africa
327.0,6.39,0.492,33.52,1001.4,0.341,2.37,2.43,-26.827064,22.956593,1.06,Alluvium_Unconsolidated,1,South Africa
450.87,4.22,0.462,30.4,1181.4,0.203,3.19,2.3,-27.416011,23.277185,3.63,Alluvium_Unconsolidated,0,South Africa
424.88,1.61,0.449,29.0,1128.8,0.201,3.09,2.49,-27.404177,23.173405,2.07,Alluvium_Unconsolidated,0,South Africa
358.59,4.86,0.249,31.14,1193.5,0.339,1.6,1.33,-27.71944,23.305019,3.32,Alluvium_Unconsolidated,0,South Africa
396.58,3.04,0.2,29.45,1158.2,0.266,1.7,2.04,-27.178039,23.228973,3.41,Alluvium_Unconsolidated,0,South Africa
386.19,5.03,0.315,31.36,1042.4,0.336,1.69,1.38,-27.041266,23.025616,3.48,Alluvium_Unconsolidated,0,South Africa
373.89,7.97,0.2,36.92,898.1,0.359,1.84,2.34,-27.797962,22.750928,4.91,Alluvium_Unconsolidated,0,South Africa
449.03,6.96,0.416,34.64,980.5,0.2,1.91,1.88,-27.377304,22.920029,4.22,Alluvium_Unconsolidated,0,South Africa
430.48,3.22,0.5,29.56,1088.2,0.222,2.02,2.46,-27.486085,23.102396,4.85,Alluvium_Unconsolidated,0,South Africa
344.8,7.21,0.29,35.17,970.1,0.325,3.19,2.33,-27.686903,22.90139,4.83,Alluvium_Unconsolidated,0,South Africa
377.97,7.5,0.366,35.83,955.8,0.348,2.17,1.97,-27.007071,22.874835,2.88,Alluvium_Unconsolidated,0,South Africa
385.01,5.45,0.359,31.96,1030.5,0.347,1.63,1.51,-27.011614,23.005738,4.43,Alluvium_Unconsolidated,0,South Africa
340.09,3.0,0.207,29.43,1157.6,0.354,2.23,1.32,-27.771924,23.227658,5.14,Alluvium_Unconsolidated,1,South Africa
418.46,7.79,0.206,36.49,938.0,0.253,2.98,1.33,-27.202118,22.840316,3.45,Alluvium_Unconsolidated,1,South Africa
386.16,6.84,0.325,34.4,985.0,0.339,2.1,1.66,-27.034109,22.928073,2.29,Alluvium_Unconsolidated,1,South Africa
410.74,4.19,0.205,30.37,1180.7,0.282,1.62,2.06,-27.148142,23.275855,5.77,Alluvium_Unconsolidated,1,South Africa
371.65,3.41,0.315,29.69,1165.5,0.336,2.15,1.48,-27.041234,23.24361,2.72,Alluvium_Unconsolidated,0,South Africa
401.63,3.28,0.206,29.6,1163.1,0.252,1.8,2.18,-27.203163,23.238618,2.12,Alluvium_Unconsolidated,0,South Africa
398.27,6.54,0.328,33.81,1224.3,0.313,2.17,1.34,-27.660976,23.39099,5.47,Alluvium_Unconsolidated,0,South Africa
435.37,6.92,0.411,34.57,981.9,0.2,1.95,1.87,-27.373902,22.922523,4.49,Alluvium_Unconsolidated,0,South Africa
396.38,7.03,0.479,34.79,977.7,0.248,2.04,2.47,-27.542885,22.915003,5.69,Alluvium_Unconsolidated,0,South Africa
435.21,7.18,0.497,35.1,971.4,0.216,1.63,2.23,-27.46731,22.90373,4.24,Alluvium_Unconsolidated,0,South Africa
435.13,7.81,0.468,36.53,936.7,0.204,1.63,1.8,-27.42257,22.837581,4.21,Alluvium_Unconsolidated,0,South Africa
395.8,3.35,0.277,29.64,1164.3,0.324,1.91,1.57,-27.068844,23.241209,4.5,Alluvium_Unconsolidated,0,South Africa
449.93,7.18,0.334,35.11,1235.7,0.206,1.73,2.2,-27.321304,23.435107,3.02,Alluvium_Unconsolidated,0,South Africa
431.4,7.79,0.5,36.49,884.3,0.222,2.77,1.67,-27.486479,22.712864,1.72,Alluvium_Unconsolidated,0,South Africa
425.88,2.5,0.204,29.19,1104.8,0.256,2.35,1.77,-27.196612,23.130779,4.07,Alluvium_Unconsolidated,1,South Africa
425.84,5.4,0.207,31.88,1203.6,0.25,1.6,2.42,-27.206496,23.330272,5.33,Alluvium_Unconsolidated,0,South Africa
410.36,7.91,0.289,36.78,927.3,0.328,2.97,1.93,-27.059466,22.818132,5.69,Alluvium_Unconsolidated,0,South Africa
369.98,4.76,0.368,31.01,850.0,0.348,2.83,2.35,-27.00558,22.514973,4.6,Alluvium_Unconsolidated,1,South Africa
405.87,2.1,0.474,29.07,1139.1,0.251,2.0,2.0,-27.54812,23.19229,4.76,Alluvium_Unconsolidated,0,South Africa
451.81,7.51,0.406,35.84,955.5,0.2,1.76,1.69,-27.370104,22.874357,2.77,Alluvium_Unconsolidated,0,South Africa
346.55,4.76,0.497,31.01,850.0,0.356,3.1,1.81,-26.880803,22.515074,5.03,Alluvium_Unconsolidated,0,South Africa
442.09,6.54,0.373,33.8,857.4,0.202,2.14,1.4,-27.347422,22.605413,5.45,Alluvium_Unconsolidated,0,South Africa
434.59,7.94,0.5,36.85,923.7,0.223,2.17,2.01,-27.486906,22.810434,5.37,Alluvium_Unconsolidated,0,South Africa
325.29,5.93,0.486,32.71,1016.3,0.337,2.62,2.41,-26.816975,22.98185,2.52,Alluvium_Unconsolidated,1,South Africa
418.58,6.23,0.205,33.23,854.7,0.282,1.97,2.29,-27.14871,22.587315,4.57,Alluvium_Unconsolidated,0,South Africa
437.22,5.82,0.385,32.54,852.3,0.201,2.47,1.47,-27.355426,22.565729,3.94,Alluvium_Unconsolidated,0,South Africa
358.24,7.43,0.286,35.66,871.7,0.327,2.31,2.4,-27.690151,22.671282,1.52,Alluvium_Unconsolidated,0,South Africa
379.35,2.01,0.313,29.05,1115.6,0.336,1.69,1.32,-27.042394,23.149677,5.68,Alluvium_Unconsolidated,0,South Africa
410.13,7.76,0.464,36.42,882.8,0.257,3.19,1.99,-27.559415,22.708407,4.88,Alluvium_Unconsolidated,1,South Africa
408.42,7.72,0.492,36.34,881.2,0.238,3.06,1.79,-27.52169,22.703435,2.92,Alluvium_Unconsolidated,0,South Africa
337.55,4.85,0.499,31.13,850.0,0.354,3.04,1.78,-26.87168,22.519283,5.44,Alluvium_Unconsolidated,0,South Africa
444.55,7.3,0.462,35.37,965.8,0.203,1.62,1.97,-27.416209,22.893581,1.27,Alluvium_Unconsolidated,0,South Africa
411.01,3.85,0.207,30.05,1072.9,0.285,2.19,1.41,-27.143518,23.076624,3.01,Alluvium_Unconsolidated,0,South Africa
360.6,5.53,0.279,32.07,1028.4,0.329,2.9,1.98,-27.695286,23.0023,1.06,Alluvium_Unconsolidated,1,South Africa
378.13,7.18,0.397,35.1,866.1,0.287,2.87,2.04,-27.613902,22.649276,4.32,Alluvium_Unconsolidated,1,South Africa
354.81,7.97,0.445,36.92,919.5,0.359,2.09,2.41,-26.948925,22.801357,2.24,Alluvium_Unconsolidated,0,South Africa
439.61,6.27,0.207,33.3,1005.5,0.251,3.19,1.35,-27.205472,22.963498,3.72,Alluvium_Unconsolidated,0,South Africa
408.92,7.52,0.248,35.86,1241.6,0.313,3.0,2.39,-27.092471,23.465095,5.14,Alluvium_Unconsolidated,0,South Africa
379.04,7.62,0.26,36.09,949.4,0.335,3.14,2.35,-27.710337,22.862734,5.77,Alluvium_Unconsolidated,0,South Africa
422.73,6.71,0.2,34.15,1227.4,0.268,1.92,2.47,-27.173732,23.401924,4.38,Alluvium_Unconsolidated,0,South Africa
419.84,4.41,0.213,30.6,1058.9,0.291,2.24,1.34,-27.133513,23.053249,3.38,Alluvium_Unconsolidated,0,South Africa
405.37,3.67,0.496,29.89,1170.7,0.215,3.06,2.17,-27.465511,23.254214,2.61,Alluvium_Unconsolidated,0,South Africa
406.52,5.69,0.469,32.32,1208.9,0.254,2.86,1.47,-27.554312,23.344373,4.39,Alluvium_Unconsolidated,0,South Africa
424.59,7.65,0.497,36.17,947.4,0.232,2.07,2.26,-27.508091,22.858698,5.64,Alluvium_Unconsolidated,0,South Africa
436.77,2.29,0.47,29.12,1109.3,0.204,2.8,2.5,-27.424523,23.138766,4.75,Alluvium_Unconsolidated,1,South Africa
403.63,3.14,0.443,29.51,1160.2,0.268,1.96,1.71,-27.5795,23.232959,4.55,Alluvium_Unconsolidated,0,South Africa
355.09,6.08,0.467,32.98,1011.4,0.36,1.68,2.0,-26.928118,22.973548,5.73,Alluvium_Unconsolidated,0,South Africa
367.52,4.48,0.283,30.68,850.1,0.328,1.6,1.89,-27.692284,22.503021,5.59,Alluvium_Unconsolidated,0,South Africa
347.86,6.27,0.285,33.31,1005.3,0.327,3.04,2.14,-27.690763,22.963207,2.63,Alluvium_Unconsolidated,1,South Africa
338.61,7.56,0.5,35.96,1242.4,0.35,1.96,1.43,-26.855131,23.469671,5.79,Alluvium_Unconsolidated,0,South Africa
404.1,7.48,0.216,35.78,873.0,0.293,2.7,2.1,-27.128284,22.676269,5.23,Alluvium_Unconsolidated,1,South Africa
439.49,3.03,0.498,29.44,1158.0,0.218,2.89,2.22,-27.473094,23.228511,4.17,Alluvium_Unconsolidated,0,South Africa
442.55,7.77,0.298,36.44,883.2,0.212,1.62,1.34,-27.296736,22.709495,1.52,Alluvium_Unconsolidated,1,South Africa
347.26,2.46,0.228,29.17,1146.6,0.346,2.08,1.3,-27.740754,23.206291,5.63,Alluvium_Unconsolidated,0,South Africa
379.11,1.78,0.372,29.02,1120.4,0.349,1.99,1.3,-27.002658,23.15833,3.9,Alluvium_Unconsolidated,0,South Africa
439.38,5.78,0.258,32.47,852.1,0.223,1.74,1.85,-27.265786,22.563603,5.34,Alluvium_Unconsolidated,0,South Africa
383.92,2.22,0.266,29.1,1110.9,0.32,1.6,1.36,-27.077116,23.141457,5.44,Alluvium_Unconsolidated,0,South Africa
323.57,7.37,0.489,35.52,1239.0,0.339,1.81,1.32,-26.82149,23.450747,5.63,Alluvium_Unconsolidated,0,South Africa
381.57,6.01,0.351,32.85,1013.7,0.304,2.61,2.28,-27.645048,22.977522,2.99,Alluvium_Unconsolidated,1,South Africa
331.83,7.86,0.207,36.65,888.1,0.354,1.9,2.46,-27.771726,22.723776,4.53,Alluvium_Unconsolidated,0,South Africa
353.91,6.46,0.202,33.65,856.6,0.357,1.63,2.48,-27.788057,22.600612,4.46,Alluvium_Unconsolidated,0,South Africa
345.3,5.01,0.499,31.33,850.1,0.349,2.88,1.71,-26.851665,22.526321,5.8,Alluvium_Unconsolidated,1,South Africa
410.28,6.44,0.202,33.62,856.5,0.276,1.94,2.21,-27.159931,22.599777,4.43,Alluvium_Unconsolidated,0,South Africa
348.49,7.96,0.201,36.9,921.1,0.358,2.19,2.21,-27.791602,22.804982,2.41,Alluvium_Unconsolidated,0,South Africa
401.83,5.17,0.307,31.55,1199.3,0.334,2.58,1.73,-27.046751,23.319281,2.18,Alluvium_Unconsolidated,1,South Africa
372.93,7.8,0.415,36.52,937.0,0.356,2.09,2.25,-26.97287,22.838278,2.19,Alluvium_Unconsolidated,0,South Africa
377.85,7.77,0.355,36.44,883.2,0.346,3.12,2.42,-27.014296,22.709601,4.87,Alluvium_Unconsolidated,0,South Africa
378.99,7.36,0.331,35.5,1238.8,0.311,2.57,1.44,-27.658543,23.449851,5.63,Alluvium_Unconsolidated,0,South Africa
349.09,7.79,0.475,36.5,937.8,0.36,1.7,2.42,-26.919172,22.839869,3.37,Alluvium_Unconsolidated,0,South Africa
446.3,5.55,0.422,32.11,1027.6,0.2,2.35,2.18,-27.382137,23.000862,5.78,Alluvium_Unconsolidated,0,South Africa
387.23,4.79,0.38,31.04,1192.1,0.294,1.96,1.36,-27.625596,23.301746,4.54,Alluvium_Unconsolidated,0,South Africa
409.17,2.55,0.204,29.21,1103.5,0.28,1.97,1.57,-27.152392,23.12859,1.15,Alluvium_Unconsolidated,0,South Africa
351.63,3.62,0.225,29.85,1078.6,0.347,2.84,1.49,-27.74419,23.086112,1.06,Alluvium_Unconsolidated,1,South Africa
367.24,7.63,0.471,36.1,1243.5,0.36,2.55,1.71,-26.924051,23.47667,3.42,Alluvium_Unconsolidated,0,South Africa
350.96,5.59,0.498,32.17,1207.0,0.347,2.66,1.31,-26.844772,23.33933,2.6,Alluvium_Unconsolidated,1,South Africa
447.74,6.27,0.437,33.3,1005.5,0.201,2.02,2.11,-27.393424,22.9635,4.86,Alluvium_Unconsolidated,0,South Africa
407.7,2.08,0.45,29.06,1138.8,0.264,1.81,1.89,-27.572772,23.191714,3.36,Alluvium_Unconsolidated,0,South Africa
461.3,3.96,0.407,30.14,1070.4,0.2,2.88,2.34,-27.370959,23.072351,4.28,Alluvium_Unconsolidated,1,South Africa
433.35,7.8,0.21,36.51,1246.5,0.247,2.15,2.41,-27.212263,23.499414,2.76,Alluvium_Unconsolidated,0,South Africa
411.57,2.7,0.498,29.27,1151.4,0.231,2.53,2.11,-27.506667,23.215617,5.7,Alluvium_Unconsolidated,0,South Africa
426.67,6.54,0.202,33.82,996.0,0.277,3.05,1.3,-27.157646,22.947144,5.42,Alluvium_Unconsolidated,0,South Africa
436.52,2.8,0.472,29.32,1097.8,0.205,2.67,2.5,-27.426348,23.118819,5.34,Alluvium_Unconsolidated,1,South Africa
436.69,6.91,0.346,34.55,861.8,0.204,1.86,1.4,-27.328868,22.629868,5.74,Alluvium_Unconsolidated,0,South Africa
436.63,4.45,0.225,30.65,1185.7,0.237,1.79,2.41,-27.233339,23.286909,2.27,Alluvium_Unconsolidated,0,South Africa
431.91,7.56,0.203,35.96,952.7,0.256,3.12,1.31,-27.195736,22.868965,1.67,Alluvium_Unconsolidated,0,South Africa
416.03,7.81,0.478,36.54,936.4,0.206,1.67,1.86,-27.434452,22.83692,4.82,Alluvium_Unconsolidated,0,South Africa
423.62,5.86,0.487,32.6,1212.0,0.21,3.14,1.91,-27.447329,23.353126,4.69,Alluvium_Unconsolidated,0,South Africa
388.86,7.99,0.337,36.98,914.4,0.342,2.87,2.18,-27.026375,22.790012,5.8,Alluvium_Unconsolidated,0,South Africa
424.53,7.98,0.482,36.95,900.6,0.208,2.06,1.61,-27.439829,22.757165,5.65,Alluvium_Unconsolidated,0,South Africa
428.35,2.58,0.313,29.22,1149.1,0.209,2.87,2.45,-27.306848,23.21109,5.8,Alluvium_Unconsolidated,0,South Africa
433.95,4.72,0.468,30.96,850.0,0.204,3.17,1.39,-27.422129,22.513321,4.54,Alluvium_Unconsolidated,0,South Africa
382.08,4.44,0.333,30.64,1185.6,0.341,2.54,1.55,-27.029387,23.28662,1.86,Alluvium_Unconsolidated,0,South Africa
349.64,5.29,0.444,31.72,1201.5,0.359,3.19,1.39,-26.950167,23.324755,5.69,Alluvium_Unconsolidated,0,South Africa
434.31,6.16,0.242,33.11,854.2,0.229,1.63,1.85,-27.251583,22.583548,4.12,Alluvium_Unconsolidated,0,South Africa
327.73,2.49,0.21,29.18,1105.0,0.353,2.78,1.34,-27.76706,23.131156,1.59,Alluvium_Unconsolidated,1,South Africa
411.16,7.13,0.206,35.0,973.4,0.252,3.18,1.3,-27.202702,22.907397,1.32,Alluvium_Unconsolidated,1,South Africa
400.43,4.94,0.249,31.24,1044.9,0.313,2.01,1.3,-27.091786,23.029849,1.54,Alluvium_Unconsolidated,0,South Africa
436.67,4.56,0.358,30.77,1187.8,0.203,2.67,2.47,-27.337412,23.291667,5.49,Alluvium_Unconsolidated,1,South Africa
423.51,3.23,0.498,29.56,1162.0,0.231,2.66,2.04,-27.506449,23.236422,5.39,Alluvium_Unconsolidated,1,South Africa
438.05,4.44,0.423,30.64,1185.6,0.2,3.04,2.38,-27.382842,23.286749,5.45,Alluvium_Unconsolidated,0,South Africa
377.13,1.59,0.289,29.0,1235.6,0.282,3.19,1.97,-22.66125,119.776691,1.76,Alluvium_Unconsolidated,0,Australia
310.23,3.19,0.4,29.54,853.8,0.31,2.16,2.07,-21.711052,118.922068,2.67,Alluvium_Unconsolidated,0,Australia
401.21,2.92,0.458,29.38,1005.0,0.26,2.03,2.49,-21.282169,121.399217,3.6,Alluvium_Unconsolidated,0,Australia
440.8,7.05,0.299,34.84,1236.1,0.212,1.65,1.47,-21.01415,120.029164,4.56,Alluvium_Unconsolidated,0,Australia
330.02,7.79,0.444,36.5,937.7,0.224,2.35,1.31,-23.001301,118.531978,5.79,Alluvium_Unconsolidated,0,Australia
381.55,4.48,0.325,30.68,1186.2,0.35,2.0,1.46,-23.264268,118.083502,3.83,Alluvium_Unconsolidated,0,Australia
301.96,8.0,0.459,37.0,1190.1,0.229,2.64,2.46,-23.014607,120.16901,5.43,Alluvium_Unconsolidated,0,Australia
316.67,5.2,0.245,31.59,1182.5,0.354,2.67,1.83,-21.599465,119.621944,5.33,Alluvium_Unconsolidated,0,Australia
342.42,6.37,0.218,33.49,855.8,0.35,3.19,1.94,-21.470089,118.776247,5.7,Alluvium_Unconsolidated,0,Australia
330.76,6.23,0.365,33.23,1006.7,0.206,2.11,1.78,-22.943315,118.406071,5.27,Alluvium_Unconsolidated,0,Australia
420.69,7.85,0.48,36.62,1212.6,0.358,2.98,1.97,-22.41033,120.111263,5.06,Alluvium_Unconsolidated,0,Australia
351.45,4.21,0.232,30.39,918.9,0.255,2.35,1.67,-22.709891,121.236675,5.79,Alluvium_Unconsolidated,0,Australia
406.57,7.83,0.382,36.59,886.6,0.316,1.98,2.43,-22.59823,118.652136,3.95,Alluvium_Unconsolidated,0,Australia
345.33,6.67,0.498,34.05,858.7,0.253,2.2,2.14,-21.816486,118.75814,3.03,Alluvium_Unconsolidated,0,Australia
450.14,4.67,0.415,30.9,1193.0,0.345,1.75,1.75,-22.350097,119.646032,2.8,Alluvium_Unconsolidated,1,Australia
319.5,7.88,0.21,36.71,1078.8,0.211,2.44,2.4,-22.812716,119.428761,4.12,Alluvium_Unconsolidated,0,Australia
363.71,5.6,0.376,32.19,926.5,0.339,3.05,1.5,-23.230607,119.158595,5.42,Alluvium_Unconsolidated,1,Australia
383.09,3.8,0.332,30.0,1025.9,0.2,1.96,2.49,-22.003253,121.434575,5.79,Alluvium_Unconsolidated,0,Australia
312.17,4.46,0.414,30.66,914.1,0.305,1.8,1.38,-21.721008,121.225833,3.26,Alluvium_Unconsolidated,0,Australia
420.43,1.89,0.498,29.03,1118.2,0.36,1.76,1.31,-22.447041,118.217266,2.65,Alluvium_Unconsolidated,0,Australia
428.03,3.54,0.499,29.79,888.7,0.36,1.62,1.75,-22.453874,119.067664,3.8,Alluvium_Unconsolidated,0,Australia
313.92,5.9,0.261,32.67,887.2,0.201,2.0,2.14,-22.87034,121.157871,5.76,Alluvium_Unconsolidated,0,Australia
435.31,2.26,0.449,29.11,872.7,0.352,1.64,2.27,-22.377296,119.017126,0.81,Alluvium_Unconsolidated,0,Australia
389.79,3.3,0.328,29.61,1214.7,0.312,2.0,1.31,-21.377704,119.703013,1.5,Alluvium_Unconsolidated,1,Australia
446.91,3.51,0.484,29.77,1018.8,0.208,3.14,2.36,-21.159305,121.422727,5.78,Alluvium_Unconsolidated,0,Australia
360.52,7.71,0.23,36.29,1156.0,0.254,1.62,1.86,-22.712482,120.241521,4.81,Alluvium_Unconsolidated,0,Australia
428.44,2.67,0.213,29.26,949.1,0.225,3.19,2.49,-22.106581,121.298701,5.73,Alluvium_Unconsolidated,0,Australia
390.75,3.63,0.216,29.86,1078.4,0.359,2.38,1.7,-23.357713,118.285822,0.95,Alluvium_Unconsolidated,1,Australia
358.25,5.04,0.208,31.38,1196.9,0.238,1.86,1.69,-22.742798,118.058346,3.77,Alluvium_Unconsolidated,0,Australia
352.44,7.84,0.25,36.62,852.7,0.339,2.36,1.86,-21.435427,120.896559,5.79,Alluvium_Unconsolidated,0,Australia
343.18,7.31,0.479,35.39,981.5,0.297,1.75,1.53,-23.143685,119.264028,2.73,Alluvium_Unconsolidated,1,Australia
372.91,7.12,0.337,34.97,865.5,0.348,2.81,2.5,-23.256682,120.819357,5.77,Alluvium_Unconsolidated,0,Australia
435.46,4.71,0.479,30.95,1190.7,0.207,2.09,1.66,-21.152372,118.073245,3.16,Alluvium_Unconsolidated,0,Australia
440.4,7.7,0.346,36.29,944.1,0.204,1.63,2.49,-21.045903,118.519383,4.08,Alluvium_Unconsolidated,0,Australia
448.35,2.93,0.394,29.39,1244.9,0.339,1.99,2.3,-22.335078,119.828823,3.93,Alluvium_Unconsolidated,0,Australia
297.95,7.84,0.254,36.61,1212.9,0.352,1.64,2.14,-21.607665,121.792174,5.8,Alluvium_Unconsolidated,0,Australia
396.49,7.79,0.435,36.5,937.8,0.271,3.2,1.67,-21.302413,118.531816,5.61,Alluvium_Unconsolidated,0,Australia
425.17,7.97,0.496,36.93,850.5,0.233,2.75,1.3,-21.228406,120.928425,5.68,Alluvium_Unconsolidated,0,Australia
312.51,5.04,0.434,31.37,1057.9,0.297,3.1,1.67,-21.736618,121.488007,1.99,Alluvium_Unconsolidated,0,Australia
349.52,7.55,0.2,35.93,1146.6,0.224,1.85,2.21,-22.775215,120.259604,1.65,Alluvium_Unconsolidated,0,Australia
357.83,5.84,0.201,32.56,1211.6,0.358,3.14,2.41,-21.508664,118.019746,1.24,Alluvium_Unconsolidated,0,Australia
453.78,7.34,0.38,35.45,861.5,0.201,1.96,1.35,-21.068874,121.065112,4.16,Alluvium_Unconsolidated,0,Australia
410.15,6.86,0.47,34.45,869.9,0.204,2.73,1.81,-21.141464,120.801243,5.65,Alluvium_Unconsolidated,1,Australia
379.76,6.79,0.37,34.3,987.0,0.298,2.54,1.77,-21.349581,118.440067,1.89,Alluvium_Unconsolidated,0,Australia
408.42,7.21,0.49,35.18,863.7,0.353,1.82,2.49,-22.499459,120.827126,3.45,Alluvium_Unconsolidated,0,Australia
400.19,4.14,0.37,30.32,1179.9,0.297,1.96,2.48,-21.34936,118.097688,1.1,Alluvium_Unconsolidated,1,Australia
339.59,7.9,0.483,36.75,928.5,0.222,3.05,2.45,-21.881798,118.55087,2.62,Alluvium_Unconsolidated,0,Australia
403.92,1.56,0.427,29.0,974.7,0.275,1.64,1.88,-21.309301,120.556451,0.82,Alluvium_Unconsolidated,1,Australia
431.9,2.3,0.238,29.12,990.8,0.324,1.85,2.5,-23.478114,120.527851,5.73,Alluvium_Unconsolidated,0,Australia
433.28,6.22,0.204,33.22,881.5,0.255,2.8,1.33,-22.170644,120.761825,5.76,Alluvium_Unconsolidated,0,Australia
325.51,7.56,0.497,35.97,1224.6,0.278,2.3,1.95,-23.110343,121.828696,5.74,Alluvium_Unconsolidated,0,Australia
431.83,6.9,0.214,34.52,1117.1,0.267,2.75,1.5,-22.192214,121.588945,1.88,Alluvium_Unconsolidated,1,Australia
323.54,1.79,0.43,29.02,1237.2,0.219,1.9,1.57,-22.989564,119.784221,5.79,Alluvium_Unconsolidated,0,Australia
343.98,7.9,0.2,36.76,891.2,0.224,2.11,1.75,-22.775325,118.639026,2.41,Alluvium_Unconsolidated,1,Australia
425.83,6.0,0.453,32.84,1013.9,0.353,2.39,1.33,-22.381401,118.393755,0.87,Alluvium_Unconsolidated,1,Australia
442.34,4.37,0.346,30.56,1040.0,0.204,2.64,2.01,-21.045928,121.458208,2.74,Alluvium_Unconsolidated,1,Australia
328.12,6.94,0.487,34.6,981.2,0.245,1.63,1.32,-23.048257,118.450294,0.93,Alluvium_Unconsolidated,0,Australia
371.99,1.74,0.358,29.01,1232.6,0.2,2.41,1.52,-21.986051,119.763962,4.28,Alluvium_Unconsolidated,0,Australia
436.84,7.81,0.495,36.54,1086.1,0.36,3.19,1.48,-22.436584,119.441001,1.82,Alluvium_Unconsolidated,0,Australia
408.48,2.67,0.415,29.26,1243.4,0.28,1.73,1.34,-21.317873,119.8185,5.51,Alluvium_Unconsolidated,0,Australia
319.77,7.36,0.2,35.51,1137.1,0.358,1.61,1.31,-21.513243,121.62503,5.67,Alluvium_Unconsolidated,0,Australia
355.0,6.47,0.209,33.68,877.0,0.238,3.07,1.75,-22.742399,120.77625,2.99,Alluvium_Unconsolidated,0,Australia
429.18,2.97,0.448,29.41,1006.0,0.201,2.83,2.48,-21.120279,120.501628,4.58,Alluvium_Unconsolidated,0,Australia
422.49,5.0,0.494,31.32,1056.7,0.36,1.71,1.37,-22.434298,121.486045,5.62,Alluvium_Unconsolidated,0,Australia
331.03,6.7,0.481,34.12,1240.9,0.271,1.92,2.29,-21.782854,121.897517,0.9,Alluvium_Unconsolidated,0,Australia
327.32,3.83,0.472,30.02,1248.6,0.236,1.8,2.03,-23.029016,119.864693,5.62,Alluvium_Unconsolidated,0,Australia
370.5,5.27,0.42,31.69,1249.5,0.325,2.91,2.46,-23.199087,119.927785,1.2,Alluvium_Unconsolidated,1,Australia
346.36,4.14,0.2,30.32,1034.2,0.223,2.99,2.49,-22.777285,121.44862,3.35,Alluvium_Unconsolidated,0,Australia
367.69,5.74,0.384,32.4,852.0,0.336,2.0,2.49,-23.2248,118.810211,4.79,Alluvium_Unconsolidated,0,Australia
398.57,4.27,0.456,30.45,1200.1,0.341,3.14,2.49,-22.540924,119.663344,4.6,Alluvium_Unconsolidated,0,Australia
331.57,2.63,0.298,29.24,1223.2,0.342,2.92,2.36,-21.641406,119.729448,3.98,Alluvium_Unconsolidated,1,Australia
344.45,3.14,0.213,29.51,1009.9,0.242,2.39,2.5,-22.734622,120.494937,0.84,Alluvium_Unconsolidated,0,Australia
391.62,3.7,0.262,29.92,1209.0,0.208,3.19,1.48,-22.0538,119.686765,5.06,Alluvium_Unconsolidated,1,Australia
347.18,5.25,0.487,31.66,918.5,0.291,2.33,1.99,-23.13309,119.141355,3.91,Alluvium_Unconsolidated,0,Australia
425.17,7.79,0.236,36.49,1162.0,0.282,1.77,2.38,-22.219377,120.229592,5.49,Alluvium_Unconsolidated,0,Australia
348.09,7.3,0.471,35.38,981.4,0.217,2.55,1.97,-21.8973,119.263824,1.99,Alluvium_Unconsolidated,0,Australia
423.83,1.71,0.487,29.01,867.1,0.21,2.82,1.37,-21.164586,118.995787,4.63,Alluvium_Unconsolidated,0,Australia
421.09,7.77,0.203,36.44,854.0,0.253,1.6,2.04,-22.166969,121.018508,5.42,Alluvium_Unconsolidated,0,Australia
444.66,5.61,0.415,32.21,1074.2,0.345,1.94,1.38,-22.34987,120.387245,5.8,Alluvium_Unconsolidated,0,Australia
438.93,2.14,0.31,29.08,960.0,0.21,3.12,1.45,-21.021574,121.319262,3.73,Alluvium_Unconsolidated,1,Australia
434.47,6.91,0.428,34.55,1117.7,0.348,2.91,1.37,-22.359776,121.589997,4.58,Alluvium_Unconsolidated,0,Australia
369.31,1.64,0.397,29.0,864.1,0.321,3.03,1.46,-22.587381,118.982619,2.54,Alluvium_Unconsolidated,0,Australia
325.13,7.75,0.209,36.38,854.4,0.36,1.6,2.33,-21.554451,120.881077,2.91,Alluvium_Unconsolidated,0,Australia
434.13,4.35,0.212,30.54,1039.6,0.265,3.2,1.95,-22.1893,121.457644,5.14,Alluvium_Unconsolidated,0,Australia
385.61,4.9,0.272,31.19,1054.0,0.206,2.05,2.43,-22.045624,121.481628,5.67,Alluvium_Unconsolidated,0,Australia
424.86,4.14,0.462,30.32,1065.7,0.355,1.82,1.3,-22.389713,118.307135,5.02,Alluvium_Unconsolidated,0,Australia
347.83,4.63,0.203,30.86,1046.9,0.232,1.85,2.49,-22.755359,120.432815,4.84,Alluvium_Unconsolidated,0,Australia
448.83,7.86,0.358,36.66,932.2,0.33,3.12,1.43,-22.310956,118.543236,3.64,Alluvium_Unconsolidated,0,Australia
392.62,7.45,0.477,35.71,859.5,0.348,1.78,2.44,-22.519089,120.847922,3.07,Alluvium_Unconsolidated,0,Australia
435.16,6.01,0.392,32.86,1086.4,0.339,2.83,1.3,-22.33362,121.535984,4.06,Alluvium_Unconsolidated,0,Australia
357.45,7.24,0.483,35.23,978.2,0.222,2.66,1.88,-21.881919,119.258207,2.82,Alluvium_Unconsolidated,0,Australia
364.54,7.86,0.459,36.67,1211.4,0.213,3.19,2.1,-21.909785,121.788042,1.61,Alluvium_Unconsolidated,0,Australia
396.57,4.19,0.378,30.37,1035.6,0.314,3.16,2.08,-22.600756,120.451803,5.8,Alluvium_Unconsolidated,0,Australia
420.83,6.81,0.22,34.33,1113.6,0.36,3.17,2.21,-23.352488,121.582731,5.8,Alluvium_Unconsolidated,0,Australia
393.96,7.79,0.352,36.49,938.0,0.344,2.3,2.04,-23.246782,118.531364,4.86,Alluvium_Unconsolidated,0,Australia
327.39,1.72,0.205,29.01,1236.6,0.36,3.02,2.14,-21.546325,119.78153,5.56,Alluvium_Unconsolidated,0,Australia
391.85,2.59,0.288,29.22,857.1,0.204,3.0,1.52,-22.033813,118.945814,5.61,Alluvium_Unconsolidated,0,Australia
395.33,7.97,0.391,36.94,899.5,0.319,1.86,2.48,-22.591632,118.617312,4.81,Alluvium_Unconsolidated,0,Australia
441.02,6.57,0.252,33.86,1104.9,0.318,2.02,2.5,-23.490742,121.567534,3.72,Alluvium_Unconsolidated,0,Australia
432.12,2.45,0.435,29.17,874.7,0.2,3.19,1.32,-21.108813,119.02437,2.03,Alluvium_Unconsolidated,0,Australia
452.19,5.65,0.37,32.26,927.5,0.333,2.85,2.06,-22.31852,119.160758,4.47,Alluvium_Unconsolidated,0,Australia
336.56,1.7,0.2,29.01,1122.2,0.223,2.45,2.34,-22.776543,118.210183,5.78,Alluvium_Unconsolidated,0,Australia
334.7,2.75,0.207,29.3,1001.1,0.213,1.86,2.35,-22.806276,120.510094,4.81,Alluvium_Unconsolidated,0,Australia
381.31,5.53,0.387,32.08,1248.8,0.317,2.11,1.7,-22.594777,119.940407,2.34,Alluvium_Unconsolidated,0,Australia
330.95,7.5,0.417,35.81,1226.6,0.304,1.79,2.5,-21.723409,121.835614,2.24,Alluvium_Unconsolidated,1,Australia
318.97,7.84,0.271,36.62,1017.1,0.348,1.8,1.31,-21.621791,119.325467,5.61,Alluvium_Unconsolidated,0,Australia
397.48,7.99,0.447,36.97,915.2,0.266,3.13,1.56,-21.292523,118.579817,3.9,Alluvium_Unconsolidated,0,Australia
400.13,7.01,0.232,34.75,968.6,0.215,1.75,2.5,-22.081271,119.240845,2.71,Alluvium_Unconsolidated,1,Australia
356.35,1.95,0.437,29.04,964.0,0.319,3.16,1.46,-23.185668,121.326791,5.8,Alluvium_Unconsolidated,0,Australia
409.33,4.62,0.204,30.85,1193.8,0.233,2.79,1.36,-22.126459,119.647968,3.81,Alluvium_Unconsolidated,1,Australia
400.08,3.04,0.347,29.45,881.9,0.345,3.11,1.77,-23.249674,119.047811,1.86,Alluvium_Unconsolidated,1,Australia
358.24,1.57,0.463,29.0,1128.1,0.307,3.2,1.51,-23.162647,118.199631,5.27,Alluvium_Unconsolidated,0,Australia
307.34,3.53,0.405,29.78,852.4,0.213,2.26,2.07,-22.97095,118.908486,3.49,Alluvium_Unconsolidated,0,Australia
356.42,3.1,0.484,29.49,1009.1,0.223,1.81,2.43,-21.880535,120.496422,2.05,Alluvium_Unconsolidated,0,Australia
381.37,1.59,0.352,29.0,866.0,0.2,2.37,1.48,-21.990136,118.991212,4.16,Alluvium_Unconsolidated,1,Australia
408.47,6.92,0.292,34.56,1238.1,0.355,1.62,2.48,-23.287552,121.883103,4.03,Alluvium_Unconsolidated,0,Australia
343.36,5.64,0.488,32.24,1207.9,0.246,3.2,2.46,-23.050115,118.029959,5.29,Alluvium_Unconsolidated,1,Australia
424.52,7.73,0.489,36.35,1157.8,0.353,2.08,2.19,-22.501254,121.664698,3.27,Alluvium_Unconsolidated,0,Australia
377.25,8.0,0.311,37.0,1052.5,0.201,2.18,2.48,-22.017419,119.38471,2.52,Alluvium_Unconsolidated,0,Australia
412.69,7.8,0.381,36.5,1087.5,0.293,3.12,1.96,-21.342158,119.443431,4.84,Alluvium_Unconsolidated,0,Australia
345.47,6.08,0.479,32.98,1161.4,0.22,2.66,2.46,-21.887921,119.577529,2.64,Alluvium_Unconsolidated,0,Australia
370.91,7.97,0.407,36.93,1036.1,0.203,2.63,2.44,-21.951827,119.357396,2.55,Alluvium_Unconsolidated,0,Australia
432.02,6.82,0.2,34.35,1113.9,0.242,1.94,2.4,-22.14482,120.319259,4.38,Alluvium_Unconsolidated,0,Australia
351.15,1.97,0.493,29.04,869.6,0.26,1.86,1.41,-21.803325,119.005802,4.81,Alluvium_Unconsolidated,0,Australia
436.57,4.51,0.436,30.72,1186.9,0.35,1.81,1.95,-22.366144,118.082037,1.99,Alluvium_Unconsolidated,0,Australia
423.13,5.92,0.201,32.69,1083.4,0.348,2.22,1.95,-23.418215,120.371856,5.19,Alluvium_Unconsolidated,0,Australia
452.17,7.96,0.37,36.9,1202.6,0.202,1.6,1.32,-21.061869,120.138321,3.08,Alluvium_Unconsolidated,0,Australia
445.16,3.05,0.368,29.45,1158.5,0.202,3.16,1.5,-21.060626,118.142258,5.8,Alluvium_Unconsolidated,1,Australia
382.01,8.0,0.278,36.99,912.0,0.357,2.43,2.4,-23.297603,118.587109,4.18,Alluvium_Unconsolidated,0,Australia
385.02,2.26,0.44,29.11,1142.5,0.269,1.62,2.49,-21.298566,118.17298,5.77,Alluvium_Unconsolidated,0,Australia
344.47,7.36,0.484,35.51,861.1,0.243,2.99,2.47,-23.044467,121.063043,5.07,Alluvium_Unconsolidated,0,Australia
322.28,3.48,0.202,29.74,1018.0,0.23,2.98,2.44,-22.760226,121.421336,3.43,Alluvium_Unconsolidated,0,Australia
427.78,1.98,0.211,29.04,963.4,0.264,2.89,2.37,-22.186035,121.325555,4.45,Alluvium_Unconsolidated,0,Australia
439.17,6.74,0.242,34.2,872.1,0.285,1.6,2.47,-22.225017,121.109471,5.49,Alluvium_Unconsolidated,0,Australia
438.84,2.37,0.235,29.14,955.4,0.326,1.84,1.83,-23.47445,121.310643,1.76,Alluvium_Unconsolidated,0,Australia
324.53,3.81,0.207,30.01,926.5,0.36,3.19,1.98,-21.551288,121.253069,1.75,Alluvium_Unconsolidated,1,Australia
319.96,4.93,0.219,31.23,1045.2,0.207,2.78,2.44,-22.828059,118.341323,4.88,Alluvium_Unconsolidated,0,Australia
357.92,3.19,0.43,29.54,938.7,0.322,2.96,1.58,-23.191142,121.278287,4.95,Alluvium_Unconsolidated,0,Australia
318.96,4.04,0.233,30.22,850.8,0.356,3.03,2.5,-21.58735,118.887317,5.31,Alluvium_Unconsolidated,1,Australia
316.41,7.93,0.5,36.83,851.2,0.266,2.16,2.45,-23.088025,120.988358,2.63,Alluvium_Unconsolidated,1,Australia
323.65,7.0,0.263,34.74,1236.8,0.201,2.42,1.3,-22.871697,121.876938,4.42,Alluvium_Unconsolidated,0,Australia
317.44,3.38,0.334,29.67,1165.0,0.332,2.54,1.44,-21.666073,118.129105,5.68,Alluvium_Unconsolidated,1,Australia
344.19,2.95,0.492,29.4,1005.5,0.228,1.65,1.98,-21.867254,121.400132,1.12,Alluvium_Unconsolidated,0,Australia
399.87,7.52,0.239,35.85,1226.1,0.213,1.62,1.95,-22.074823,120.068791,3.85,Alluvium_Unconsolidated,0,Australia
315.14,5.65,0.225,32.27,1248.4,0.357,2.73,2.45,-21.578196,121.956059,3.34,Alluvium_Unconsolidated,0,Australia
313.64,5.62,0.245,32.22,1173.1,0.354,2.55,1.76,-21.599523,119.601425,5.67,Alluvium_Unconsolidated,0,Australia
339.2,6.69,0.212,34.11,1241.0,0.352,1.61,2.46,-21.478963,120.004683,5.69,Alluvium_Unconsolidated,0,Australia
419.83,4.89,0.218,31.18,1053.9,0.27,3.19,1.83,-22.198292,121.481368,4.86,Alluvium_Unconsolidated,0,Australia
321.42,7.96,0.425,36.91,1202.3,0.301,2.23,2.46,-21.729573,121.763407,3.29,Alluvium_Unconsolidated,0,Australia
362.63,5.38,0.224,31.85,850.8,0.348,3.15,2.08,-21.462425,118.827975,4.16,Alluvium_Unconsolidated,0,Australia
381.8,4.79,0.324,31.05,1192.2,0.35,1.92,1.49,-23.265122,118.069756,4.39,Alluvium_Unconsolidated,0,Australia
422.75,7.36,0.5,35.49,861.2,0.36,3.2,2.09,-22.455104,121.063543,2.96,Alluvium_Unconsolidated,1,Australia
314.62,2.08,0.409,29.06,870.7,0.214,1.75,2.38,-22.973964,119.010036,2.76,Alluvium_Unconsolidated,1,Australia
341.61,6.61,0.5,33.94,1241.9,0.265,2.95,2.1,-23.086676,121.903543,3.74,Alluvium_Unconsolidated,0,Australia
419.74,7.59,0.477,36.02,1149.0,0.206,1.61,1.95,-21.149118,120.25515,3.68,Alluvium_Unconsolidated,0,Australia
317.3,5.75,0.328,32.42,1078.3,0.334,1.94,1.32,-21.661984,120.38046,4.28,Alluvium_Unconsolidated,0,Australia
445.9,7.87,0.401,36.69,852.2,0.341,2.88,2.5,-22.339783,121.001155,5.8,Alluvium_Unconsolidated,0,Australia
420.9,7.84,0.202,36.6,1213.1,0.235,1.72,2.32,-22.131196,120.109752,5.24,Alluvium_Unconsolidated,0,Australia
351.36,6.08,0.425,32.97,1246.3,0.324,2.16,2.49,-23.195637,121.933929,5.43,Alluvium_Unconsolidated,0,Australia
328.06,7.83,0.352,36.58,853.0,0.327,2.28,2.48,-21.67802,120.893249,4.94,Alluvium_Unconsolidated,1,Australia
422.48,2.29,0.238,29.12,956.9,0.214,2.96,1.85,-22.075916,120.589031,5.72,Alluvium_Unconsolidated,1,Australia
434.65,7.05,0.426,34.83,970.2,0.2,2.28,1.85,-21.101993,119.243639,3.61,Alluvium_Unconsolidated,0,Australia
462.95,2.37,0.355,29.14,858.4,0.329,1.75,2.5,-22.308647,118.954117,2.74,Alluvium_Unconsolidated,0,Australia
341.11,6.06,0.205,32.95,1088.0,0.356,1.65,1.36,-21.495308,121.538666,4.19,Alluvium_Unconsolidated,0,Australia
321.16,2.45,0.375,29.17,953.7,0.207,1.62,1.46,-22.950432,120.595213,4.71,Alluvium_Unconsolidated,0,Australia
326.6,2.39,0.424,29.15,1145.1,0.301,2.19,1.3,-21.728576,118.168224,5.53,Alluvium_Unconsolidated,1,Australia
351.68,2.48,0.497,29.18,953.1,0.254,1.88,2.45,-21.813649,120.596326,4.68,Alluvium_Unconsolidated,0,Australia
421.71,7.89,0.457,36.73,851.9,0.261,2.83,1.52,-21.28306,120.997108,5.78,Alluvium_Unconsolidated,0,Australia
417.95,6.1,0.454,33.01,1160.9,0.262,1.95,1.75,-21.28603,119.576471,0.95,Alluvium_Unconsolidated,0,Australia
329.51,7.29,0.493,35.34,862.5,0.259,2.36,1.47,-21.804511,121.069639,4.53,Alluvium_Unconsolidated,0,Australia
434.37,8.0,0.378,37.0,1193.3,0.335,3.02,2.19,-22.324286,120.161575,2.41,Alluvium_Unconsolidated,1,Australia
324.43,6.45,0.251,33.64,877.3,0.201,2.92,1.34,-22.861659,120.775211,4.68,Alluvium_Unconsolidated,0,Australia
317.8,7.68,0.301,36.23,855.6,0.341,1.6,2.3,-21.643755,121.030184,2.2,Alluvium_Unconsolidated,0,Australia
441.19,7.39,0.498,35.57,1229.4,0.217,1.7,1.6,-21.189336,121.845895,5.06,Alluvium_Unconsolidated,0,Australia
318.06,6.73,0.369,34.17,872.4,0.321,1.61,1.83,-21.689706,121.110518,1.64,Alluvium_Unconsolidated,0,Australia
317.48,3.1,0.267,29.48,1245.7,0.349,3.17,2.48,-21.618728,119.835232,4.05,Alluvium_Unconsolidated,1,Australia
370.37,7.77,0.384,36.45,1089.6,0.201,2.98,2.49,-21.968195,119.446987,5.03,Alluvium_Unconsolidated,1,Australia
440.01,7.76,0.339,36.43,940.1,0.205,1.61,2.49,-21.041023,118.527289,3.47,Alluvium_Unconsolidated,0,Australia
335.88,6.19,0.2,33.17,1245.5,0.227,3.19,1.34,-22.768394,119.974776,3.49,Alluvium_Unconsolidated,0,Australia
374.71,6.09,0.338,32.99,1216.2,0.2,3.2,1.71,-21.999104,118.006278,5.61,Alluvium_Unconsolidated,0,Australia
340.04,5.01,0.498,31.34,903.6,0.276,3.14,2.23,-23.106159,121.201194,5.78,Alluvium_Unconsolidated,0,Australia
349.26,6.21,0.499,33.2,942.0,0.25,2.8,1.42,-21.820788,119.190414,3.84,Alluvium_Unconsolidated,0,Australia
325.57,7.7,0.481,36.28,1095.2,0.241,2.84,1.4,-23.039907,119.456478,4.16,Alluvium_Unconsolidated,0,Australia
355.83,6.05,0.438,32.92,1246.4,0.208,2.97,1.52,-21.92814,121.935409,5.69,Alluvium_Unconsolidated,0,Australia
387.97,1.67,0.32,29.01,1130.0,0.351,2.66,1.3,-23.268259,118.196063,2.81,Alluvium_Unconsolidated,0,Australia
406.23,7.99,0.475,36.97,1184.5,0.348,2.25,2.4,-22.520361,121.720778,2.01,Alluvium_Unconsolidated,1,Australia
399.95,6.93,0.405,34.58,862.0,0.284,2.61,1.32,-21.32556,118.740844,2.95,Alluvium_Unconsolidated,1,Australia
428.73,7.18,0.469,35.11,866.1,0.356,2.92,2.36,-22.396605,118.72213,1.3,Alluvium_Unconsolidated,0,Australia
392.22,2.18,0.385,29.09,988.2,0.292,1.62,1.82,-21.339358,120.532381,4.0,Alluvium_Unconsolidated,0,Australia
309.04,6.36,0.278,33.47,855.8,0.346,2.04,2.48,-21.627173,118.776756,3.53,Alluvium_Unconsolidated,0,Australia
356.69,6.1,0.267,33.01,1089.3,0.333,3.08,2.04,-21.421505,120.361844,3.16,Alluvium_Unconsolidated,0,Australia
335.93,7.82,0.47,36.55,1014.3,0.234,2.14,1.86,-23.025949,119.320758,2.8,Alluvium_Unconsolidated,1,Australia
319.77,7.95,0.488,36.89,896.6,0.265,2.81,2.49,-21.793811,118.624775,5.77,Alluvium_Unconsolidated,0,Australia
348.07,7.71,0.497,36.31,880.8,0.234,3.03,2.26,-21.855179,118.669609,5.48,Alluvium_Unconsolidated,1,Australia
457.65,2.8,0.371,29.32,1153.4,0.333,1.65,1.92,-22.319569,118.152128,5.79,Alluvium_Unconsolidated,0,Australia
421.5,7.52,0.201,35.86,1145.1,0.349,3.07,2.49,-23.414593,121.640038,5.53,Alluvium_Unconsolidated,0,Australia
349.84,2.49,0.467,29.18,1242.3,0.215,1.62,1.72,-21.901954,119.811322,3.77,Alluvium_Unconsolidated,0,Australia
388.95,5.03,0.268,31.37,850.1,0.358,1.65,2.22,-23.305446,118.844086,1.07,Alluvium_Unconsolidated,0,Australia
411.21,7.85,0.225,36.64,1212.3,0.218,1.6,2.17,-22.090175,120.112272,2.98,Alluvium_Unconsolidated,0,Australia
445.0,7.83,0.371,36.59,886.5,0.202,1.74,2.33,-21.062999,118.65227,2.55,Alluvium_Unconsolidated,0,Australia
352.14,5.73,0.23,32.39,1077.7,0.346,3.16,1.81,-21.455504,120.381421,4.41,Alluvium_Unconsolidated,1,Australia
374.16,7.42,0.339,35.64,871.4,0.309,3.12,1.34,-21.37,118.701369,3.69,Alluvium_Unconsolidated,1,Australia
407.15,6.16,0.27,33.11,1009.0,0.358,3.2,1.85,-23.303752,118.402229,5.46,Alluvium_Unconsolidated,0,Australia
439.48,5.27,0.2,31.68,898.9,0.242,2.87,1.31,-22.145812,120.713078,5.8,Alluvium_Unconsolidated,0,Australia
341.29,1.82,0.5,29.02,1231.8,0.241,1.61,2.18,-21.840414,119.760964,1.88,Alluvium_Unconsolidated,0,Australia
412.58,7.99,0.223,36.96,1060.0,0.219,1.7,2.27,-22.091653,119.397182,5.67,Alluvium_Unconsolidated,0,Australia
353.16,3.71,0.5,29.92,928.6,0.271,3.19,2.08,-23.096901,121.25747,4.89,Alluvium_Unconsolidated,0,Australia
326.67,8.0,0.484,36.99,850.1,0.243,2.4,2.25,-23.044018,120.959455,0.82,Alluvium_Unconsolidated,0,Australia
321.0,5.72,0.236,32.38,1170.6,0.203,1.79,1.73,-22.847806,119.59633,5.57,Alluvium_Unconsolidated,0,Australia
427.8,1.56,0.224,29.0,972.3,0.274,2.82,2.27,-22.20517,121.341859,4.0,Alluvium_Unconsolidated,0,Australia
346.44,7.54,0.5,35.91,1225.4,0.243,2.79,2.28,-21.834929,121.831392,5.74,Alluvium_Unconsolidated,1,Australia
358.59,3.52,0.227,29.77,932.2,0.252,3.18,2.33,-22.715811,120.637695,5.76,Alluvium_Unconsolidated,1,Australia
336.48,6.94,0.212,34.6,1237.9,0.359,1.79,2.45,-21.560867,120.020839,2.23,Alluvium_Unconsolidated,1,Australia
298.63,7.96,0.342,36.91,897.7,0.203,3.2,1.31,-22.928569,118.621919,2.49,Alluvium_Unconsolidated,1,Australia
442.88,6.2,0.363,33.19,881.8,0.203,2.53,1.3,-21.057482,121.141774,1.8,Alluvium_Unconsolidated,1,Australia
341.05,4.03,0.5,30.21,1204.0,0.271,3.2,1.67,-23.096239,119.673453,5.21,Alluvium_Unconsolidated,1,Australia
436.8,6.86,0.298,34.44,1238.9,0.31,1.73,1.89,-22.269852,121.886985,5.27,Alluvium_Unconsolidated,0,Australia
327.85,7.71,0.208,36.3,943.7,0.212,3.07,2.01,-22.809781,118.520198,5.27,Alluvium_Unconsolidated,0,Australia
429.73,8.0,0.208,36.99,905.7,0.358,2.98,2.5,-23.372746,118.602081,1.96,Alluvium_Unconsolidated,0,Australia
409.46,5.8,0.47,32.51,1079.9,0.346,3.2,1.5,-22.526227,120.377775,5.45,Alluvium_Unconsolidated,0,Australia
373.02,3.83,0.366,30.03,926.2,0.341,2.42,1.48,-23.237405,121.252379,0.92,Alluvium_Unconsolidated,0,Australia
328.15,4.77,0.27,31.03,850.0,0.2,1.78,1.48,-22.877035,118.855934,2.35,Alluvium_Unconsolidated,0,Australia
316.51,7.75,0.283,36.4,854.3,0.2,3.16,1.36,-22.887141,120.882088,5.8,Alluvium_Unconsolidated,0,Australia
451.76,4.95,0.427,31.25,912.4,0.2,2.97,1.48,-21.102846,119.127593,5.7,Alluvium_Unconsolidated,0,Australia
363.06,3.26,0.217,29.59,1012.8,0.35,2.85,1.42,-21.471571,120.490135,1.0,Alluvium_Unconsolidated,1,Australia
333.05,2.24,0.223,29.1,872.4,0.348,2.19,2.5,-21.464048,119.0162,5.3,Alluvium_Unconsolidated,0,Australia
303.44,6.51,0.387,33.75,951.0,0.315,3.1,1.31,-21.701956,119.207832,3.33,Alluvium_Unconsolidated,0,Australia
429.59,7.82,0.202,36.56,1014.7,0.236,1.74,2.33,-22.132174,119.321363,2.91,Alluvium_Unconsolidated,1,Australia
443.94,6.58,0.222,33.89,875.0,0.273,1.66,2.44,-22.202865,121.119652,5.78,Alluvium_Unconsolidated,0,Australia
427.21,5.26,0.494,31.68,918.9,0.36,1.75,1.59,-22.435198,119.142219,2.66,Alluvium_Unconsolidated,0,Australia
317.43,4.81,0.253,31.08,1051.6,0.201,2.42,2.35,-22.863597,121.477659,5.8,Alluvium_Unconsolidated,0,Australia
390.09,8.0,0.421,36.99,850.1,0.278,3.18,1.49,-21.313795,120.943369,3.85,Alluvium_Unconsolidated,0,Australia
390.22,5.83,0.27,32.55,1168.0,0.358,1.6,2.32,-23.304247,119.590871,5.56,Alluvium_Unconsolidated,0,Australia
427.81,6.05,0.477,32.92,1087.5,0.358,2.17,1.39,-22.406085,121.537722,2.56,Alluvium_Unconsolidated,1,Australia
419.75,5.79,0.477,32.49,889.3,0.348,1.61,2.49,-22.518924,120.738908,3.69,Alluvium_Unconsolidated,0,Australia
335.54,3.54,0.487,29.79,931.9,0.266,1.61,1.32,-21.791336,121.264322,1.58,Alluvium_Unconsolidated,0,Australia
399.8,7.84,0.496,36.62,933.7,0.234,2.93,1.98,-21.229502,118.540134,1.4,Alluvium_Unconsolidated,1,Australia
409.05,2.95,0.444,29.4,943.5,0.337,2.4,2.37,-22.551901,120.61488,4.35,Alluvium_Unconsolidated,1,Australia
311.67,4.54,0.495,30.74,912.6,0.253,3.17,2.32,-23.063808,121.222535,4.43,Alluvium_Unconsolidated,1,Australia
418.33,7.21,0.237,35.16,863.9,0.283,2.85,1.62,-22.220115,120.82645,5.8,Alluvium_Unconsolidated,0,Australia
437.87,7.76,0.406,36.41,1217.3,0.2,1.79,1.31,-21.087276,120.097368,5.57,Alluvium_Unconsolidated,0,Australia
355.41,7.18,0.401,35.11,864.3,0.202,1.95,1.6,-21.956462,120.824461,4.2,Alluvium_Unconsolidated,0,Australia
340.8,4.34,0.496,30.53,1249.7,0.232,1.92,1.67,-21.85838,119.886389,4.27,Alluvium_Unconsolidated,0,Australia
376.62,7.44,0.298,35.68,859.8,0.285,1.93,1.92,-22.654941,120.846747,5.8,Alluvium_Unconsolidated,0,Australia
380.2,7.72,0.378,36.32,880.9,0.338,1.61,2.38,-23.228946,118.669226,3.4,Alluvium_Unconsolidated,0,Australia
446.73,4.78,0.426,31.03,1191.9,0.347,1.82,2.02,-22.35861,118.070308,1.97,Alluvium_Unconsolidated,0,Australia
322.51,7.98,0.487,36.96,1039.0,0.266,3.02,1.82,-21.791589,119.362242,2.42,Alluvium_Unconsolidated,1,Australia
399.29,4.76,0.389,31.02,908.9,0.291,2.0,2.42,-21.336768,119.119386,4.78,Alluvium_Unconsolidated,0,Australia
338.1,7.28,0.201,35.32,1231.9,0.219,3.11,1.55,-22.787731,120.046931,5.0,Alluvium_Unconsolidated,0,Australia
361.65,3.35,0.451,29.65,1246.9,0.313,3.09,2.47,-23.173533,119.845247,3.29,Alluvium_Unconsolidated,0,Australia
427.05,4.67,0.497,30.9,907.1,0.216,3.16,1.79,-21.18469,119.115195,0.89,Alluvium_Unconsolidated,1,Australia
393.06,2.5,0.227,29.19,995.2,0.217,3.0,2.49,-22.086939,121.382485,2.12,Alluvium_Unconsolidated,1,Australia
371.81,7.91,0.262,36.79,892.3,0.335,2.99,1.36,-21.425698,118.63599,5.1,Alluvium_Unconsolidated,1,Australia
381.85,6.14,0.286,33.08,1090.5,0.281,2.55,2.43,-22.663394,121.542919,5.08,Alluvium_Unconsolidated,1,Australia
438.26,7.59,0.284,36.03,876.3,0.304,1.93,1.63,-22.259692,118.684204,5.8,Alluvium_Unconsolidated,1,Australia
407.67,2.36,0.449,29.14,1107.9,0.339,2.5,1.45,-22.546999,118.235446,4.83,Alluvium_Unconsolidated,1,Australia
349.39,8.0,0.24,36.99,1187.2,0.259,1.82,2.27,-22.701832,121.727004,1.98,Alluvium_Unconsolidated,1,Australia
312.4,6.32,0.282,33.4,855.4,0.2,2.28,1.35,-22.886689,118.778945,3.62,Alluvium_Unconsolidated,0,Australia
309.41,7.08,0.379,34.91,864.5,0.208,3.09,1.42,-22.953007,118.729387,5.14,Alluvium_Unconsolidated,0,Australia
401.74,2.24,0.202,29.1,872.5,0.236,3.2,2.2,-22.132474,119.016403,3.29,Alluvium_Unconsolidated,0,Australia
361.97,5.54,0.475,32.09,1206.1,0.218,2.53,1.39,-21.893147,118.034847,3.54,Alluvium_Unconsolidated,0,Australia
341.07,3.37,0.214,29.66,1015.3,0.243,3.11,2.36,-22.733303,121.416844,1.76,Alluvium_Unconsolidated,1,Australia
328.62,2.72,0.352,29.28,948.1,0.326,2.59,1.35,-21.678266,121.296805,5.59,Alluvium_Unconsolidated,0,Australia
407.61,3.42,0.239,29.7,1083.3,0.36,2.58,1.55,-23.330814,118.277538,2.24,Alluvium_Unconsolidated,0,Australia
433.15,2.87,0.35,29.36,855.4,0.204,3.2,1.48,-21.048607,118.934684,2.06,Alluvium_Unconsolidated,0,Australia
430.57,2.15,0.478,29.08,1240.0,0.206,3.01,1.62,-21.15064,119.798273,5.2,Alluvium_Unconsolidated,0,Australia
327.86,6.15,0.215,33.1,1009.1,0.359,2.07,1.31,-21.564833,118.401965,2.03,Alluvium_Unconsolidated,0,Australia
368.61,1.65,0.372,29.0,1129.7,0.2,2.3,2.26,-21.976721,118.196654,4.85,Alluvium_Unconsolidated,0,Australia
387.02,4.4,0.368,30.59,1197.7,0.2,2.96,1.9,-21.979159,119.657547,1.75,Alluvium_Unconsolidated,1,Australia
425.59,6.01,0.2,32.85,885.2,0.351,2.6,2.36,-23.40651,120.750406,5.54,Alluvium_Unconsolidated,0,Australia
354.41,5.04,0.499,31.37,903.2,0.238,1.95,1.33,-21.845294,121.200232,5.8,Alluvium_Unconsolidated,0,Australia
397.67,7.73,0.236,36.34,1157.5,0.214,1.6,1.75,-22.077492,121.664034,2.98,Alluvium_Unconsolidated,0,Australia
381.36,5.96,0.391,32.76,886.2,0.319,2.92,1.32,-22.592047,121.155045,3.99,Alluvium_Unconsolidated,1,Australia
389.09,4.96,0.39,31.27,904.6,0.335,2.26,1.69,-23.220957,121.203545,1.88,Alluvium_Unconsolidated,1,Australia
422.52,5.45,0.485,31.96,1069.4,0.351,1.61,1.67,-22.507164,121.507332,4.9,Alluvium_Unconsolidated,0,Australia
386.62,7.98,0.288,36.95,850.3,0.356,2.43,2.29,-23.290369,120.932292,4.49,Alluvium_Unconsolidated,0,Australia
418.62,2.67,0.245,29.26,949.2,0.212,3.17,2.44,-22.068858,121.298747,4.5,Alluvium_Unconsolidated,0,Australia
375.57,4.49,0.273,30.69,1056.9,0.331,1.6,1.87,-21.416553,118.321782,5.41,Alluvium_Unconsolidated,0,Australia
456.76,6.41,0.227,33.56,1099.4,0.33,2.18,2.48,-23.466,121.558064,2.5,Alluvium_Unconsolidated,1,Australia
346.1,6.52,0.223,33.77,1242.8,0.25,1.69,1.57,-22.72008,121.90876,5.69,Alluvium_Unconsolidated,0,Australia
434.29,3.45,0.319,29.72,852.7,0.208,3.2,1.63,-21.027612,118.911734,2.47,Alluvium_Unconsolidated,1,Australia
403.54,6.27,0.433,33.31,943.7,0.272,2.76,2.47,-21.304174,119.193721,4.98,Alluvium_Unconsolidated,0,Australia
398.64,6.14,0.25,33.08,854.2,0.21,2.9,1.31,-22.063976,118.788891,4.12,Alluvium_Unconsolidated,0,Australia
322.62,4.11,0.25,30.29,1033.4,0.202,1.63,2.3,-22.860389,120.4555,4.57,Alluvium_Unconsolidated,0,Australia
361.92,3.78,0.344,29.98,892.1,0.307,1.65,2.42,-21.366664,119.077324,1.06,Alluvium_Unconsolidated,0,Australia
345.9,7.81,0.243,36.54,936.3,0.261,2.05,2.4,-22.699135,118.5349,1.92,Alluvium_Unconsolidated,0,Australia
430.02,5.84,0.241,32.56,1211.6,0.285,1.68,2.5,-22.223804,118.019755,5.72,Alluvium_Unconsolidated,0,Australia
385.93,7.94,0.311,36.84,1175.8,0.318,3.15,2.5,-21.389375,120.200868,5.79,Alluvium_Unconsolidated,0,Australia
327.43,5.71,0.489,32.36,890.7,0.264,1.75,1.32,-21.795272,121.167706,5.43,Alluvium_Unconsolidated,1,Australia
315.38,5.85,0.208,32.58,852.4,0.212,1.64,1.3,-22.810292,118.804769,4.4,Alluvium_Unconsolidated,0,Australia
442.48,7.54,0.44,35.9,858.0,0.35,3.07,2.37,-22.369459,120.85654,2.46,Alluvium_Unconsolidated,1,Australia
309.58,2.38,0.2,29.15,1226.1,0.224,2.2,1.57,-22.7755,119.739374,5.54,Alluvium_Unconsolidated,0,Australia
452.84,7.91,0.216,36.77,1024.5,0.336,3.06,2.15,-23.451801,119.337964,2.49,Alluvium_Unconsolidated,1,Australia
436.13,3.42,0.432,29.7,1016.6,0.2,2.84,2.44,-21.106654,120.483629,4.5,Alluvium_Unconsolidated,0,Australia
331.51,6.54,0.212,33.81,996.1,0.241,3.02,2.48,-22.73668,118.424229,5.54,Alluvium_Unconsolidated,0,Australia
379.6,2.02,0.353,29.05,962.6,0.304,1.68,2.47,-21.360671,121.324167,3.7,Alluvium_Unconsolidated,0,Australia
357.84,7.34,0.202,35.45,1117.0,0.357,2.77,1.3,-21.503283,119.49433,4.92,Alluvium_Unconsolidated,0,Australia
335.64,3.14,0.295,29.51,939.7,0.342,3.2,1.86,-21.63946,120.62252,5.37,Alluvium_Unconsolidated,0,Australia
348.42,5.95,0.258,32.75,1084.5,0.336,1.66,1.58,-21.428695,121.532623,5.77,Alluvium_Unconsolidated,0,Australia
385.1,7.09,0.392,34.91,1128.3,0.334,1.69,1.69,-23.219294,119.51468,5.7,Alluvium_Unconsolidated,1,Australia
412.46,7.61,0.216,36.08,856.7,0.336,3.12,1.34,-23.451748,121.037921,4.86,Alluvium_Unconsolidated,0,Australia
419.76,7.84,0.485,36.6,1165.6,0.244,2.48,2.29,-21.251564,120.222337,3.87,Alluvium_Unconsolidated,0,Australia
308.96,7.84,0.479,36.6,886.9,0.239,2.76,1.5,-23.037088,118.651142,4.98,Alluvium_Unconsolidated,0,Australia
320.72,3.8,0.302,30.0,1173.2,0.2,1.76,2.47,-22.900972,118.112079,5.46,Alluvium_Unconsolidated,0,Australia
402.68,4.16,0.252,30.34,1249.4,0.359,2.86,2.2,-23.318916,119.878532,4.29,Alluvium_Unconsolidated,0,Australia
447.35,6.54,0.41,33.8,1148.2,0.343,2.2,1.45,-22.346179,119.55164,3.08,Alluvium_Unconsolidated,0,Australia
358.58,7.61,0.452,36.08,1101.4,0.313,1.76,1.39,-23.173356,119.467234,5.38,Alluvium_Unconsolidated,0,Australia
309.54,4.6,0.364,30.82,1046.1,0.206,1.73,2.06,-22.942969,121.468394,2.36,Alluvium_Unconsolidated,0,Australia
363.36,7.99,0.456,36.99,913.2,0.212,3.0,2.28,-21.912705,118.584475,3.2,Alluvium_Unconsolidated,0,Australia
432.91,7.87,0.421,36.68,1168.4,0.2,1.61,1.58,-21.097637,120.216506,1.93,Alluvium_Unconsolidated,1,Australia
345.81,4.79,0.2,31.05,1190.6,0.225,1.72,1.92,-22.772762,119.640461,2.28,Alluvium_Unconsolidated,0,Australia
384.21,5.08,0.451,31.42,1185.0,0.264,1.74,1.57,-21.288866,119.62748,2.92,Alluvium_Unconsolidated,0,Australia
385.2,6.12,0.399,33.05,1010.1,0.332,2.81,1.47,-23.214588,118.400344,1.4,Alluvium_Unconsolidated,0,Australia
378.21,7.21,0.347,35.17,1233.3,0.345,1.6,2.49,-23.250109,121.861428,2.55,Alluvium_Unconsolidated,0,Australia
328.02,2.71,0.24,29.28,1099.9,0.259,3.17,2.17,-22.70157,118.249305,0.91,Alluvium_Unconsolidated,0,Australia
367.24,2.63,0.34,29.24,950.0,0.308,1.6,1.48,-21.369562,120.602239,2.98,Alluvium_Unconsolidated,1,Australia
323.03,3.39,0.268,29.68,934.7,0.349,3.15,1.79,-21.61901,120.632549,4.2,Alluvium_Unconsolidated,0,Australia
409.47,6.73,0.2,34.18,872.3,0.352,2.36,1.33,-23.401547,121.110205,4.09,Alluvium_Unconsolidated,1,Australia
434.29,3.79,0.259,29.99,1074.4,0.315,1.6,2.33,-23.496902,118.292516,5.24,Alluvium_Unconsolidated,0,Australia
334.54,4.38,0.211,30.57,1198.2,0.241,2.05,2.03,-22.737871,119.658626,5.02,Alluvium_Unconsolidated,0,Australia
330.14,7.8,0.487,36.51,1215.4,0.245,2.7,1.57,-23.048531,121.799554,5.25,Alluvium_Unconsolidated,1,Australia
367.37,7.64,0.29,36.14,856.2,0.282,1.87,1.82,-22.66032,120.867833,5.76,Alluvium_Unconsolidated,0,Australia
379.12,5.01,0.28,31.33,850.1,0.205,3.19,1.33,-22.039887,118.845203,1.79,Alluvium_Unconsolidated,0,Australia
341.71,7.99,0.499,36.99,850.1,0.249,3.09,1.73,-21.823298,120.962064,3.27,Alluvium_Unconsolidated,1,Australia
372.68,7.88,0.331,36.7,852.1,0.298,1.72,1.51,-22.632485,121.000151,2.24,Alluvium_Unconsolidated,1,Australia
356.73,1.54,0.474,29.0,1234.4,0.218,1.67,1.9,-21.894076,119.771588,4.77,Alluvium_Unconsolidated,0,Australia
418.5,4.59,0.203,30.81,1045.8,0.356,2.38,1.97,-23.384471,121.467901,0.93,Alluvium_Unconsolidated,0,Australia
441.66,7.58,0.483,36.0,1148.4,0.208,2.52,2.38,-21.157733,121.646421,3.63,Alluvium_Unconsolidated,0,Australia
395.4,6.59,0.262,33.92,1146.3,0.208,2.84,1.94,-22.054095,119.548019,4.14,Alluvium_Unconsolidated,0,Australia
336.64,3.99,0.201,30.18,1249.0,0.358,2.17,2.27,-21.508952,119.871586,2.85,Alluvium_Unconsolidated,0,Australia
423.62,7.29,0.2,35.34,966.5,0.353,3.07,2.44,-23.399693,118.476798,5.55,Alluvium_Unconsolidated,0,Australia
352.36,7.73,0.221,36.35,1007.1,0.349,1.98,1.85,-21.465788,119.308411,4.64,Alluvium_Unconsolidated,0,Australia
434.68,8.0,0.279,37.0,1193.6,0.302,2.46,2.42,-22.25566,120.160638,3.99,Alluvium_Unconsolidated,1,Australia
336.31,2.96,0.498,29.4,880.8,0.277,2.7,2.38,-23.108019,119.044403,5.57,Alluvium_Unconsolidated,0,Australia
373.37,7.73,0.363,36.35,1157.8,0.342,1.63,1.4,-23.238882,120.237918,4.09,Alluvium_Unconsolidated,0,Australia
324.35,6.67,0.482,34.07,1241.2,0.27,1.92,2.28,-21.784635,121.899231,0.85,Alluvium_Unconsolidated,1,Australia
368.7,2.43,0.461,29.16,1106.2,0.213,1.63,2.1,-21.908298,118.238368,4.22,Alluvium_Unconsolidated,0,Australia
436.68,5.63,0.493,32.22,1074.5,0.212,3.19,2.5,-21.17407,121.515896,4.86,Alluvium_Unconsolidated,1,Australia
335.35,7.76,0.201,36.43,1217.0,0.36,1.63,2.39,-21.529346,120.098194,5.8,Alluvium_Unconsolidated,0,Australia
431.07,6.11,0.257,33.02,1246.1,0.293,3.19,2.33,-22.238679,119.970204,4.89,Alluvium_Unconsolidated,0,Australia
400.3,7.83,0.251,36.59,1084.2,0.21,2.08,2.26,-22.063619,119.437828,3.26,Alluvium_Unconsolidated,0,Australia
412.72,7.97,0.5,36.93,1035.5,0.226,2.61,2.5,-21.21194,119.356288,5.3,Alluvium_Unconsolidated,0,Australia
427.96,7.29,0.251,35.34,1231.7,0.29,1.66,1.61,-22.233047,121.854999,4.64,Alluvium_Unconsolidated,0,Australia
319.51,7.92,0.454,36.8,1026.1,0.227,2.42,1.86,-23.010191,119.340651,0.92,Alluvium_Unconsolidated,1,Australia
366.07,6.78,0.229,34.27,871.5,0.346,3.19,2.49,-21.456264,121.107278,1.59,Alluvium_Unconsolidated,1,Australia
393.95,8.0,0.393,37.0,1189.3,0.32,1.75,2.5,-22.590191,121.731656,5.43,Alluvium_Unconsolidated,0,Australia
426.34,1.68,0.484,29.01,1122.8,0.208,2.87,2.16,-21.158535,118.209166,4.3,Alluvium_Unconsolidated,0,Australia
323.47,7.99,0.209,36.98,913.6,0.36,1.67,1.66,-21.554858,118.583496,5.75,Alluvium_Unconsolidated,0,Australia
403.95,4.93,0.251,31.23,905.1,0.21,3.13,2.2,-22.063229,121.204834,5.77,Alluvium_Unconsolidated,0,Australia
425.74,5.75,0.484,32.42,1248.0,0.245,3.01,1.43,-21.252686,119.95132,5.2,Alluvium_Unconsolidated,1,Australia
397.24,5.05,0.24,31.38,914.4,0.36,2.97,1.31,-23.329899,119.132087,3.52,Alluvium_Unconsolidated,0,Australia
449.08,7.66,0.437,36.18,1221.5,0.35,3.12,2.25,-22.366883,120.084232,5.73,Alluvium_Unconsolidated,0,Australia
453.06,4.18,0.242,30.36,898.5,0.285,3.14,2.49,-22.225237,119.093923,1.27,Alluvium_Unconsolidated,1,Australia
318.72,3.98,0.34,30.17,1204.7,0.33,2.34,2.32,-21.670288,119.675285,5.78,Alluvium_Unconsolidated,0,Australia
411.64,5.58,0.498,32.15,1248.6,0.357,1.62,2.23,-22.479159,119.942928,5.76,Alluvium_Unconsolidated,0,Australia
433.26,7.99,0.221,36.97,1184.6,0.333,3.12,2.38,-23.458148,121.721004,5.73,Alluvium_Unconsolidated,0,Australia
311.57,7.39,0.269,35.56,1114.6,0.2,2.65,1.97,-22.876436,119.490143,2.67,Alluvium_Unconsolidated,0,Australia
363.87,7.88,0.294,36.71,852.0,0.324,3.14,2.06,-21.400842,120.999082,1.26,Alluvium_Unconsolidated,1,Australia
370.12,7.63,0.419,36.11,999.5,0.204,2.31,2.28,-21.943332,119.295392,1.47,Alluvium_Unconsolidated,0,Australia
357.24,3.84,0.268,30.04,1248.6,0.273,3.15,1.59,-22.677158,119.865271,4.53,Alluvium_Unconsolidated,0,Australia
345.39,4.53,0.202,30.74,1187.3,0.36,3.18,2.15,-21.537066,118.081082,1.3,Alluvium_Unconsolidated,1,Australia
305.23,2.74,0.313,29.29,856.2,0.337,2.81,2.26,-21.652408,118.939858,3.92,Alluvium_Unconsolidated,0,Australia
354.94,7.98,0.5,36.94,1182.0,0.264,2.11,2.22,-23.083523,120.187377,5.27,Alluvium_Unconsolidated,0,Australia
406.43,5.58,0.487,32.15,1248.7,0.242,1.63,1.3,-21.246913,121.959989,4.17,Alluvium_Unconsolidated,1,Australia
395.77,7.86,0.267,36.66,1019.0,0.358,2.78,1.48,-23.306692,119.328696,5.73,Alluvium_Unconsolidated,1,Australia
438.38,6.47,0.308,33.68,876.9,0.21,1.81,2.39,-21.020265,120.776293,2.02,Alluvium_Unconsolidated,0,Australia
388.45,2.98,0.379,29.42,1093.7,0.315,2.83,1.73,-22.600137,118.259939,5.78,Alluvium_Unconsolidated,0,Australia
383.15,6.06,0.342,32.94,938.0,0.2,1.6,2.15,-21.996521,119.182308,5.21,Alluvium_Unconsolidated,0,Australia
417.71,7.68,0.412,36.24,855.5,0.344,3.18,2.33,-22.347671,120.872798,1.55,Alluvium_Unconsolidated,1,Australia
391.09,7.45,0.43,35.71,1141.6,0.274,3.12,1.79,-21.306557,121.63353,5.71,Alluvium_Unconsolidated,0,Australia
420.69,5.2,0.389,31.6,1062.4,0.338,2.61,1.33,-22.331597,121.495613,2.45,Alluvium_Unconsolidated,1,Australia
323.02,7.96,0.489,36.9,850.7,0.247,2.45,2.33,-23.051745,120.979144,1.19,Alluvium_Unconsolidated,1,Australia
338.94,5.95,0.228,32.74,934.9,0.205,2.95,2.35,-22.838505,119.1761,4.88,Alluvium_Unconsolidated,1,Australia
428.34,2.29,0.2,29.12,957.0,0.352,1.74,2.47,-23.401982,120.58893,2.5,Alluvium_Unconsolidated,1,Australia
340.19,7.68,0.212,36.22,855.6,0.21,3.12,1.31,-22.816643,120.872007,3.66,Alluvium_Unconsolidated,1,Australia
346.06,7.38,0.201,35.56,985.4,0.227,2.95,2.35,-22.767305,119.270876,1.66,Alluvium_Unconsolidated,1,Australia
433.26,6.34,0.388,33.44,1244.4,0.201,2.32,1.87,-21.074105,121.919392,5.76,Alluvium_Unconsolidated,0,Australia
324.15,3.61,0.228,29.84,1210.4,0.357,3.12,1.99,-21.581663,119.690691,1.7,Alluvium_Unconsolidated,0,Australia
324.02,5.95,0.499,32.76,1084.5,0.26,1.71,1.34,-23.077631,121.532779,5.16,Alluvium_Unconsolidated,0,Australia
445.78,7.76,0.23,36.43,1159.9,0.328,2.83,2.45,-23.469765,121.668905,4.04,Alluvium_Unconsolidated,0,Australia
417.02,4.34,0.481,30.53,850.3,0.247,1.6,1.38,-21.256393,118.874616,2.38,Alluvium_Unconsolidated,0,Australia
309.35,7.3,0.281,35.36,966.0,0.346,2.19,1.63,-21.629249,118.477793,3.01,Alluvium_Unconsolidated,0,Australia
425.21,5.28,0.206,31.71,1249.5,0.259,3.07,1.94,-22.17699,119.928433,2.98,Alluvium_Unconsolidated,1,Australia
420.08,6.9,0.261,34.53,869.2,0.314,2.07,1.79,-23.498808,120.803996,5.12,Alluvium_Unconsolidated,0,Australia
355.66,7.37,0.214,35.54,962.3,0.352,1.73,1.3,-21.47701,118.484589,5.54,Alluvium_Unconsolidated,0,Australia
364.67,5.74,0.417,32.4,1077.9,0.327,2.21,1.3,-23.201784,120.38107,5.58,Alluvium_Unconsolidated,1,Australia
352.51,5.98,0.499,32.8,1246.9,0.248,2.04,1.96,-21.825613,121.939421,1.8,Alluvium_Unconsolidated,0,Australia
336.96,3.3,0.201,29.62,1214.6,0.36,3.17,1.79,-21.529134,119.702874,4.13,Alluvium_Unconsolidated,1,Australia
428.42,5.88,0.271,32.64,1212.4,0.299,1.61,2.49,-22.250176,118.017425,5.66,Alluvium_Unconsolidated,0,Australia
444.44,4.45,0.5,30.65,1196.9,0.36,2.58,2.26,-22.455278,119.655452,5.19,Alluvium_Unconsolidated,1,Australia
327.56,3.31,0.468,29.62,1014.0,0.234,1.87,1.87,-23.024573,121.414655,5.76,Alluvium_Unconsolidated,0,Australia
358.17,3.21,0.468,29.55,1246.3,0.215,1.6,1.63,-21.900776,119.839681,2.45,Alluvium_Unconsolidated,0,Australia
386.51,6.68,0.286,34.08,1108.9,0.356,3.15,1.91,-23.291927,121.574576,4.07,Alluvium_Unconsolidated,1,Australia
403.56,6.79,0.307,34.3,871.2,0.353,3.05,2.5,-23.27656,120.796419,5.39,Alluvium_Unconsolidated,0,Australia
410.99,7.0,0.201,34.72,867.6,0.239,1.92,2.16,-22.138067,121.092064,4.37,Alluvium_Unconsolidated,0,Australia
427.2,5.07,0.387,31.41,850.2,0.338,1.7,2.42,-22.330173,118.842628,5.11,Alluvium_Unconsolidated,0,Australia
413.03,7.91,0.2,36.77,1208.2,0.247,1.6,1.3,-22.154195,121.779076,2.98,Alluvium_Unconsolidated,0,Australia
331.47,7.95,0.2,36.88,1068.2,0.359,2.09,1.36,-21.521354,119.410958,5.18,Alluvium_Unconsolidated,0,Australia
433.6,5.54,0.266,32.09,1248.8,0.297,3.19,2.28,-22.245972,119.941016,5.69,Alluvium_Unconsolidated,0,Australia
325.83,7.48,0.486,35.77,1109.6,0.267,2.34,2.22,-21.790193,119.481408,4.66,Alluvium_Unconsolidated,0,Australia
354.93,5.3,0.478,31.74,1065.2,0.22,1.9,2.37,-21.889189,121.500329,4.16,Alluvium_Unconsolidated,0,Australia
401.71,3.8,0.326,30.0,892.4,0.313,1.62,2.45,-21.378808,119.078135,1.41,Alluvium_Unconsolidated,0,Australia
330.4,7.67,0.241,36.2,1097.7,0.203,2.61,2.18,-22.852463,119.460806,2.97,Alluvium_Unconsolidated,0,Australia
328.1,4.91,0.2,31.2,911.6,0.223,3.11,1.93,-22.776594,119.125673,5.71,Alluvium_Unconsolidated,1,Australia
432.49,7.54,0.49,35.92,1105.8,0.36,3.18,1.53,-22.426112,119.474695,4.02,Alluvium_Unconsolidated,0,Australia
425.9,5.8,0.489,32.5,1247.8,0.24,1.64,1.3,-21.244084,121.94864,4.43,Alluvium_Unconsolidated,0,Australia
429.27,5.85,0.334,32.58,1081.2,0.322,1.66,1.59,-22.294543,120.375475,4.67,Alluvium_Unconsolidated,0,Australia
360.76,7.92,0.292,36.8,1173.7,0.325,3.11,2.48,-21.40267,120.205363,5.7,Alluvium_Unconsolidated,1,Australia
427.0,7.67,0.495,36.2,1097.8,0.36,3.2,1.53,-22.437791,119.461031,2.69,Alluvium_Unconsolidated,0,Australia
366.51,5.12,0.42,31.49,915.9,0.205,1.61,1.73,-21.942706,119.135625,5.74,Alluvium_Unconsolidated,0,Australia
419.49,6.46,0.5,33.65,856.6,0.221,1.6,1.39,-21.199955,118.771085,3.24,Alluvium_Unconsolidated,0,Australia
317.74,4.86,0.402,31.14,1250.0,0.212,2.6,1.86,-22.968682,121.993542,5.25,Alluvium_Unconsolidated,0,Australia
404.29,5.52,0.235,32.06,1028.5,0.215,2.17,2.27,-22.078516,118.36919,5.35,Alluvium_Unconsolidated,0,Australia
447.4,7.3,0.458,35.36,1134.0,0.202,1.63,1.95,-21.128671,120.283276,0.93,Alluvium_Unconsolidated,1,Australia
352.81,4.12,0.292,30.3,1179.4,0.325,2.44,2.49,-21.402836,118.098861,4.56,Alluvium_Unconsolidated,0,Australia
325.3,4.12,0.367,30.3,897.5,0.322,3.17,1.58,-21.688592,119.091363,5.79,Alluvium_Unconsolidated,1,Australia
332.61,4.25,0.5,30.43,899.6,0.272,2.28,2.28,-23.098745,119.09692,3.62,Alluvium_Unconsolidated,1,Australia
394.61,4.23,0.434,30.41,899.3,0.272,2.16,2.26,-21.303511,119.096033,5.44,Alluvium_Unconsolidated,0,Australia
405.7,7.73,0.424,36.36,854.6,0.33,2.35,1.7,-22.568049,121.023225,5.78,Alluvium_Unconsolidated,0,Australia
431.93,1.78,0.203,29.01,979.4,0.255,3.03,1.57,-22.169824,120.547893,2.89,Alluvium_Unconsolidated,1,Australia
379.49,6.52,0.304,33.76,1242.8,0.321,2.02,2.17,-21.394165,119.993592,3.72,Alluvium_Unconsolidated,0,Australia
387.42,1.7,0.425,29.01,867.0,0.33,2.83,1.5,-22.567218,118.995382,1.17,Alluvium_Unconsolidated,0,Australia
371.19,2.78,0.442,29.31,1001.6,0.208,1.66,2.21,-21.924909,121.393387,4.62,Alluvium_Unconsolidated,0,Australia
371.76,3.8,0.334,30.0,1207.5,0.31,2.08,1.3,-21.373433,119.682673,2.18,Alluvium_Unconsolidated,0,Australia
330.84,6.19,0.464,33.17,1245.5,0.231,1.63,2.33,-23.019662,119.974795,1.1,Alluvium_Unconsolidated,0,Australia
419.85,1.56,0.234,29.0,1234.3,0.326,1.71,1.86,-23.473562,119.771003,3.28,Alluvium_Unconsolidated,1,Australia
435.78,2.61,0.286,29.23,950.5,0.305,2.59,1.3,-22.261469,120.601331,5.58,Alluvium_Unconsolidated,0,Australia
389.71,7.29,0.393,35.35,862.4,0.289,2.85,2.0,-21.334021,121.069091,5.8,Alluvium_Unconsolidated,0,Australia
325.26,7.93,0.48,36.82,851.3,0.271,2.66,1.83,-21.78202,120.988986,2.62,Alluvium_Unconsolidated,1,Australia
420.85,6.83,0.2,34.37,1138.4,0.349,2.5,2.48,-23.412217,119.533134,4.84,Alluvium_Unconsolidated,0,Australia
337.85,6.63,0.5,33.99,954.9,0.266,1.65,1.94,-23.087528,119.21535,4.22,Alluvium_Unconsolidated,0,Australia
430.24,7.56,0.483,35.95,1224.7,0.359,3.15,2.33,-22.414638,121.829194,4.08,Alluvium_Unconsolidated,0,Australia
384.87,4.42,0.27,30.62,1197.4,0.358,1.74,2.45,-23.304176,119.656698,5.51,Alluvium_Unconsolidated,1,Australia
419.03,7.0,0.497,34.73,867.5,0.232,1.79,1.58,-21.22637,121.091845,2.33,Alluvium_Unconsolidated,1,Australia
367.87,5.96,0.365,32.76,1247.0,0.299,2.5,1.49,-21.352517,121.940535,3.71,Alluvium_Unconsolidated,0,Australia
344.43,3.8,0.497,30.0,1207.5,0.279,3.2,1.76,-23.110475,119.682648,5.46,Alluvium_Unconsolidated,0,Australia
317.5,3.08,0.254,29.47,1217.7,0.201,1.6,1.36,-22.863754,119.711923,2.52,Alluvium_Unconsolidated,1,Australia
332.86,3.66,0.492,29.88,890.4,0.229,1.74,1.33,-21.866141,119.072413,5.47,Alluvium_Unconsolidated,0,Australia
328.02,3.29,0.398,29.61,853.4,0.311,2.15,2.09,-21.70939,118.918029,2.74,Alluvium_Unconsolidated,0,Australia
430.97,1.9,0.5,29.03,1118.0,0.36,1.8,1.3,-22.454454,118.217727,2.14,Alluvium_Unconsolidated,0,Australia
350.01,7.97,0.47,36.92,1180.1,0.303,1.6,1.74,-23.154701,121.711051,2.89,Alluvium_Unconsolidated,0,Australia
372.7,7.99,0.413,36.97,915.4,0.204,2.71,2.16,-21.948009,118.579411,5.21,Alluvium_Unconsolidated,0,Australia
393.15,6.18,0.392,33.15,882.2,0.289,2.45,1.3,-21.334645,120.759572,5.79,Alluvium_Unconsolidated,0,Australia
432.04,5.97,0.286,32.78,935.5,0.305,3.19,2.25,-22.2615,119.177255,1.77,Alluvium_Unconsolidated,0,Australia
405.66,5.4,0.254,31.87,921.8,0.209,2.05,2.3,-22.060737,119.148494,1.9,Alluvium_Unconsolidated,0,Australia
437.99,4.04,0.491,30.22,1068.3,0.211,3.15,2.44,-21.171074,118.30279,5.79,Alluvium_Unconsolidated,0,Australia
371.06,7.1,0.251,34.94,1235.3,0.339,1.9,2.42,-21.435331,120.032869,4.55,Alluvium_Unconsolidated,0,Australia
437.24,4.74,0.46,30.99,908.4,0.355,1.97,1.88,-22.387394,119.118196,4.58,Alluvium_Unconsolidated,0,Australia
326.92,7.21,0.499,35.18,1130.2,0.261,2.8,1.89,-23.078048,120.290209,4.79,Alluvium_Unconsolidated,0,Australia
331.23,2.0,0.43,29.05,1230.0,0.299,2.24,2.49,-21.733083,119.753889,5.65,Alluvium_Unconsolidated,1,Australia
401.83,7.67,0.497,36.2,1221.1,0.232,3.02,1.72,-21.226883,120.0856,2.44,Alluvium_Unconsolidated,1,Australia
374.51,8.0,0.396,36.99,905.9,0.333,1.71,2.14,-23.216738,118.601474,5.12,Alluvium_Unconsolidated,0,Australia
340.62,7.68,0.497,36.24,945.3,0.235,3.09,2.5,-21.852405,118.516904,2.14,Alluvium_Unconsolidated,0,Australia
421.82,7.38,0.462,35.54,860.9,0.343,1.68,2.41,-22.535577,120.840999,1.57,Alluvium_Unconsolidated,0,Australia
434.53,7.51,0.482,35.83,873.7,0.208,1.61,1.79,-21.15628,118.693041,3.77,Alluvium_Unconsolidated,0,Australia
438.15,4.14,0.486,30.32,897.8,0.209,3.18,1.61,-21.161709,119.092197,1.47,Alluvium_Unconsolidated,1,Australia
311.65,7.99,0.264,36.98,850.1,0.2,3.16,1.44,-22.872815,120.939672,4.3,Alluvium_Unconsolidated,1,Australia
430.56,7.44,0.337,35.68,959.2,0.206,1.67,2.46,-21.040006,118.49035,4.77,Alluvium_Unconsolidated,0,Australia
425.75,7.29,0.296,35.35,966.2,0.309,3.12,1.3,-22.268248,118.477348,3.71,Alluvium_Unconsolidated,0,Australia
411.05,7.85,0.202,36.63,1212.5,0.355,2.87,2.43,-23.388029,121.790936,0.85,Alluvium_Unconsolidated,1,Australia
347.1,7.97,0.447,36.94,1181.7,0.315,1.63,1.86,-23.177074,121.714631,4.14,Alluvium_Unconsolidated,0,Australia
409.27,6.58,0.436,33.88,1105.2,0.334,2.99,1.5,-22.558389,120.334464,5.09,Alluvium_Unconsolidated,0,Australia
399.42,3.13,0.246,29.5,1160.0,0.36,1.83,1.3,-23.324739,118.139123,5.01,Alluvium_Unconsolidated,0,Australia
368.76,8.0,0.277,36.99,911.4,0.33,2.85,1.3,-21.413302,118.588646,4.2,Alluvium_Unconsolidated,0,Australia
428.4,7.96,0.206,36.91,1179.8,0.23,1.61,1.44,-22.119796,121.710329,3.72,Alluvium_Unconsolidated,0,Australia
355.04,5.87,0.491,32.62,1018.0,0.287,2.07,1.3,-23.126198,118.386882,5.63,Alluvium_Unconsolidated,0,Australia
355.29,6.97,0.447,34.66,1133.1,0.315,2.0,1.54,-23.177454,119.523355,3.86,Alluvium_Unconsolidated,0,Australia
422.62,3.08,0.202,29.47,882.3,0.355,1.96,1.31,-23.390023,119.049065,4.51,Alluvium_Unconsolidated,0,Australia
352.59,6.59,0.496,33.9,874.9,0.233,2.54,1.3,-21.856005,121.119327,3.48,Alluvium_Unconsolidated,0,Australia
383.92,7.94,0.387,36.85,1176.3,0.317,1.65,2.5,-22.594826,121.702786,5.8,Alluvium_Unconsolidated,0,Australia
352.42,5.93,0.381,32.72,886.6,0.337,2.95,2.33,-23.226762,120.746331,5.73,Alluvium_Unconsolidated,0,Australia
322.02,7.72,0.488,36.34,854.8,0.265,2.55,1.65,-21.793923,121.024416,3.4,Alluvium_Unconsolidated,1,Australia
320.98,6.26,0.215,33.29,1005.6,0.209,3.11,2.32,-22.821458,118.407867,1.74,Alluvium_Unconsolidated,0,Australia
435.93,5.55,0.379,32.11,925.3,0.335,2.77,2.05,-22.325038,119.156101,4.92,Alluvium_Unconsolidated,0,Australia
318.21,7.44,0.39,35.68,859.8,0.21,3.18,2.2,-22.960798,121.056007,4.81,Alluvium_Unconsolidated,0,Australia
358.49,6.55,0.207,33.83,952.2,0.354,1.6,2.09,-21.488944,119.210264,2.99,Alluvium_Unconsolidated,0,Australia
328.07,4.3,0.244,30.48,917.1,0.202,1.63,2.31,-22.854895,121.232735,4.09,Alluvium_Unconsolidated,0,Australia
432.43,7.76,0.41,36.42,1217.2,0.343,3.2,2.29,-22.346146,120.097674,5.61,Alluvium_Unconsolidated,0,Australia
362.88,7.18,0.312,35.11,1233.8,0.318,3.14,1.42,-21.388376,121.863565,3.97,Alluvium_Unconsolidated,0,Australia
427.18,5.53,0.45,32.07,924.8,0.202,2.97,1.64,-21.121905,119.15497,5.69,Alluvium_Unconsolidated,1,Australia
343.29,7.97,0.5,36.92,850.5,0.269,2.03,2.44,-23.094187,120.97567,3.6,Alluvium_Unconsolidated,1,Australia
392.21,7.83,0.415,36.59,1016.0,0.327,1.88,1.3,-23.203091,119.323573,1.3,Alluvium_Unconsolidated,1,Australia
382.48,5.82,0.364,32.54,1019.6,0.3,2.15,1.95,-21.353595,118.38422,2.75,Alluvium_Unconsolidated,1,Australia
448.98,6.94,0.247,34.61,981.1,0.321,2.21,2.5,-23.485916,118.450606,2.3,Alluvium_Unconsolidated,0,Australia
354.68,6.49,0.498,33.71,876.6,0.236,2.64,2.24,-21.849345,120.777345,2.69,Alluvium_Unconsolidated,1,Australia
409.46,7.91,0.467,36.79,1173.1,0.204,1.67,1.73,-21.138264,120.206771,4.82,Alluvium_Unconsolidated,0,Australia
433.53,4.15,0.201,30.33,919.9,0.251,3.15,1.34,-22.162343,120.663755,4.52,Alluvium_Unconsolidated,0,Australia
380.92,6.98,0.34,34.68,1120.3,0.301,1.9,2.43,-22.625893,121.594678,1.07,Alluvium_Unconsolidated,0,Australia
376.54,5.7,0.399,32.35,1248.2,0.322,1.98,1.71,-22.586382,119.949046,1.31,Alluvium_Unconsolidated,0,Australia
430.02,4.8,0.222,31.07,1250.0,0.332,2.28,1.49,-23.460268,121.996067,4.94,Alluvium_Unconsolidated,0,Australia
316.69,7.77,0.433,36.43,1216.9,0.22,2.41,2.48,-22.992163,120.098582,5.8,Alluvium_Unconsolidated,0,Australia
391.89,7.87,0.347,36.68,852.3,0.306,2.99,1.56,-21.365023,120.900582,3.37,Alluvium_Unconsolidated,0,Australia
353.14,4.46,0.205,30.66,1057.6,0.356,1.94,1.53,-21.495285,118.320689,0.89,Alluvium_Unconsolidated,0,Australia
443.95,3.5,0.478,29.75,852.5,0.358,1.91,2.42,-22.407755,118.90983,5.8,Alluvium_Unconsolidated,0,Australia
366.52,6.32,0.4,33.39,855.4,0.286,2.4,1.38,-21.328822,118.779235,4.32,Alluvium_Unconsolidated,0,Australia
316.39,7.33,0.319,35.44,861.7,0.201,2.85,1.35,-22.912801,120.836912,4.17,Alluvium_Unconsolidated,1,Australia
394.77,6.99,0.264,34.7,1237.1,0.358,1.72,2.45,-23.309058,121.878058,5.2,Alluvium_Unconsolidated,0,Australia
333.97,3.13,0.48,29.5,883.0,0.272,2.31,1.38,-21.781339,119.051033,1.54,Alluvium_Unconsolidated,0,Australia
403.58,7.09,0.412,34.93,972.0,0.281,2.92,2.5,-21.32004,119.246997,4.0,Alluvium_Unconsolidated,1,Australia
314.69,7.91,0.271,36.77,1208.2,0.2,3.01,1.38,-22.877809,121.779109,5.56,Alluvium_Unconsolidated,1,Australia
323.18,5.84,0.499,32.57,1247.6,0.261,3.14,2.21,-23.078899,121.946487,1.21,Alluvium_Unconsolidated,1,Australia
440.2,4.85,0.239,31.13,1193.4,0.324,2.47,1.52,-23.478658,118.066846,4.69,Alluvium_Unconsolidated,0,Australia
329.53,6.59,0.471,33.91,1146.4,0.235,3.2,1.3,-23.027736,119.548198,5.63,Alluvium_Unconsolidated,0,Australia
297.53,6.1,0.295,33.0,853.9,0.2,2.3,1.39,-22.896422,118.791379,3.71,Alluvium_Unconsolidated,0,Australia
346.14,7.98,0.205,36.95,1182.8,0.215,2.75,1.85,-22.801213,121.717051,5.68,Alluvium_Unconsolidated,0,Australia
431.88,6.9,0.494,34.52,1238.4,0.355,3.2,2.49,-22.490286,121.884331,5.62,Alluvium_Unconsolidated,0,Australia
324.53,6.9,0.476,34.53,964.5,0.274,3.19,1.39,-21.777325,119.233258,5.73,Alluvium_Unconsolidated,0,Australia
409.85,7.08,0.217,34.89,864.3,0.222,2.21,1.3,-22.100676,118.729977,5.58,Alluvium_Unconsolidated,0,Australia
315.37,5.09,0.452,31.45,1040.7,0.288,3.03,1.75,-21.751648,118.348895,2.93,Alluvium_Unconsolidated,0,Australia
372.37,6.09,0.335,32.99,1216.2,0.31,2.73,2.39,-21.372806,118.006379,5.65,Alluvium_Unconsolidated,0,Australia
440.75,5.15,0.319,31.53,916.6,0.208,2.25,1.32,-21.028053,119.137053,3.43,Alluvium_Unconsolidated,0,Australia
313.21,2.73,0.447,29.29,878.0,0.291,2.53,1.52,-21.747275,119.035414,1.83,Alluvium_Unconsolidated,1,Australia
419.87,6.25,0.2,33.27,881.0,0.245,2.63,1.31,-22.151573,120.763282,5.35,Alluvium_Unconsolidated,0,Australia
322.53,7.08,0.425,34.89,866.2,0.218,2.05,1.51,-22.985689,120.816335,3.46,Alluvium_Unconsolidated,0,Australia
355.81,4.61,0.493,30.83,1053.6,0.229,1.93,2.2,-21.864958,118.327268,4.33,Alluvium_Unconsolidated,0,Australia
338.69,8.0,0.495,37.0,909.6,0.254,2.13,1.45,-23.065843,118.592726,5.33,Alluvium_Unconsolidated,0,Australia
447.68,5.51,0.295,32.04,1071.1,0.213,3.08,1.78,-21.010809,120.392494,2.32,Alluvium_Unconsolidated,0,Australia
388.31,6.75,0.276,34.22,871.9,0.357,3.16,2.5,-23.299342,120.793774,4.36,Alluvium_Unconsolidated,0,Australia
421.72,7.93,0.205,36.82,1174.7,0.257,1.91,1.33,-22.173008,121.699226,5.8,Alluvium_Unconsolidated,0,Australia
390.32,8.0,0.421,37.0,1189.6,0.329,1.89,2.5,-22.569922,121.732533,4.62,Alluvium_Unconsolidated,0,Australia
314.1,5.16,0.376,31.54,850.3,0.207,2.52,1.73,-22.950929,118.838206,4.93,Alluvium_Unconsolidated,1,Australia
348.57,7.78,0.268,36.47,1161.4,0.273,1.61,1.66,-22.677471,120.230707,5.68,Alluvium_Unconsolidated,0,Australia
377.87,6.69,0.378,34.1,1143.2,0.201,3.2,2.31,-21.972066,119.542066,5.53,Alluvium_Unconsolidated,0,Australia
434.36,2.61,0.24,29.24,1102.1,0.284,2.92,2.05,-22.222632,118.245497,4.67,Alluvium_Unconsolidated,0,Australia
318.16,4.56,0.302,30.77,1195.0,0.2,1.9,1.38,-22.900859,119.650882,5.79,Alluvium_Unconsolidated,0,Australia
327.83,7.23,0.205,35.22,1130.9,0.235,2.9,2.39,-22.750464,121.613781,5.79,Alluvium_Unconsolidated,1,Australia
378.42,1.84,0.343,29.02,1133.8,0.2,2.53,2.31,-21.995863,118.189229,3.55,Alluvium_Unconsolidated,0,Australia
408.43,4.02,0.466,30.2,922.6,0.344,1.95,2.4,-22.530802,120.658022,5.8,Alluvium_Unconsolidated,0,Australia
332.86,3.53,0.212,29.78,1080.8,0.359,2.77,1.41,-21.560058,118.281796,5.71,Alluvium_Unconsolidated,1,Australia
383.93,2.65,0.367,29.25,998.7,0.341,3.12,1.3,-23.236647,121.388502,5.72,Alluvium_Unconsolidated,0,Australia
324.08,5.23,0.305,31.64,1249.6,0.34,3.04,2.42,-21.646705,119.926168,5.46,Alluvium_Unconsolidated,0,Australia
313.04,7.42,0.383,35.63,1139.7,0.316,1.65,1.3,-21.699319,120.27273,4.15,Alluvium_Unconsolidated,0,Australia
343.35,7.99,0.202,36.98,913.4,0.36,1.77,1.57,-21.53496,118.583881,5.31,Alluvium_Unconsolidated,0,Australia
355.55,4.53,0.426,30.74,1187.3,0.206,2.66,1.68,-21.937665,118.081004,2.62,Alluvium_Unconsolidated,1,Australia
367.98,5.53,0.31,32.08,1248.8,0.319,2.71,1.71,-21.389718,121.962197,2.19,Alluvium_Unconsolidated,1,Australia
368.78,7.64,0.387,36.13,877.8,0.201,3.06,1.72,-21.966539,118.679,2.57,Alluvium_Unconsolidated,0,Australia
374.3,3.84,0.437,30.03,1026.6,0.319,3.09,1.3,-23.185691,121.435895,3.22,Alluvium_Unconsolidated,0,Australia
358.72,2.43,0.5,29.16,858.1,0.271,3.07,2.5,-23.097135,118.952083,5.29,Alluvium_Unconsolidated,0,Australia
420.78,6.52,0.48,33.78,1242.8,0.358,2.31,2.34,-22.409773,119.994136,1.51,Alluvium_Unconsolidated,0,Australia
349.38,2.65,0.226,29.25,949.6,0.347,2.61,2.23,-21.460221,121.299615,5.3,Alluvium_Unconsolidated,0,Australia
330.53,5.09,0.21,31.44,902.2,0.211,2.93,1.67,-22.813785,120.704922,4.73,Alluvium_Unconsolidated,0,Australia
434.2,5.07,0.498,31.41,1249.8,0.357,2.95,2.36,-22.480427,121.984136,1.56,Alluvium_Unconsolidated,0,Australia
362.8,3.22,0.378,29.56,1215.8,0.201,2.65,1.76,-21.972668,119.706424,2.72,Alluvium_Unconsolidated,0,Australia
427.5,7.51,0.49,35.84,1144.6,0.36,3.17,1.43,-22.424825,120.263418,4.45,Alluvium_Unconsolidated,0,Australia
318.58,3.13,0.419,29.5,1090.3,0.216,1.66,2.1,-22.981526,118.265614,4.63,Alluvium_Unconsolidated,0,Australia
433.59,5.98,0.255,32.8,1085.4,0.317,2.91,2.27,-23.493299,120.368454,1.23,Alluvium_Unconsolidated,1,Australia
312.95,3.9,0.44,30.09,1028.3,0.294,2.86,1.54,-21.741443,121.438623,4.41,Alluvium_Unconsolidated,0,Australia
322.55,4.99,0.406,31.3,1195.9,0.213,2.66,2.5,-22.971845,118.060808,2.59,Alluvium_Unconsolidated,0,Australia
423.42,7.97,0.283,36.92,850.5,0.216,2.02,1.85,-21.002143,120.97589,3.73,Alluvium_Unconsolidated,0,Australia
354.46,7.9,0.484,36.75,851.8,0.243,2.07,2.08,-23.044345,120.906988,3.34,Alluvium_Unconsolidated,0,Australia
310.0,3.29,0.241,29.61,936.8,0.203,1.6,2.4,-22.852625,121.274291,2.12,Alluvium_Unconsolidated,0,Australia
409.9,4.14,0.467,30.32,1065.7,0.345,1.91,1.58,-22.529611,118.307147,0.99,Alluvium_Unconsolidated,0,Australia
419.0,6.47,0.496,33.68,1243.3,0.215,3.12,1.33,-21.181203,119.99089,3.61,Alluvium_Unconsolidated,0,Australia
417.1,6.51,0.488,33.76,1242.9,0.359,2.88,2.48,-22.421923,121.909276,0.92,Alluvium_Unconsolidated,0,Australia
372.81,2.03,0.438,29.05,870.3,0.208,1.77,1.35,-21.928424,119.008266,2.56,Alluvium_Unconsolidated,0,Australia
365.48,5.32,0.364,31.76,1179.9,0.2,3.13,2.04,-21.981618,119.616217,3.79,Alluvium_Unconsolidated,0,Australia
441.39,6.44,0.287,33.63,877.4,0.215,1.73,2.43,-21.005453,120.774741,2.99,Alluvium_Unconsolidated,0,Australia
405.92,7.47,0.453,35.76,957.3,0.263,3.18,1.87,-21.287217,118.493941,5.76,Alluvium_Unconsolidated,1,Australia
443.39,2.84,0.247,29.34,1220.6,0.32,2.03,1.98,-23.486582,119.721147,1.67,Alluvium_Unconsolidated,0,Australia
395.87,4.4,0.2,30.59,1184.7,0.246,2.63,2.49,-22.151997,118.087003,2.56,Alluvium_Unconsolidated,0,Australia
437.39,3.63,0.221,29.86,1248.0,0.273,3.17,1.8,-22.202219,119.856605,5.8,Alluvium_Unconsolidated,1,Australia
368.7,4.42,0.371,30.61,1058.8,0.34,3.19,1.35,-23.233563,118.318716,4.95,Alluvium_Unconsolidated,0,Australia
321.46,2.7,0.27,29.27,1100.1,0.348,3.2,1.33,-21.621107,118.248985,3.28,Alluvium_Unconsolidated,0,Australia
432.98,7.69,0.471,36.27,855.3,0.205,1.62,1.3,-21.142858,121.028289,4.8,Alluvium_Unconsolidated,0,Australia
313.4,7.98,0.377,36.95,1183.1,0.208,3.02,1.32,-22.951885,121.717705,3.04,Alluvium_Unconsolidated,1,Australia
442.69,3.67,0.332,29.89,851.9,0.321,1.66,2.44,-22.293371,118.902782,1.37,Alluvium_Unconsolidated,0,Australia
329.67,7.2,0.496,35.14,1233.5,0.255,1.62,2.5,-23.068113,120.040283,1.46,Alluvium_Unconsolidated,1,Australia
407.28,7.27,0.354,35.3,979.8,0.303,2.66,2.42,-21.360228,119.260892,5.38,Alluvium_Unconsolidated,0,Australia
327.98,5.94,0.21,32.73,886.6,0.36,2.07,1.91,-21.557027,120.746422,5.65,Alluvium_Unconsolidated,0,Australia
376.25,7.59,0.399,36.03,876.2,0.287,2.96,1.3,-21.329861,118.684244,1.72,Alluvium_Unconsolidated,0,Australia
410.13,7.86,0.5,36.65,1018.5,0.359,2.6,1.32,-22.458745,119.327826,5.56,Alluvium_Unconsolidated,0,Australia
408.9,6.1,0.496,33.01,853.9,0.234,1.63,1.31,-21.229371,118.791294,4.2,Alluvium_Unconsolidated,0,Australia
342.45,3.43,0.205,29.7,934.0,0.235,2.17,1.97,-22.75014,121.268725,5.49,Alluvium_Unconsolidated,0,Australia
386.39,7.92,0.315,36.8,851.4,0.317,3.17,1.97,-21.386499,120.990759,1.0,Alluvium_Unconsolidated,1,Australia
319.96,6.26,0.235,33.3,1245.0,0.356,2.43,2.42,-21.589403,121.923758,1.01,Alluvium_Unconsolidated,0,Australia
390.97,5.38,0.425,31.84,1249.3,0.276,1.95,1.43,-21.310772,121.969707,5.8,Alluvium_Unconsolidated,0,Australia
377.74,2.72,0.364,29.28,877.9,0.3,1.61,2.28,-21.35375,119.035059,1.68,Alluvium_Unconsolidated,0,Australia
397.29,6.7,0.43,34.12,957.2,0.332,1.63,1.36,-22.562962,119.219766,4.24,Alluvium_Unconsolidated,0,Australia
413.85,7.99,0.492,36.99,913.2,0.238,2.77,1.78,-21.238819,118.584449,1.71,Alluvium_Unconsolidated,0,Australia
443.35,7.98,0.219,36.95,850.3,0.271,1.83,2.03,-22.199641,120.970853,1.84,Alluvium_Unconsolidated,0,Australia
424.8,5.99,0.474,32.81,885.7,0.205,1.82,1.46,-21.14598,121.153619,5.03,Alluvium_Unconsolidated,0,Australia
365.66,7.77,0.233,36.44,1010.3,0.255,2.18,2.25,-22.709264,119.313849,5.32,Alluvium_Unconsolidated,0,Australia
427.82,1.74,0.489,29.01,867.4,0.21,2.81,1.38,-21.167154,118.997139,4.71,Alluvium_Unconsolidated,0,Australia
412.83,3.37,0.454,29.66,935.2,0.34,3.04,1.3,-22.542999,121.271086,5.47,Alluvium_Unconsolidated,0,Australia
360.11,7.97,0.256,36.94,1181.6,0.267,1.78,2.35,-22.687285,121.71424,2.41,Alluvium_Unconsolidated,1,Australia
318.53,7.66,0.389,36.18,1098.5,0.314,1.74,1.76,-21.703161,119.462106,5.36,Alluvium_Unconsolidated,0,Australia
388.95,7.95,0.399,36.87,1204.3,0.322,1.68,1.31,-22.586343,120.134085,5.72,Alluvium_Unconsolidated,0,Australia
319.69,7.51,0.412,35.85,1107.6,0.214,3.2,1.56,-22.975929,119.477862,5.52,Alluvium_Unconsolidated,0,Australia
446.09,4.11,0.401,30.29,1249.3,0.2,3.0,1.65,-21.083674,119.876543,2.17,Alluvium_Unconsolidated,0,Australia
331.3,3.9,0.2,30.09,1175.2,0.223,1.85,2.03,-22.777076,118.107933,3.7,Alluvium_Unconsolidated,0,Australia
393.48,8.0,0.461,37.0,1193.5,0.343,2.17,1.34,-22.536062,120.161011,2.6,Alluvium_Unconsolidated,0,Australia
412.04,7.98,0.201,36.95,1199.5,0.354,3.05,2.47,-23.392354,121.75629,2.76,Alluvium_Unconsolidated,1,Australia
347.98,4.76,0.478,31.02,1250.0,0.219,1.79,1.49,-21.889527,119.904762,3.12,Alluvium_Unconsolidated,0,Australia
312.98,5.15,0.324,31.52,1198.9,0.201,2.18,2.41,-22.916135,118.053323,5.32,Alluvium_Unconsolidated,1,Australia
411.31,7.67,0.207,36.2,878.9,0.357,2.59,2.41,-23.373528,118.675581,3.15,Alluvium_Unconsolidated,0,Australia
339.09,4.18,0.471,30.36,919.5,0.235,1.73,1.32,-23.027054,120.664775,2.95,Alluvium_Unconsolidated,0,Australia
379.46,2.95,0.36,29.4,943.6,0.342,3.13,1.98,-23.241176,120.614741,1.42,Alluvium_Unconsolidated,0,Australia
344.63,1.93,0.5,29.04,861.7,0.241,1.61,1.38,-21.838616,118.971264,5.66,Alluvium_Unconsolidated,1,Australia
325.27,7.26,0.356,35.28,1132.3,0.325,2.7,1.86,-21.680796,121.616336,5.56,Alluvium_Unconsolidated,0,Australia
329.51,7.11,0.226,34.97,865.5,0.205,3.18,1.33,-22.836739,120.819187,5.76,Alluvium_Unconsolidated,0,Australia
404.76,2.29,0.493,29.12,990.7,0.236,2.31,2.46,-21.23539,121.374617,1.49,Alluvium_Unconsolidated,1,Australia
422.11,4.7,0.283,30.93,1048.6,0.304,1.69,1.57,-22.259242,120.430109,1.75,Alluvium_Unconsolidated,0,Australia
412.89,1.74,0.255,29.01,1131.7,0.209,3.02,2.47,-22.059395,118.193068,2.43,Alluvium_Unconsolidated,0,Australia
391.39,7.97,0.291,36.94,850.4,0.355,2.43,2.31,-23.28816,120.929299,4.48,Alluvium_Unconsolidated,1,Australia
434.63,7.49,0.35,35.8,873.3,0.204,2.04,2.27,-21.048557,118.694485,4.99,Alluvium_Unconsolidated,0,Australia
374.66,7.09,0.386,34.93,864.6,0.317,2.48,2.26,-22.595438,118.728701,1.43,Alluvium_Unconsolidated,1,Australia
428.96,4.75,0.304,31.0,850.0,0.312,1.63,2.28,-22.274382,118.856788,1.11,Alluvium_Unconsolidated,0,Australia
342.03,7.35,0.481,35.48,963.5,0.296,1.73,1.43,-23.141947,118.482452,5.28,Alluvium_Unconsolidated,0,Australia
414.92,4.65,0.477,30.88,1052.6,0.358,1.81,1.31,-22.405953,118.329063,5.08,Alluvium_Unconsolidated,1,Australia
344.13,7.84,0.476,36.61,1212.9,0.238,2.1,2.49,-23.033488,120.110347,5.23,Alluvium_Unconsolidated,0,Australia
393.16,3.53,0.364,29.78,1211.5,0.3,1.86,1.3,-21.353489,119.693733,1.45,Alluvium_Unconsolidated,0,Australia
422.51,7.57,0.484,35.97,1224.6,0.208,2.54,1.42,-21.158902,120.07404,3.5,Alluvium_Unconsolidated,0,Australia
314.11,7.88,0.476,36.71,1169.8,0.238,2.14,1.31,-23.033711,121.688977,5.39,Alluvium_Unconsolidated,0,Australia
299.53,5.51,0.271,32.04,1175.8,0.348,2.37,1.88,-21.621325,119.607172,5.8,Alluvium_Unconsolidated,1,Australia
333.77,2.71,0.497,29.28,1000.1,0.256,2.95,1.33,-23.069806,120.511743,5.74,Alluvium_Unconsolidated,0,Australia
313.87,7.83,0.487,36.59,1213.5,0.266,3.15,1.34,-21.7923,120.108837,4.53,Alluvium_Unconsolidated,1,Australia
376.48,7.71,0.435,36.31,1005.5,0.32,1.85,1.33,-23.187645,119.305802,1.57,Alluvium_Unconsolidated,0,Australia
376.52,7.03,0.226,34.78,977.8,0.251,2.71,2.48,-22.716796,118.456473,5.58,Alluvium_Unconsolidated,0,Australia
326.03,7.99,0.201,36.97,1040.9,0.229,2.38,2.49,-22.764089,119.365274,4.46,Alluvium_Unconsolidated,0,Australia
306.5,7.98,0.215,36.95,1182.9,0.359,1.72,1.99,-21.564266,120.185384,5.55,Alluvium_Unconsolidated,0,Australia
379.84,5.96,0.407,32.77,886.1,0.283,2.48,1.32,-21.323902,120.747921,5.76,Alluvium_Unconsolidated,1,Australia
352.82,6.9,0.418,34.53,1238.3,0.326,1.84,2.44,-23.200652,121.883971,3.66,Alluvium_Unconsolidated,0,Australia
436.33,2.99,0.46,29.42,942.7,0.355,1.7,1.63,-22.387232,121.286197,3.41,Alluvium_Unconsolidated,0,Australia
381.98,7.12,0.342,34.98,1126.1,0.346,1.6,1.3,-23.253014,120.297619,2.43,Alluvium_Unconsolidated,0,Australia
335.15,6.23,0.207,33.23,1006.7,0.355,1.62,1.36,-21.489298,118.406004,4.79,Alluvium_Unconsolidated,0,Australia
461.3,5.77,0.227,32.45,1247.9,0.276,1.77,1.83,-22.208949,121.950277,2.93,Alluvium_Unconsolidated,0,Australia
423.79,7.97,0.494,36.93,898.8,0.213,1.99,1.95,-21.176885,118.618932,5.77,Alluvium_Unconsolidated,0,Australia
369.63,2.76,0.407,29.3,878.3,0.33,3.2,2.01,-23.208746,119.036528,2.22,Alluvium_Unconsolidated,0,Australia
393.85,3.76,0.377,29.97,1024.8,0.295,1.85,2.02,-21.344757,120.469834,5.73,Alluvium_Unconsolidated,0,Australia
376.88,2.14,0.313,29.08,871.4,0.291,3.18,1.3,-22.644361,119.012667,4.75,Alluvium_Unconsolidated,0,Australia
414.22,6.88,0.26,34.47,1238.7,0.208,2.73,1.31,-22.055497,121.885914,5.12,Alluvium_Unconsolidated,0,Australia
319.8,5.33,0.324,31.78,1179.6,0.335,2.07,2.09,-21.659607,119.6156,5.11,Alluvium_Unconsolidated,0,Australia
429.26,7.13,0.484,34.99,865.2,0.351,3.12,2.49,-22.509167,118.72621,5.72,Alluvium_Unconsolidated,1,Australia
312.43,6.66,0.447,34.04,1108.1,0.291,1.69,1.41,-21.747428,120.329509,3.54,Alluvium_Unconsolidated,0,Australia
331.15,2.76,0.257,29.3,1001.3,0.351,3.09,1.4,-21.609837,120.509677,5.62,Alluvium_Unconsolidated,0,Australia
388.93,5.87,0.282,32.61,852.6,0.356,1.61,2.36,-23.295108,118.803602,1.77,Alluvium_Unconsolidated,0,Australia
309.58,7.01,0.36,34.76,1121.8,0.205,3.0,2.4,-22.940349,120.305397,5.61,Alluvium_Unconsolidated,0,Australia
399.72,8.0,0.459,37.0,1051.2,0.26,3.02,2.39,-21.281504,119.382498,5.53,Alluvium_Unconsolidated,0,Australia
356.57,6.85,0.477,34.42,1115.2,0.299,2.32,1.5,-23.147061,120.317065,5.76,Alluvium_Unconsolidated,0,Australia
423.13,7.64,0.449,36.13,1222.2,0.201,1.61,2.0,-21.120843,121.820674,2.0,Alluvium_Unconsolidated,1,Australia
339.11,7.95,0.22,36.88,850.8,0.349,2.21,2.1,-21.467876,120.921228,5.57,Alluvium_Unconsolidated,0,Australia
356.0,5.17,0.252,31.55,900.7,0.338,2.97,2.49,-21.434279,121.193989,5.68,Alluvium_Unconsolidated,1,Australia
422.6,4.35,0.493,30.54,901.4,0.36,1.64,1.73,-22.432746,119.101445,0.85,Alluvium_Unconsolidated,0,Australia
319.14,5.7,0.2,32.35,1171.1,0.222,1.6,2.04,-22.780955,119.597369,2.06,Alluvium_Unconsolidated,1,Australia
403.23,2.11,0.229,29.07,860.3,0.217,3.17,1.8,-22.085196,118.964205,4.06,Alluvium_Unconsolidated,0,Australia
341.45,3.78,0.203,29.99,1172.9,0.232,2.04,1.95,-22.755626,118.112768,4.97,Alluvium_Unconsolidated,0,Australia
430.6,7.13,0.433,35.0,865.2,0.2,1.77,1.3,-21.107299,121.082133,5.35,Alluvium_Unconsolidated,0,Australia
324.91,1.77,0.322,29.01,967.8,0.201,1.6,1.68,-22.914838,120.568855,5.4,Alluvium_Unconsolidated,0,Australia
321.81,6.78,0.43,34.27,871.5,0.219,1.91,1.47,-22.989828,120.795434,4.49,Alluvium_Unconsolidated,0,Australia
389.35,6.53,0.407,33.8,1103.6,0.283,2.44,2.45,-21.323669,120.337229,4.13,Alluvium_Unconsolidated,0,Australia
398.12,2.52,0.428,29.2,1224.5,0.331,3.03,2.45,-22.564579,119.733965,5.49,Alluvium_Unconsolidated,0,Australia
326.88,6.42,0.207,33.58,856.3,0.354,3.14,2.01,-21.488431,118.773355,5.77,Alluvium_Unconsolidated,1,Australia
410.31,7.55,0.239,35.93,857.8,0.36,3.12,2.35,-23.330896,120.85789,4.9,Alluvium_Unconsolidated,0,Australia
372.06,4.48,0.357,30.68,913.6,0.307,2.59,2.49,-22.614562,120.677802,3.11,Alluvium_Unconsolidated,0,Australia
430.43,4.08,0.499,30.26,1067.4,0.36,1.6,1.34,-22.4485,118.304369,5.51,Alluvium_Unconsolidated,0,Australia
306.97,2.69,0.427,29.27,1151.3,0.3,2.1,1.3,-21.731135,118.156294,5.22,Alluvium_Unconsolidated,0,Australia
413.51,4.96,0.496,31.27,1249.9,0.233,3.01,1.32,-21.227747,119.913724,5.2,Alluvium_Unconsolidated,0,Australia
300.5,7.41,0.332,35.61,1228.9,0.332,1.6,2.45,-21.664941,121.844111,5.55,Alluvium_Unconsolidated,0,Australia
415.99,4.91,0.454,31.2,1250.0,0.262,1.7,1.4,-21.285885,121.991344,5.04,Alluvium_Unconsolidated,0,Australia
369.5,6.27,0.333,33.31,880.6,0.348,3.08,2.45,-23.259407,120.764536,5.25,Alluvium_Unconsolidated,0,Australia
438.58,6.84,0.449,34.4,1114.9,0.352,2.62,1.45,-22.377012,120.317479,2.93,Alluvium_Unconsolidated,1,Australia
396.21,6.6,0.286,33.92,1105.8,0.356,3.16,1.89,-23.292067,121.569249,4.27,Alluvium_Unconsolidated,0,Australia
320.13,7.96,0.218,36.9,1202.8,0.359,1.61,2.13,-21.569821,120.137869,5.65,Alluvium_Unconsolidated,0,Australia
362.09,5.28,0.435,31.71,1249.5,0.207,2.8,1.41,-21.931183,121.974226,5.76,Alluvium_Unconsolidated,1,Australia
419.81,6.58,0.497,33.9,994.5,0.357,1.75,1.77,-22.481725,118.427005,5.43,Alluvium_Unconsolidated,0,Australia
320.55,7.86,0.414,36.67,852.4,0.305,2.64,2.37,-21.721067,120.9001,2.74,Alluvium_Unconsolidated,1,Australia
324.59,4.46,0.473,30.66,1249.9,0.236,1.71,2.12,-23.029698,119.891323,5.13,Alluvium_Unconsolidated,0,Australia
389.83,6.92,0.464,34.56,1117.9,0.257,3.12,2.08,-21.276734,121.590301,5.73,Alluvium_Unconsolidated,0,Australia
388.94,4.29,0.305,30.48,1061.9,0.353,3.13,1.46,-23.278019,118.313506,5.76,Alluvium_Unconsolidated,0,Australia
339.37,1.66,0.213,29.0,1123.1,0.21,2.06,2.45,-22.81771,118.208597,5.05,Alluvium_Unconsolidated,0,Australia
308.54,7.97,0.265,36.91,1065.5,0.349,1.6,1.33,-21.617034,119.406349,2.81,Alluvium_Unconsolidated,1,Australia
323.85,2.44,0.2,29.17,994.0,0.359,3.06,1.3,-21.523964,120.522329,2.86,Alluvium_Unconsolidated,0,Australia
326.59,1.82,0.2,29.02,966.8,0.359,2.96,1.83,-21.523772,121.33183,5.72,Alluvium_Unconsolidated,0,Australia
432.8,3.72,0.228,29.93,891.3,0.277,3.15,2.5,-22.210149,119.07502,1.08,Alluvium_Unconsolidated,0,Australia
431.0,5.18,0.499,31.57,917.2,0.22,3.18,1.92,-21.195681,119.138404,1.23,Alluvium_Unconsolidated,1,Australia
446.46,6.95,0.249,34.63,1237.6,0.289,1.61,1.69,-22.231071,121.88052,3.58,Alluvium_Unconsolidated,0,Australia
340.1,5.51,0.215,32.05,1071.3,0.209,2.97,2.4,-22.822025,121.510465,3.58,Alluvium_Unconsolidated,0,Australia
360.2,6.13,0.359,33.06,1009.8,0.2,1.6,2.46,-21.985367,118.40076,2.21,Alluvium_Unconsolidated,1,Australia
323.4,2.13,0.232,29.08,1139.9,0.356,3.2,1.59,-21.586637,118.178,2.4,Alluvium_Unconsolidated,1,Australia
426.01,6.76,0.208,34.24,959.2,0.358,3.08,1.44,-23.372741,119.223496,2.29,Alluvium_Unconsolidated,0,Australia
450.21,6.11,0.247,33.02,1089.4,0.32,1.91,2.49,-23.486572,121.541046,4.48,Alluvium_Unconsolidated,0,Australia
361.29,6.53,0.471,33.8,1242.7,0.216,2.89,1.73,-21.897806,121.907942,5.8,Alluvium_Unconsolidated,0,Australia
358.1,1.62,0.477,29.0,864.2,0.299,3.18,2.4,-23.146869,118.983279,3.96,Alluvium_Unconsolidated,0,Australia
349.93,7.44,0.498,35.68,1228.1,0.258,1.64,2.49,-23.073462,120.061404,0.81,Alluvium_Unconsolidated,0,Australia
395.99,4.88,0.432,31.16,1188.9,0.333,3.2,2.49,-22.561557,119.636498,2.21,Alluvium_Unconsolidated,1,Australia
410.41,3.94,0.463,30.13,1029.2,0.343,3.07,1.8,-22.533821,120.46245,3.03,Alluvium_Unconsolidated,1,Australia
413.35,5.29,0.206,31.71,1249.5,0.258,3.06,1.93,-22.176124,119.928685,2.91,Alluvium_Unconsolidated,0,Australia
395.0,1.51,0.474,29.0,1126.8,0.251,1.87,2.47,-21.26554,118.201953,4.72,Alluvium_Unconsolidated,0,Australia
424.8,7.91,0.453,36.78,1207.9,0.202,1.92,1.43,-21.124577,120.124513,5.8,Alluvium_Unconsolidated,0,Australia
329.1,7.45,0.219,35.7,1227.9,0.358,2.08,2.13,-21.570536,121.84028,3.24,Alluvium_Unconsolidated,0,Australia
341.34,6.85,0.452,34.41,1115.1,0.211,3.09,2.08,-21.916443,120.317189,5.17,Alluvium_Unconsolidated,1,Australia
367.49,5.21,0.333,31.61,1200.1,0.299,2.81,1.32,-22.630877,118.050484,4.73,Alluvium_Unconsolidated,0,Australia
336.77,1.66,0.499,29.0,863.9,0.249,1.66,1.4,-21.823519,118.981703,5.78,Alluvium_Unconsolidated,0,Australia
411.95,7.96,0.2,36.9,1033.2,0.349,3.2,2.02,-23.412806,119.352447,2.68,Alluvium_Unconsolidated,1,Australia
319.72,3.47,0.431,29.73,887.6,0.298,2.83,1.49,-21.733703,119.06471,4.03,Alluvium_Unconsolidated,0,Australia
427.8,5.5,0.482,32.03,1248.9,0.208,1.86,1.41,-21.156619,121.96359,3.82,Alluvium_Unconsolidated,0,Australia
430.53,7.45,0.253,35.69,872.0,0.318,3.2,1.86,-23.491795,118.699153,5.13,Alluvium_Unconsolidated,0,Australia
349.86,7.09,0.495,34.91,1124.8,0.283,2.5,1.67,-23.117655,120.300005,5.74,Alluvium_Unconsolidated,0,Australia
419.95,7.85,0.489,36.64,1166.9,0.24,2.42,2.25,-21.243437,120.219655,4.24,Alluvium_Unconsolidated,0,Australia
451.68,7.98,0.451,36.94,918.2,0.353,3.19,1.8,-22.378858,118.573248,5.65,Alluvium_Unconsolidated,0,Australia
350.7,3.63,0.23,29.86,1078.3,0.254,3.19,2.32,-22.712474,118.285925,1.92,Alluvium_Unconsolidated,0,Australia
419.01,7.12,0.218,34.97,865.0,0.27,1.61,1.52,-22.198221,118.726952,1.88,Alluvium_Unconsolidated,0,Australia
381.05,7.42,0.303,35.63,1228.8,0.287,1.92,1.3,-22.651338,120.059154,0.93,Alluvium_Unconsolidated,0,Australia
340.25,7.92,0.498,36.81,1174.2,0.259,2.29,2.2,-23.075115,120.204333,5.73,Alluvium_Unconsolidated,0,Australia
390.53,7.56,0.385,35.95,857.7,0.317,1.61,2.15,-22.595662,120.858802,3.49,Alluvium_Unconsolidated,0,Australia
399.5,6.41,0.344,33.57,1099.4,0.2,1.6,2.42,-21.995287,121.558136,2.17,Alluvium_Unconsolidated,1,Australia
396.88,2.96,0.225,29.4,1005.8,0.36,2.32,1.56,-23.346459,121.400552,1.44,Alluvium_Unconsolidated,0,Australia
444.52,5.27,0.329,31.69,919.0,0.32,2.96,2.24,-22.29093,119.142418,3.6,Alluvium_Unconsolidated,0,Australia
343.84,7.9,0.209,36.75,1209.0,0.36,1.9,1.85,-21.554002,121.781129,4.57,Alluvium_Unconsolidated,0,Australia
401.92,5.6,0.298,32.18,1207.3,0.202,3.18,1.93,-22.026673,118.031745,5.77,Alluvium_Unconsolidated,0,Australia
314.31,7.81,0.405,36.53,885.1,0.213,3.17,1.34,-22.971198,118.65649,1.05,Alluvium_Unconsolidated,0,Australia
440.52,5.92,0.378,32.7,886.9,0.201,2.53,1.3,-21.067432,121.156941,1.81,Alluvium_Unconsolidated,0,Australia
338.95,4.3,0.21,30.48,1038.2,0.36,2.55,1.36,-21.557323,121.455308,5.06,Alluvium_Unconsolidated,1,Australia
360.23,3.39,0.44,29.67,934.8,0.318,3.13,1.76,-23.183091,120.632293,4.78,Alluvium_Unconsolidated,1,Australia
318.75,7.99,0.235,36.98,903.0,0.203,2.94,1.54,-22.846595,118.608628,5.76,Alluvium_Unconsolidated,1,Australia
363.32,2.98,0.208,29.42,1245.2,0.238,3.01,1.45,-22.742758,119.830733,3.15,Alluvium_Unconsolidated,0,Australia
367.82,5.13,0.457,31.5,1198.6,0.31,2.71,1.97,-23.168437,118.054182,3.17,Alluvium_Unconsolidated,0,Australia
407.77,7.99,0.232,36.97,1040.3,0.36,2.84,1.71,-23.338309,119.364334,5.79,Alluvium_Unconsolidated,0,Australia
412.45,3.97,0.491,30.15,851.0,0.239,1.65,1.37,-21.241301,118.890542,1.12,Alluvium_Unconsolidated,0,Australia
423.62,7.77,0.309,36.45,939.5,0.314,2.99,1.33,-22.277549,118.528518,2.04,Alluvium_Unconsolidated,1,Australia
419.7,4.77,0.5,31.02,908.3,0.359,1.61,2.24,-22.459081,120.690284,1.82,Alluvium_Unconsolidated,1,Australia
372.4,7.77,0.38,36.44,883.3,0.315,2.03,2.41,-22.599429,118.661845,3.64,Alluvium_Unconsolidated,0,Australia
441.66,7.85,0.32,36.62,852.7,0.318,2.36,2.44,-22.285462,121.00592,4.12,Alluvium_Unconsolidated,1,Australia
406.52,7.55,0.254,35.93,874.9,0.209,2.33,1.36,-22.060872,118.688768,5.77,Alluvium_Unconsolidated,0,Australia
427.97,7.2,0.329,35.15,1129.6,0.207,2.33,1.55,-21.034368,120.291215,5.77,Alluvium_Unconsolidated,0,Australia
432.98,5.05,0.499,31.39,1058.2,0.218,1.73,2.49,-21.192226,120.414059,2.41,Alluvium_Unconsolidated,0,Australia
369.52,7.93,0.438,36.82,851.3,0.208,2.75,1.45,-21.928639,120.913749,3.46,Alluvium_Unconsolidated,0,Australia
351.47,6.29,0.49,33.35,1155.6,0.288,2.72,1.47,-23.127752,119.565992,3.26,Alluvium_Unconsolidated,0,Australia
345.8,7.86,0.481,36.66,1019.1,0.221,3.01,2.14,-21.884829,119.328885,5.21,Alluvium_Unconsolidated,0,Australia
451.14,3.29,0.458,29.6,1163.2,0.354,1.73,1.68,-22.385454,118.132783,3.01,Alluvium_Unconsolidated,0,Australia
395.69,4.74,0.488,30.98,1050.4,0.242,2.82,2.47,-21.246752,118.332674,3.97,Alluvium_Unconsolidated,0,Australia
330.72,1.68,0.24,29.01,969.7,0.203,1.75,2.48,-22.851039,121.337202,2.68,Alluvium_Unconsolidated,1,Australia
346.02,7.77,0.487,36.44,1160.4,0.225,3.15,1.6,-21.875937,120.232803,4.48,Alluvium_Unconsolidated,0,Australia
405.17,3.98,0.493,30.17,923.2,0.355,1.71,2.27,-22.492662,120.65654,5.13,Alluvium_Unconsolidated,0,Australia
354.39,3.12,0.5,29.5,1009.5,0.271,3.15,1.31,-23.096336,120.495742,4.58,Alluvium_Unconsolidated,0,Australia
415.39,3.73,0.49,29.94,1076.0,0.36,1.62,1.3,-22.425632,118.289823,5.75,Alluvium_Unconsolidated,0,Australia
357.82,6.16,0.496,33.12,1217.5,0.281,2.87,2.35,-23.114653,118.002383,4.32,Alluvium_Unconsolidated,0,Australia
313.45,6.15,0.33,33.09,1009.3,0.333,2.95,1.54,-21.663459,118.401684,5.74,Alluvium_Unconsolidated,0,Australia
318.73,7.46,0.319,35.72,1141.8,0.336,1.61,1.37,-21.656401,120.268719,5.66,Alluvium_Unconsolidated,0,Australia
417.16,7.94,0.492,36.85,1205.1,0.354,2.8,2.43,-22.494453,121.770836,3.81,Alluvium_Unconsolidated,0,Australia
382.25,5.56,0.357,32.13,893.4,0.343,1.9,1.69,-23.243214,121.175208,4.5,Alluvium_Unconsolidated,0,Australia
403.31,7.94,0.476,36.86,923.1,0.25,3.05,1.74,-21.263414,118.562403,2.78,Alluvium_Unconsolidated,1,Australia
420.55,6.01,0.201,32.85,885.3,0.354,2.74,2.41,-23.391382,120.750191,5.07,Alluvium_Unconsolidated,0,Australia
434.18,7.88,0.498,36.7,930.5,0.36,2.73,2.03,-22.446889,118.546776,3.35,Alluvium_Unconsolidated,0,Australia
391.78,1.83,0.279,29.02,1237.6,0.357,2.51,2.47,-23.296896,119.786054,1.68,Alluvium_Unconsolidated,0,Australia
367.33,7.68,0.384,36.23,879.4,0.201,3.03,1.73,-21.968578,118.674013,2.94,Alluvium_Unconsolidated,1,Australia
401.35,5.6,0.398,32.19,926.4,0.321,2.01,1.33,-22.586632,119.158552,5.74,Alluvium_Unconsolidated,1,Australia
330.49,3.72,0.491,29.93,1248.3,0.262,2.29,2.04,-21.79896,119.860194,5.72,Alluvium_Unconsolidated,0,Australia
430.62,7.62,0.497,36.1,949.1,0.231,3.03,2.11,-21.224265,118.50965,2.5,Alluvium_Unconsolidated,1,Australia
381.71,6.9,0.292,34.52,964.3,0.203,1.6,2.41,-22.030874,119.232954,5.19,Alluvium_Unconsolidated,1,Australia
318.44,7.94,0.473,36.86,851.0,0.276,2.97,2.12,-21.773245,120.917902,1.83,Alluvium_Unconsolidated,0,Australia
370.02,3.24,0.376,29.57,1087.7,0.295,1.67,2.34,-21.34567,118.270053,5.75,Alluvium_Unconsolidated,0,Australia
364.32,5.02,0.411,31.34,1186.3,0.328,2.39,2.03,-23.20583,119.630372,0.87,Alluvium_Unconsolidated,0,Australia
362.65,7.93,0.234,36.83,1206.2,0.344,2.78,1.41,-21.451098,121.773636,3.69,Alluvium_Unconsolidated,1,Australia
436.72,3.84,0.273,30.04,851.3,0.3,1.88,2.3,-22.251027,118.895642,3.94,Alluvium_Unconsolidated,0,Australia
348.06,1.65,0.41,29.0,866.5,0.203,1.99,1.37,-21.949744,118.99343,1.34,Alluvium_Unconsolidated,0,Australia
438.63,4.08,0.206,30.26,850.7,0.258,2.48,1.95,-22.176218,118.885751,5.76,Alluvium_Unconsolidated,1,Australia
341.04,6.35,0.491,33.45,1002.8,0.249,1.6,1.35,-23.056356,118.412821,3.29,Alluvium_Unconsolidated,0,Australia
435.63,5.63,0.2,32.23,1207.7,0.244,2.29,2.41,-22.149835,118.03043,1.66,Alluvium_Unconsolidated,0,Australia
456.64,7.56,0.298,35.95,1104.9,0.31,1.99,1.34,-22.270035,119.473253,1.37,Alluvium_Unconsolidated,0,Australia
331.98,7.03,0.289,34.78,867.0,0.2,2.61,2.01,-22.891445,121.089925,2.97,Alluvium_Unconsolidated,0,Australia
337.37,6.5,0.464,33.73,1102.5,0.231,3.2,1.99,-23.019659,120.33924,2.94,Alluvium_Unconsolidated,0,Australia
414.63,3.06,0.413,29.46,1008.2,0.326,2.6,1.64,-22.576467,121.404731,5.27,Alluvium_Unconsolidated,0,Australia
332.98,7.93,0.489,36.84,851.2,0.264,3.11,2.02,-21.796206,120.91535,3.53,Alluvium_Unconsolidated,0,Australia
358.05,7.85,0.467,36.63,887.6,0.215,3.2,2.13,-21.90199,118.649104,2.31,Alluvium_Unconsolidated,0,Australia
340.61,3.86,0.2,30.05,1248.7,0.359,2.36,2.31,-21.525034,119.866002,4.1,Alluvium_Unconsolidated,0,Australia
413.9,7.99,0.482,36.97,1059.1,0.35,2.52,1.64,-22.512484,119.395737,5.71,Alluvium_Unconsolidated,0,Australia
430.62,7.94,0.353,36.86,1030.1,0.328,3.04,1.49,-22.307475,119.347294,5.47,Alluvium_Unconsolidated,0,Australia
410.0,3.53,0.499,29.78,1019.2,0.227,1.86,2.46,-21.21439,120.479213,3.81,Alluvium_Unconsolidated,0,Australia
334.19,4.7,0.493,30.94,1048.6,0.259,2.5,1.94,-21.8043,121.472582,5.74,Alluvium_Unconsolidated,0,Australia
428.87,5.49,0.477,32.01,1070.5,0.358,2.41,1.3,-22.405867,120.393425,4.27,Alluvium_Unconsolidated,1,Australia
356.23,2.61,0.41,29.23,1149.7,0.329,2.96,1.46,-23.206344,118.159436,4.94,Alluvium_Unconsolidated,0,Australia
357.21,1.51,0.256,29.0,973.6,0.337,2.05,2.22,-21.430453,121.344253,1.92,Alluvium_Unconsolidated,0,Australia
358.37,2.93,0.218,29.39,1244.9,0.35,2.09,1.96,-21.471026,119.828533,2.2,Alluvium_Unconsolidated,1,Australia
319.87,7.92,0.456,36.81,1207.0,0.228,2.4,2.5,-23.012548,120.12695,5.8,Alluvium_Unconsolidated,0,Australia
328.64,3.9,0.359,30.1,924.7,0.324,2.24,1.43,-21.68274,121.249266,5.65,Alluvium_Unconsolidated,0,Australia
347.75,7.96,0.487,36.91,1034.3,0.291,1.62,1.36,-23.132295,119.354297,5.77,Alluvium_Unconsolidated,0,Australia
321.04,7.49,0.354,35.79,1109.0,0.326,1.61,1.71,-21.679815,119.480382,3.68,Alluvium_Unconsolidated,0,Australia
430.88,5.72,0.2,32.38,890.5,0.349,2.1,1.3,-23.412465,121.167262,2.33,Alluvium_Unconsolidated,0,Australia
414.82,7.87,0.2,36.69,852.2,0.353,2.96,1.58,-23.39844,121.001168,5.71,Alluvium_Unconsolidated,0,Australia
394.1,7.95,0.353,36.88,1177.9,0.306,1.6,2.5,-22.61733,121.706102,5.61,Alluvium_Unconsolidated,0,Australia
398.76,4.49,0.206,30.7,1056.7,0.259,3.17,1.99,-22.177556,118.322106,4.43,Alluvium_Unconsolidated,0,Australia
435.8,6.19,0.425,33.17,882.0,0.347,2.18,2.26,-22.357515,121.142473,2.94,Alluvium_Unconsolidated,0,Australia
377.95,8.0,0.294,36.99,1045.6,0.284,1.62,2.23,-22.657477,119.373246,3.8,Alluvium_Unconsolidated,0,Australia
328.16,2.94,0.241,29.39,1094.6,0.26,3.18,2.2,-22.70107,118.258339,1.4,Alluvium_Unconsolidated,0,Australia
331.58,6.03,0.496,32.89,1086.9,0.255,3.16,1.67,-23.068222,120.365856,0.9,Alluvium_Unconsolidated,1,Australia
357.93,1.54,0.5,29.0,865.6,0.269,2.88,2.49,-23.093475,118.989308,5.8,Alluvium_Unconsolidated,0,Australia
319.87,6.12,0.2,33.04,1216.7,0.226,1.6,1.64,-22.771087,118.004756,2.39,Alluvium_Unconsolidated,1,Australia
398.16,5.75,0.222,32.41,1078.2,0.22,2.78,2.42,-22.093266,120.380624,4.88,Alluvium_Unconsolidated,0,Australia
321.12,2.89,0.483,29.37,1004.2,0.242,2.1,1.85,-23.042081,121.397886,5.57,Alluvium_Unconsolidated,0,Australia
398.59,6.91,0.401,34.53,964.5,0.322,1.68,1.45,-22.584774,119.233291,4.87,Alluvium_Unconsolidated,0,Australia
417.83,6.06,0.426,32.94,1215.6,0.331,3.06,1.37,-22.566594,118.008057,2.59,Alluvium_Unconsolidated,1,Australia
374.99,5.6,0.456,32.19,1248.6,0.212,1.81,1.34,-21.912756,119.944067,3.32,Alluvium_Unconsolidated,0,Australia
331.94,6.44,0.5,33.62,1100.4,0.248,2.83,2.31,-21.825981,121.559785,4.6,Alluvium_Unconsolidated,0,Australia
317.31,5.63,0.327,32.23,1074.6,0.334,1.97,1.32,-21.661759,120.386557,4.05,Alluvium_Unconsolidated,0,Australia
392.07,2.43,0.268,29.16,1145.9,0.207,3.07,2.42,-22.049362,118.166717,2.95,Alluvium_Unconsolidated,1,Australia
453.95,4.98,0.251,31.3,1056.3,0.29,3.18,1.65,-22.233052,121.485415,5.75,Alluvium_Unconsolidated,1,Australia
450.99,4.59,0.311,30.81,1250.0,0.21,2.36,1.86,-21.022595,119.89711,4.54,Alluvium_Unconsolidated,0,Australia
317.45,4.95,0.251,31.25,912.4,0.353,2.8,1.84,-21.604672,119.127523,1.43,Alluvium_Unconsolidated,0,Australia
338.52,2.73,0.23,29.29,856.2,0.254,2.71,1.3,-22.71186,118.940181,3.17,Alluvium_Unconsolidated,0,Australia
401.87,5.43,0.276,31.93,922.6,0.357,3.17,1.33,-23.299208,119.150313,1.14,Alluvium_Unconsolidated,0,Australia
318.36,5.93,0.201,32.72,1213.3,0.36,3.02,2.37,-21.529975,118.014789,3.0,Alluvium_Unconsolidated,0,Australia
416.5,7.77,0.458,36.44,1216.8,0.342,1.81,1.45,-22.538784,120.09894,5.09,Alluvium_Unconsolidated,0,Australia
335.46,7.01,0.219,34.75,1121.5,0.358,2.3,1.55,-21.570988,120.305821,1.56,Alluvium_Unconsolidated,0,Australia
429.52,6.32,0.243,33.4,1003.6,0.322,2.01,2.49,-23.482163,118.411427,3.79,Alluvium_Unconsolidated,0,Australia
448.61,8.0,0.447,36.99,912.2,0.352,3.2,1.83,-22.376052,118.586668,5.36,Alluvium_Unconsolidated,0,Australia
457.08,4.81,0.292,31.07,850.0,0.307,1.65,2.24,-22.265614,118.854242,1.02,Alluvium_Unconsolidated,1,Australia
419.1,6.96,0.497,34.65,868.2,0.232,1.77,1.59,-21.226066,121.094678,2.48,Alluvium_Unconsolidated,1,Australia
320.4,7.9,0.315,36.75,1208.9,0.337,1.98,1.8,-21.65347,120.121748,1.24,Alluvium_Unconsolidated,0,Australia
421.41,7.04,0.2,34.8,863.7,0.245,1.82,1.38,-22.150959,118.733042,3.43,Alluvium_Unconsolidated,1,Australia
366.39,7.92,0.317,36.8,851.4,0.316,2.9,1.68,-21.385003,120.911431,4.14,Alluvium_Unconsolidated,1,Australia
424.91,6.55,0.5,33.82,875.6,0.359,1.89,2.45,-22.459417,120.780909,4.01,Alluvium_Unconsolidated,0,Australia
351.48,4.94,0.229,31.24,1045.0,0.253,3.17,2.44,-22.713786,118.341716,4.26,Alluvium_Unconsolidated,0,Australia
353.6,4.88,0.48,31.16,906.2,0.296,2.53,1.79,-23.142478,120.695106,4.96,Alluvium_Unconsolidated,0,Australia
449.48,3.03,0.229,29.44,941.9,0.278,3.06,1.32,-22.211122,120.618132,2.51,Alluvium_Unconsolidated,0,Australia
445.2,7.89,0.486,36.72,929.9,0.359,2.96,1.9,-22.418433,118.548071,4.94,Alluvium_Unconsolidated,1,Australia
423.56,7.62,0.254,36.09,1150.6,0.292,2.78,1.3,-22.236235,121.650653,1.67,Alluvium_Unconsolidated,0,Australia
345.91,2.33,0.499,29.13,858.7,0.26,2.93,2.49,-23.077694,118.955811,5.76,Alluvium_Unconsolidated,0,Australia
444.6,2.53,0.229,29.2,951.9,0.329,1.82,1.78,-23.467566,121.304063,1.94,Alluvium_Unconsolidated,1,Australia
323.45,7.13,0.252,35.01,865.2,0.352,2.06,2.35,-21.605881,120.820732,5.66,Alluvium_Unconsolidated,0,Australia
421.79,5.05,0.223,31.39,1197.1,0.332,2.36,1.43,-23.461228,118.057801,4.1,Alluvium_Unconsolidated,1,Australia
334.57,5.6,0.218,32.19,892.7,0.359,2.83,2.18,-21.568699,121.173239,4.62,Alluvium_Unconsolidated,0,Australia
439.09,1.6,0.471,29.0,1124.5,0.205,2.97,2.08,-21.142133,118.206161,4.98,Alluvium_Unconsolidated,0,Australia
448.5,3.14,0.5,29.51,1010.0,0.222,2.04,2.46,-21.202627,120.49481,4.95,Alluvium_Unconsolidated,0,Australia
355.23,7.99,0.497,36.97,850.2,0.233,3.19,1.57,-21.855588,120.966477,4.89,Alluvium_Unconsolidated,0,Australia
442.61,8.0,0.25,37.0,850.0,0.319,3.0,1.4,-23.48941,120.94823,3.26,Alluvium_Unconsolidated,0,Australia
357.94,7.81,0.276,36.55,853.2,0.33,2.52,1.75,-21.414648,120.891177,5.71,Alluvium_Unconsolidated,0,Australia
319.05,5.37,0.5,31.84,1249.3,0.245,2.44,1.63,-21.831919,119.932658,5.79,Alluvium_Unconsolidated,1,Australia
343.15,6.07,0.496,32.95,884.2,0.28,2.9,2.34,-23.113368,121.149122,4.57,Alluvium_Unconsolidated,1,Australia
407.4,5.1,0.256,31.45,1184.6,0.209,3.13,1.64,-22.058884,119.626549,5.76,Alluvium_Unconsolidated,0,Australia
395.92,6.52,0.422,33.77,876.1,0.277,2.77,1.31,-21.313016,120.779059,4.94,Alluvium_Unconsolidated,0,Australia
445.36,2.08,0.488,29.06,1114.0,0.359,1.63,1.34,-22.421755,118.224776,4.5,Alluvium_Unconsolidated,0,Australia
323.73,2.39,0.494,29.15,954.9,0.258,1.92,2.43,-21.806314,120.592875,4.43,Alluvium_Unconsolidated,0,Australia
326.21,5.2,0.203,31.59,850.4,0.36,3.1,2.4,-21.539804,118.836528,5.66,Alluvium_Unconsolidated,1,Australia
439.6,5.25,0.275,31.66,1249.5,0.301,3.16,2.27,-22.25257,119.927034,5.8,Alluvium_Unconsolidated,0,Australia
404.45,7.95,0.305,36.87,895.9,0.353,2.01,2.42,-23.27846,118.626529,5.75,Alluvium_Unconsolidated,0,Australia
342.77,6.28,0.5,33.32,880.4,0.271,2.96,2.41,-23.097401,121.137516,4.94,Alluvium_Unconsolidated,0,Australia
358.88,5.19,0.281,31.58,1182.7,0.278,2.48,2.4,-22.667191,119.622394,5.76,Alluvium_Unconsolidated,0,Australia
362.88,7.96,0.484,36.9,897.1,0.293,1.75,1.85,-23.13679,118.623344,2.64,Alluvium_Unconsolidated,1,Australia
372.88,3.33,0.32,29.64,853.2,0.201,2.98,1.38,-22.011439,118.916397,5.66,Alluvium_Unconsolidated,0,Australia
366.38,3.64,0.36,29.87,929.8,0.343,2.43,1.45,-23.241294,121.259973,1.01,Alluvium_Unconsolidated,0,Australia
443.28,3.98,0.433,30.16,923.3,0.349,1.98,1.69,-22.363794,120.656385,4.67,Alluvium_Unconsolidated,0,Australia
441.94,2.3,0.495,29.12,990.8,0.214,2.83,2.31,-21.179085,121.37481,4.05,Alluvium_Unconsolidated,1,Australia
430.91,5.43,0.463,31.93,1031.0,0.355,2.13,1.32,-22.390233,118.364968,2.9,Alluvium_Unconsolidated,0,Australia
374.55,7.67,0.391,36.2,1221.1,0.201,2.16,1.51,-21.963492,120.085694,5.43,Alluvium_Unconsolidated,0,Australia
349.01,2.35,0.205,29.14,873.7,0.355,2.43,2.49,-21.493098,119.020778,4.14,Alluvium_Unconsolidated,0,Australia
380.27,8.0,0.35,36.99,1194.5,0.305,3.17,1.32,-21.362559,121.744019,5.79,Alluvium_Unconsolidated,1,Australia
319.58,7.71,0.446,36.31,1219.3,0.224,3.08,1.44,-23.002757,121.811351,2.23,Alluvium_Unconsolidated,0,Australia
361.2,1.55,0.263,29.0,1125.5,0.334,2.0,2.23,-21.424859,118.204347,1.43,Alluvium_Unconsolidated,0,Australia
335.88,7.97,0.472,36.93,899.0,0.277,2.66,2.5,-21.772371,118.618569,5.45,Alluvium_Unconsolidated,0,Australia
408.64,2.07,0.453,29.06,1114.1,0.263,1.83,2.5,-21.287227,118.224492,5.01,Alluvium_Unconsolidated,0,Australia
319.2,7.18,0.243,35.11,1128.7,0.354,1.97,1.48,-21.597289,121.609803,1.17,Alluvium_Unconsolidated,0,Australia
323.3,5.72,0.461,32.38,1170.7,0.23,3.13,1.3,-23.017377,119.596429,3.9,Alluvium_Unconsolidated,0,Australia
451.25,7.99,0.386,36.99,1043.9,0.337,3.07,1.37,-22.329564,119.370338,5.27,Alluvium_Unconsolidated,0,Australia
442.67,3.9,0.355,30.09,924.7,0.203,2.81,2.5,-21.051843,120.653336,5.77,Alluvium_Unconsolidated,1,Australia
375.09,7.85,0.388,36.65,932.7,0.201,2.3,2.2,-21.965795,118.54221,5.74,Alluvium_Unconsolidated,0,Australia
406.75,4.74,0.261,30.99,1049.8,0.359,1.66,1.65,-23.311599,120.428004,1.26,Alluvium_Unconsolidated,0,Australia
441.79,4.67,0.384,30.9,1052.2,0.201,2.79,2.18,-21.071788,118.329695,1.5,Alluvium_Unconsolidated,0,Australia
409.79,1.81,0.496,29.02,862.6,0.215,2.54,1.38,-21.182849,118.976003,5.67,Alluvium_Unconsolidated,0,Australia
343.71,5.09,0.496,31.44,1040.7,0.281,2.19,1.34,-23.114089,118.348807,5.29,Alluvium_Unconsolidated,0,Australia
312.02,3.95,0.334,30.13,1176.1,0.202,1.94,2.49,-22.922751,118.105947,5.8,Alluvium_Unconsolidated,0,Australia
424.82,2.77,0.463,29.31,1001.5,0.355,1.64,1.36,-22.390648,121.393282,5.8,Alluvium_Unconsolidated,0,Australia
413.45,7.93,0.436,36.84,1071.4,0.271,3.01,2.23,-21.301968,119.416312,5.58,Alluvium_Unconsolidated,0,Australia
325.17,7.92,0.247,36.8,851.4,0.202,3.17,1.35,-22.857721,120.911615,4.49,Alluvium_Unconsolidated,1,Australia
425.78,7.14,0.495,35.02,1126.2,0.214,1.62,2.4,-21.179644,119.510831,4.75,Alluvium_Unconsolidated,0,Australia
433.19,7.76,0.23,36.43,854.1,0.328,3.2,1.33,-23.469729,121.018829,3.14,Alluvium_Unconsolidated,1,Australia
323.81,7.71,0.367,36.3,1219.4,0.206,3.19,1.32,-22.944727,121.811777,3.56,Alluvium_Unconsolidated,0,Australia
333.02,3.78,0.481,29.98,1172.8,0.241,2.93,2.33,-23.039587,118.112954,1.44,Alluvium_Unconsolidated,0,Australia
437.5,3.66,0.217,29.88,929.5,0.335,1.67,2.45,-23.452786,120.643318,1.44,Alluvium_Unconsolidated,0,Australia
444.18,5.81,0.382,32.52,1247.7,0.336,1.83,2.34,-22.327024,121.948033,5.68,Alluvium_Unconsolidated,0,Australia
356.31,7.19,0.462,35.12,864.2,0.214,3.12,1.3,-21.906343,121.077679,3.65,Alluvium_Unconsolidated,0,Australia
434.28,6.43,0.431,33.59,1099.9,0.348,2.72,1.33,-22.362175,121.559027,3.25,Alluvium_Unconsolidated,0,Australia
452.55,7.99,0.244,36.98,913.9,0.322,3.0,2.29,-23.483424,118.582833,5.15,Alluvium_Unconsolidated,0,Australia
389.07,2.54,0.424,29.2,1242.6,0.276,1.75,1.33,-21.311444,119.813371,5.43,Alluvium_Unconsolidated,0,Australia
441.31,6.9,0.211,34.51,869.3,0.264,2.69,1.43,-22.185885,120.803522,5.56,Alluvium_Unconsolidated,0,Australia
327.79,8.0,0.254,37.0,1053.0,0.201,3.08,2.35,-22.864171,119.385442,3.11,Alluvium_Unconsolidated,0,Australia
424.11,2.22,0.426,29.1,989.0,0.2,3.2,1.97,-21.101938,121.371688,5.63,Alluvium_Unconsolidated,0,Australia
349.72,2.81,0.497,29.33,879.0,0.278,2.75,2.39,-23.110393,119.038699,5.69,Alluvium_Unconsolidated,0,Australia
335.38,3.97,0.202,30.16,1070.0,0.231,3.07,2.47,-22.759005,118.299943,2.43,Alluvium_Unconsolidated,0,Australia
454.21,8.0,0.413,37.0,909.4,0.2,1.62,2.38,-21.092055,118.59325,3.9,Alluvium_Unconsolidated,0,Australia
342.05,7.43,0.235,35.65,871.5,0.344,3.09,1.59,-21.450335,118.700846,5.64,Alluvium_Unconsolidated,0,Australia
333.73,6.78,0.207,34.28,871.4,0.237,3.01,1.67,-22.745673,120.795563,2.32,Alluvium_Unconsolidated,0,Australia
321.7,5.19,0.5,31.58,900.4,0.267,1.95,1.6,-23.089195,120.709496,1.0,Alluvium_Unconsolidated,0,Australia
333.77,3.9,0.481,30.09,1028.2,0.241,2.96,1.49,-23.040046,120.464106,5.71,Alluvium_Unconsolidated,0,Australia
341.38,7.13,0.215,35.0,865.2,0.359,2.3,2.2,-21.565723,118.725929,1.62,Alluvium_Unconsolidated,0,Australia
404.25,2.33,0.472,29.13,991.6,0.347,2.29,1.38,-22.524125,121.376085,3.65,Alluvium_Unconsolidated,0,Australia
409.07,3.8,0.457,30.0,892.5,0.341,2.07,1.39,-22.539584,119.078387,5.64,Alluvium_Unconsolidated,0,Australia
326.35,7.6,0.377,36.04,876.5,0.319,1.68,2.48,-21.694848,118.683533,3.69,Alluvium_Unconsolidated,0,Australia
446.0,4.39,0.335,30.58,850.2,0.322,1.61,2.39,-22.295057,118.872626,1.86,Alluvium_Unconsolidated,1,Australia
387.41,3.24,0.361,29.57,1246.4,0.301,1.64,1.49,-21.355543,119.840778,5.8,Alluvium_Unconsolidated,0,Australia
386.93,6.62,0.332,33.97,1241.8,0.311,2.23,2.11,-21.375014,120.000092,2.13,Alluvium_Unconsolidated,1,Australia
359.98,5.75,0.412,32.42,1248.0,0.204,3.03,1.41,-21.948288,121.95123,5.49,Alluvium_Unconsolidated,1,Australia
376.0,6.66,0.347,34.05,873.5,0.304,2.42,1.32,-22.621391,121.11452,5.8,Alluvium_Unconsolidated,1,Australia
339.7,3.6,0.204,29.84,930.6,0.36,2.59,1.5,-21.542655,120.640895,3.12,Alluvium_Unconsolidated,1,Australia
438.75,7.0,0.262,34.72,1237.0,0.295,3.07,2.45,-22.24251,120.025074,3.05,Alluvium_Unconsolidated,0,Australia
324.61,2.87,0.421,29.35,879.7,0.302,2.75,1.58,-21.726557,119.04083,3.51,Alluvium_Unconsolidated,1,Australia
331.27,7.88,0.203,36.72,852.0,0.216,2.86,1.31,-22.7956,120.904154,0.94,Alluvium_Unconsolidated,0,Australia
385.76,7.67,0.311,36.21,1220.9,0.352,1.75,2.48,-23.273825,121.816539,5.39,Alluvium_Unconsolidated,0,Australia
429.37,3.18,0.2,29.53,1161.0,0.352,1.61,1.43,-23.400276,118.137181,4.97,Alluvium_Unconsolidated,0,Australia
441.67,7.84,0.297,36.61,887.1,0.212,2.1,2.46,-21.012699,118.650573,5.24,Alluvium_Unconsolidated,0,Australia
438.36,7.52,0.302,35.86,1226.0,0.311,3.08,2.5,-22.272817,120.069245,3.11,Alluvium_Unconsolidated,0,Australia
332.6,7.82,0.261,36.56,1164.2,0.35,1.63,1.63,-21.61359,120.225046,5.8,Alluvium_Unconsolidated,0,Australia
437.95,7.85,0.355,36.63,1212.5,0.203,1.79,2.37,-21.052311,121.790998,3.15,Alluvium_Unconsolidated,0,Australia
411.24,4.9,0.225,31.19,1250.0,0.218,2.46,1.49,-22.089104,119.910837,3.99,Alluvium_Unconsolidated,1,Australia
437.77,7.96,0.488,36.9,1066.6,0.241,2.6,2.43,-21.245848,119.408278,5.28,Alluvium_Unconsolidated,1,Australia
433.52,7.95,0.495,36.87,850.9,0.235,2.84,1.3,-21.23231,120.919002,5.79,Alluvium_Unconsolidated,0,Australia
359.5,2.77,0.205,29.31,856.0,0.355,2.91,2.46,-21.49285,118.938473,1.24,Alluvium_Unconsolidated,0,Australia
308.84,7.88,0.213,36.7,1079.2,0.209,2.49,2.38,-22.818758,119.429308,3.79,Alluvium_Unconsolidated,0,Australia
403.49,7.3,0.305,35.38,862.2,0.353,1.65,1.9,-23.278118,121.068137,4.07,Alluvium_Unconsolidated,0,Australia
341.03,7.53,0.243,35.9,858.1,0.261,1.61,1.3,-22.698925,121.04648,1.99,Alluvium_Unconsolidated,0,Australia
327.51,2.92,0.21,29.38,855.2,0.36,3.2,2.5,-21.555773,118.932918,5.23,Alluvium_Unconsolidated,0,Australia
425.96,2.16,0.346,29.08,859.9,0.326,1.83,2.5,-22.302854,118.962482,3.49,Alluvium_Unconsolidated,0,Australia
452.71,7.96,0.338,36.89,1032.6,0.205,1.61,1.95,-21.040707,119.351512,5.73,Alluvium_Unconsolidated,0,Australia
407.37,3.76,0.481,29.97,1248.4,0.35,1.87,2.33,-22.513112,119.861982,1.43,Alluvium_Unconsolidated,1,Australia
423.34,7.52,0.201,35.85,955.2,0.248,2.11,1.49,-22.157331,118.497964,5.54,Alluvium_Unconsolidated,0,Australia
321.3,3.37,0.5,29.67,1213.7,0.265,3.13,1.71,-23.086113,119.700082,3.88,Alluvium_Unconsolidated,0,Australia
441.06,6.68,0.498,34.08,873.2,0.217,1.6,1.5,-21.188379,121.113633,5.25,Alluvium_Unconsolidated,0,Australia
399.39,7.35,0.391,35.47,963.7,0.319,1.63,2.4,-22.592084,118.481997,4.56,Alluvium_Unconsolidated,0,Australia
393.69,5.35,0.227,31.8,1202.5,0.36,1.62,1.33,-23.343644,118.044156,4.74,Alluvium_Unconsolidated,0,Australia
382.17,2.54,0.391,29.21,996.3,0.319,3.16,2.26,-22.591715,120.518378,4.29,Alluvium_Unconsolidated,0,Australia
370.96,5.04,0.256,31.37,914.2,0.267,3.03,1.54,-22.686982,119.131683,2.56,Alluvium_Unconsolidated,1,Australia
382.15,3.43,0.348,29.7,1166.0,0.345,2.4,1.4,-23.249449,118.12713,0.84,Alluvium_Unconsolidated,0,Australia
407.46,7.89,0.208,36.73,890.3,0.341,3.17,2.29,-23.437474,118.641719,4.42,Alluvium_Unconsolidated,0,Australia
348.31,7.56,0.202,35.95,857.7,0.357,2.65,2.49,-21.5027,121.043937,5.41,Alluvium_Unconsolidated,0,Australia
400.89,4.95,0.34,31.25,1187.6,0.301,2.91,2.47,-22.625939,119.633399,4.06,Alluvium_Unconsolidated,0,Australia
325.99,7.74,0.354,36.38,941.6,0.204,2.89,1.45,-22.936078,118.524303,4.19,Alluvium_Unconsolidated,0,Australia
334.66,6.16,0.424,33.11,1091.1,0.217,3.05,2.09,-22.984878,120.358746,5.38,Alluvium_Unconsolidated,0,Australia
442.35,6.35,0.426,33.45,1097.3,0.347,2.73,1.32,-22.358102,121.554474,3.32,Alluvium_Unconsolidated,0,Australia
384.09,7.74,0.314,36.38,882.0,0.352,1.77,2.47,-23.271823,118.66577,5.5,Alluvium_Unconsolidated,0,Australia
409.46,8.0,0.238,37.0,907.3,0.36,2.68,2.48,-23.331874,118.598039,2.46,Alluvium_Unconsolidated,1,Australia
383.88,5.41,0.311,31.89,1249.2,0.352,1.74,2.38,-23.273891,121.968112,2.52,Alluvium_Unconsolidated,0,Australia
391.85,7.97,0.308,36.92,1180.6,0.353,2.02,1.39,-23.275864,120.190614,5.72,Alluvium_Unconsolidated,0,Australia
413.52,2.28,0.21,29.11,1142.9,0.358,1.71,1.41,-23.367713,118.172393,5.64,Alluvium_Unconsolidated,0,Australia
374.45,7.03,0.371,34.78,969.2,0.312,1.75,1.55,-22.605274,119.241869,5.41,Alluvium_Unconsolidated,0,Australia
396.7,5.98,0.348,32.81,1014.5,0.2,1.6,2.46,-21.992612,118.392751,3.09,Alluvium_Unconsolidated,0,Australia
419.21,7.72,0.206,36.32,854.9,0.259,1.6,2.11,-22.177603,121.025169,5.22,Alluvium_Unconsolidated,0,Australia
413.33,7.16,0.441,35.07,864.6,0.201,1.72,1.3,-21.113945,121.079612,5.57,Alluvium_Unconsolidated,0,Australia
429.3,7.97,0.489,36.92,898.2,0.21,1.91,1.99,-21.167302,118.620565,5.79,Alluvium_Unconsolidated,0,Australia
329.19,7.52,0.495,35.85,1226.1,0.254,1.69,2.49,-23.065527,120.068803,1.75,Alluvium_Unconsolidated,1,Australia
415.14,4.41,0.482,30.61,914.9,0.35,3.03,1.36,-22.512309,121.227795,5.51,Alluvium_Unconsolidated,0,Australia
330.71,7.39,0.446,35.57,961.6,0.291,3.1,2.2,-21.74635,118.485895,5.03,Alluvium_Unconsolidated,0,Australia
407.12,5.3,0.42,31.73,1180.3,0.278,1.95,1.51,-21.314239,119.617135,1.03,Alluvium_Unconsolidated,0,Australia
439.92,5.73,0.299,32.39,1022.3,0.212,1.96,2.09,-21.014128,118.379564,5.79,Alluvium_Unconsolidated,0,Australia
323.42,4.69,0.293,30.93,907.4,0.2,2.09,2.38,-22.894655,119.116045,3.15,Alluvium_Unconsolidated,0,Australia
395.13,3.45,0.464,29.72,1166.4,0.344,2.99,1.3,-22.53293,118.126193,5.65,Alluvium_Unconsolidated,0,Australia
334.3,1.58,0.246,29.0,1128.2,0.354,3.2,1.48,-21.60005,118.199467,2.46,Alluvium_Unconsolidated,0,Australia
333.84,6.11,0.455,33.03,1089.6,0.287,3.17,1.94,-21.754278,121.541293,0.94,Alluvium_Unconsolidated,0,Australia
413.52,7.92,0.202,36.81,851.3,0.236,1.67,1.53,-22.132053,120.913071,3.81,Alluvium_Unconsolidated,0,Australia
370.55,6.3,0.461,33.36,1095.6,0.308,2.37,1.37,-23.164529,120.351103,5.8,Alluvium_Unconsolidated,0,Australia
316.78,7.43,0.26,35.65,860.0,0.351,1.78,2.34,-21.612538,121.057015,2.99,Alluvium_Unconsolidated,1,Australia
326.84,1.73,0.491,29.01,1131.4,0.262,1.77,1.47,-21.799676,118.193522,2.87,Alluvium_Unconsolidated,0,Australia
423.07,8.0,0.361,37.0,850.0,0.203,1.62,1.68,-21.056326,120.951195,5.77,Alluvium_Unconsolidated,0,Australia
359.35,2.14,0.315,29.08,1112.6,0.292,3.18,1.82,-22.643026,118.22716,3.94,Alluvium_Unconsolidated,0,Australia
316.53,2.25,0.35,29.11,859.3,0.327,2.71,2.1,-21.676811,118.958775,3.19,Alluvium_Unconsolidated,0,Australia
425.46,2.09,0.286,29.07,1138.9,0.215,3.03,1.41,-21.004638,118.179745,2.52,Alluvium_Unconsolidated,0,Australia
374.13,6.85,0.304,34.41,870.2,0.288,2.07,1.3,-22.650493,121.102492,5.13,Alluvium_Unconsolidated,0,Australia
446.52,3.59,0.483,29.82,1020.6,0.208,3.16,2.36,-21.156995,121.425739,5.8,Alluvium_Unconsolidated,0,Australia
446.33,7.39,0.325,35.56,1138.2,0.207,2.26,1.5,-21.031705,120.275511,5.68,Alluvium_Unconsolidated,0,Australia
422.57,6.45,0.497,33.63,856.5,0.232,1.66,1.34,-21.226262,118.771567,4.71,Alluvium_Unconsolidated,0,Australia
428.01,7.63,0.439,36.11,1222.5,0.201,1.62,2.04,-21.112432,121.821801,1.33,Alluvium_Unconsolidated,0,Australia
328.49,4.4,0.216,30.6,1197.7,0.359,3.08,1.8,-21.56689,119.6575,2.24,Alluvium_Unconsolidated,0,Australia
399.46,2.78,0.499,29.31,1098.3,0.228,2.6,2.45,-21.217662,118.252012,2.36,Alluvium_Unconsolidated,0,Australia
380.92,7.59,0.322,36.03,876.3,0.315,3.19,1.34,-21.381912,118.684069,4.92,Alluvium_Unconsolidated,0,Australia
434.13,4.09,0.498,30.27,1067.1,0.217,3.09,2.47,-21.187866,118.304752,5.61,Alluvium_Unconsolidated,0,Australia
358.45,6.7,0.48,34.13,957.3,0.221,2.38,1.76,-21.885779,119.219965,0.93,Alluvium_Unconsolidated,0,Australia
332.47,6.78,0.499,34.29,1139.9,0.238,2.52,2.48,-21.845889,119.535952,3.59,Alluvium_Unconsolidated,0,Australia
367.41,5.26,0.353,31.68,1063.9,0.306,2.4,2.15,-22.617446,121.498182,4.33,Alluvium_Unconsolidated,0,Australia
348.95,2.89,0.2,29.37,1095.8,0.359,2.55,1.62,-21.519503,118.256244,5.08,Alluvium_Unconsolidated,0,Australia
425.97,4.27,0.205,30.45,900.0,0.357,2.36,1.3,-23.378036,119.097731,5.79,Alluvium_Unconsolidated,0,Australia
425.56,4.83,0.461,31.11,1189.8,0.355,2.06,1.91,-22.388386,119.638541,1.97,Alluvium_Unconsolidated,0,Australia
362.72,5.76,0.489,32.44,1169.7,0.226,2.41,2.47,-21.872511,119.5944,4.3,Alluvium_Unconsolidated,1,Australia
341.21,6.59,0.225,33.9,874.8,0.251,2.88,1.84,-22.71824,120.783434,0.89,Alluvium_Unconsolidated,0,Australia
438.44,5.35,0.218,31.8,1066.4,0.27,1.95,1.95,-22.197713,120.400295,4.44,Alluvium_Unconsolidated,0,Australia
424.03,5.55,0.226,32.1,893.7,0.276,3.16,1.34,-22.207692,120.726734,4.35,Alluvium_Unconsolidated,0,Australia
330.17,7.28,0.498,35.32,1133.2,0.276,1.61,1.34,-23.105993,121.617851,3.76,Alluvium_Unconsolidated,0,Australia
335.1,4.24,0.471,30.42,918.2,0.235,2.94,2.4,-23.02779,121.23516,1.52,Alluvium_Unconsolidated,0,Australia
323.27,7.85,0.487,36.63,887.5,0.245,2.64,1.54,-23.048819,118.649422,5.43,Alluvium_Unconsolidated,0,Australia
441.53,2.93,0.201,29.38,1005.0,0.238,3.05,1.87,-22.136498,120.50336,2.64,Alluvium_Unconsolidated,0,Australia
439.82,5.99,0.49,32.81,1085.5,0.211,3.14,2.5,-21.169004,121.534425,3.97,Alluvium_Unconsolidated,0,Australia
334.71,3.31,0.375,29.62,1014.0,0.207,2.02,1.79,-22.950419,120.48802,1.66,Alluvium_Unconsolidated,1,Australia
440.1,7.96,0.408,36.89,1178.7,0.343,3.18,1.62,-22.345184,121.707913,4.67,Alluvium_Unconsolidated,0,Australia
325.81,2.9,0.207,29.37,1095.6,0.237,2.98,2.36,-22.745348,118.256596,3.46,Alluvium_Unconsolidated,1,Australia
327.8,2.18,0.496,29.09,859.8,0.254,2.82,2.49,-23.066759,118.961515,5.78,Alluvium_Unconsolidated,0,Australia
343.98,5.67,0.492,32.3,1024.0,0.229,2.2,2.34,-21.86655,118.376794,5.56,Alluvium_Unconsolidated,0,Australia
391.26,5.16,0.261,31.53,850.3,0.208,3.14,1.35,-22.054655,118.838402,1.25,Alluvium_Unconsolidated,0,Australia
429.9,5.79,0.205,32.48,1247.8,0.357,2.79,1.67,-23.377983,119.953429,3.76,Alluvium_Unconsolidated,0,Australia
314.18,7.58,0.412,36.0,951.6,0.306,2.85,2.15,-21.719528,118.504792,5.8,Alluvium_Unconsolidated,0,Australia
403.98,7.31,0.47,35.38,1118.5,0.254,2.28,2.11,-21.270403,119.497097,3.58,Alluvium_Unconsolidated,0,Australia
425.3,6.42,0.5,33.59,877.8,0.225,3.2,1.59,-21.209872,120.773494,3.27,Alluvium_Unconsolidated,0,Australia
383.39,7.09,0.438,34.92,864.6,0.27,2.45,1.3,-21.300085,118.728843,4.05,Alluvium_Unconsolidated,0,Australia
444.91,4.73,0.356,30.98,1050.5,0.203,2.61,2.1,-21.052839,118.332535,2.99,Alluvium_Unconsolidated,1,Australia
306.31,7.08,0.355,34.89,971.3,0.205,2.51,2.43,-22.936974,119.245689,1.66,Alluvium_Unconsolidated,0,Australia
354.47,4.25,0.213,30.43,918.1,0.352,3.07,2.34,-21.478354,121.234974,5.26,Alluvium_Unconsolidated,0,Australia
435.34,6.66,0.234,34.03,1108.0,0.327,2.21,2.5,-23.473124,121.572994,2.3,Alluvium_Unconsolidated,1,Australia
359.91,5.7,0.309,32.33,928.7,0.29,2.55,1.48,-22.646923,119.163286,3.44,Alluvium_Unconsolidated,0,Australia
420.94,5.51,0.463,32.05,851.1,0.258,1.75,1.34,-21.277642,118.821386,5.41,Alluvium_Unconsolidated,0,Australia
324.15,6.96,0.238,34.65,868.2,0.355,2.02,2.27,-21.592575,120.808154,5.73,Alluvium_Unconsolidated,0,Australia
319.11,7.69,0.256,36.25,855.4,0.201,3.19,1.32,-22.865897,120.873355,5.66,Alluvium_Unconsolidated,0,Australia
426.8,2.47,0.212,29.18,857.8,0.339,1.68,1.34,-23.444514,118.950219,4.93,Alluvium_Unconsolidated,0,Australia
326.91,5.51,0.284,32.05,1248.9,0.2,2.03,1.43,-22.887949,121.963057,1.76,Alluvium_Unconsolidated,0,Australia
441.05,7.83,0.225,36.59,1165.2,0.275,1.72,2.43,-22.206511,120.223071,5.23,Alluvium_Unconsolidated,0,Australia
338.9,7.34,0.36,35.45,1135.9,0.205,2.61,1.55,-22.940561,121.622887,5.53,Alluvium_Unconsolidated,0,Australia
423.28,4.25,0.496,30.43,899.6,0.36,1.61,1.71,-22.440452,119.096896,1.55,Alluvium_Unconsolidated,0,Australia
329.67,5.77,0.5,32.45,1078.8,0.265,3.13,1.55,-23.085682,120.379611,1.52,Alluvium_Unconsolidated,1,Australia
434.15,4.09,0.316,30.27,1067.1,0.209,2.53,1.88,-21.025742,118.304799,3.55,Alluvium_Unconsolidated,1,Australia
416.32,6.72,0.206,34.15,872.6,0.342,2.66,1.3,-23.433888,121.111169,5.45,Alluvium_Unconsolidated,0,Australia
422.15,7.91,0.499,36.78,927.4,0.358,2.54,2.16,-22.471786,118.553177,1.92,Alluvium_Unconsolidated,0,Australia
374.9,7.99,0.295,36.97,850.2,0.284,1.6,1.51,-22.656775,120.966216,2.8,Alluvium_Unconsolidated,0,Australia
355.71,6.02,0.356,32.87,1086.7,0.307,2.14,2.26,-22.615446,121.53641,2.62,Alluvium_Unconsolidated,0,Australia
323.36,2.48,0.23,29.18,857.7,0.253,2.76,1.3,-22.712586,118.949872,3.54,Alluvium_Unconsolidated,1,Australia
446.69,4.22,0.282,30.4,1249.5,0.216,2.26,2.02,-21.001464,119.880959,5.01,Alluvium_Unconsolidated,0,Australia
319.45,7.98,0.337,36.95,900.8,0.203,3.2,1.32,-22.9247,118.613987,2.38,Alluvium_Unconsolidated,1,Australia
367.97,5.98,0.388,32.8,935.7,0.201,1.63,1.99,-21.96525,119.177773,5.79,Alluvium_Unconsolidated,0,Australia
357.93,5.9,0.207,32.66,1247.3,0.355,1.65,2.41,-21.489637,119.958968,4.17,Alluvium_Unconsolidated,0,Australia
421.13,5.58,0.494,32.16,1248.6,0.36,2.7,2.49,-22.433659,121.959582,2.29,Alluvium_Unconsolidated,0,Australia
323.41,7.63,0.209,36.11,877.4,0.36,2.11,2.0,-21.555284,118.680312,3.04,Alluvium_Unconsolidated,0,Australia
440.51,7.63,0.2,36.12,1151.5,0.35,3.14,2.49,-23.408386,121.652346,5.77,Alluvium_Unconsolidated,0,Australia
413.05,2.13,0.477,29.08,1139.8,0.348,2.59,1.31,-22.518152,118.178096,5.21,Alluvium_Unconsolidated,0,Australia
434.41,1.57,0.344,29.0,1127.9,0.325,1.95,1.83,-22.301206,118.199915,4.2,Alluvium_Unconsolidated,0,Australia
404.78,2.21,0.459,29.09,1111.2,0.26,1.89,2.5,-21.281756,118.229665,4.61,Alluvium_Unconsolidated,0,Australia
323.65,3.2,0.486,29.55,1088.5,0.244,2.07,1.78,-23.046689,118.268689,5.65,Alluvium_Unconsolidated,0,Australia
402.86,4.02,0.46,30.2,1249.1,0.259,2.32,1.35,-21.280253,119.872745,1.41,Alluvium_Unconsolidated,0,Australia
377.12,3.73,0.324,29.94,1171.9,0.314,2.13,2.5,-21.380272,118.114774,2.53,Alluvium_Unconsolidated,1,Australia
387.35,4.56,0.308,30.77,905.1,0.353,3.16,1.47,-23.27608,119.11042,0.88,Alluvium_Unconsolidated,1,Australia
417.67,4.45,0.494,30.65,1042.1,0.236,2.85,2.49,-21.234019,121.461798,4.22,Alluvium_Unconsolidated,0,Australia
318.72,6.01,0.301,32.84,853.3,0.341,2.01,2.5,-21.644003,118.796369,3.76,Alluvium_Unconsolidated,1,Australia
362.92,7.61,0.455,36.08,1223.0,0.311,1.79,2.19,-23.170498,120.079409,5.59,Alluvium_Unconsolidated,0,Australia
443.37,7.95,0.234,36.87,850.9,0.326,2.98,1.53,-23.473603,120.91919,3.49,Alluvium_Unconsolidated,0,Australia
450.05,7.97,0.473,36.92,898.6,0.357,3.2,2.07,-22.4014,118.619638,5.45,Alluvium_Unconsolidated,0,Australia
337.7,4.3,0.491,30.48,1182.9,0.227,1.97,1.45,-21.869673,118.091087,5.79,Alluvium_Unconsolidated,0,Australia
405.3,1.94,0.225,29.04,1117.1,0.36,2.07,1.46,-23.346712,118.219336,3.32,Alluvium_Unconsolidated,0,Australia
350.57,7.45,0.494,35.71,859.6,0.284,2.28,2.48,-23.120111,121.054752,1.75,Alluvium_Unconsolidated,1,Australia
423.33,7.24,0.2,35.23,863.3,0.353,3.07,2.18,-23.396919,120.82906,2.36,Alluvium_Unconsolidated,1,Australia
328.69,3.03,0.499,29.45,1218.2,0.248,1.6,2.37,-21.825325,119.713647,3.04,Alluvium_Unconsolidated,0,Australia
423.66,5.71,0.473,32.36,1171.0,0.357,2.44,1.82,-22.401839,119.597021,4.57,Alluvium_Unconsolidated,0,Australia
401.13,3.92,0.221,30.11,851.1,0.22,3.12,1.6,-22.095192,118.892297,1.6,Alluvium_Unconsolidated,1,Australia
414.53,7.25,0.201,35.27,979.0,0.354,3.1,1.61,-23.393024,119.259469,2.02,Alluvium_Unconsolidated,0,Australia
410.43,7.93,0.2,36.83,1175.1,0.24,1.6,2.49,-22.140514,120.2025,2.3,Alluvium_Unconsolidated,0,Australia
339.79,7.74,0.498,36.37,1158.4,0.251,2.79,1.41,-21.819123,120.236878,5.75,Alluvium_Unconsolidated,0,Australia
453.98,5.35,0.48,31.81,1033.4,0.207,3.16,2.48,-21.154042,118.36104,4.32,Alluvium_Unconsolidated,0,Australia
326.22,5.05,0.376,31.39,1249.8,0.319,3.2,2.3,-21.694743,119.917657,2.71,Alluvium_Unconsolidated,0,Australia
432.71,6.56,0.474,33.85,952.5,0.251,3.1,2.41,-21.265472,119.210782,1.97,Alluvium_Unconsolidated,1,Australia
427.64,6.3,0.499,33.35,944.5,0.357,1.72,1.34,-22.475775,119.195244,2.29,Alluvium_Unconsolidated,0,Australia
445.4,4.93,0.356,31.23,912.1,0.203,2.56,1.35,-21.052937,119.126891,5.09,Alluvium_Unconsolidated,0,Australia
444.7,1.69,0.336,29.01,866.9,0.206,3.11,1.37,-21.039161,118.995123,5.01,Alluvium_Unconsolidated,0,Australia
333.48,5.28,0.209,31.71,919.3,0.36,2.24,2.02,-21.553979,119.143106,5.12,Alluvium_Unconsolidated,0,Australia
343.79,7.9,0.218,36.76,928.1,0.246,2.2,2.27,-22.727087,118.551762,3.1,Alluvium_Unconsolidated,0,Australia
388.47,5.13,0.382,31.49,916.0,0.201,1.61,1.86,-21.969367,119.135869,5.07,Alluvium_Unconsolidated,0,Australia
331.79,3.15,0.315,29.52,1010.3,0.337,3.19,1.3,-21.653392,121.408326,1.85,Alluvium_Unconsolidated,1,Australia
350.65,1.68,0.5,29.01,1130.3,0.241,1.61,1.63,-21.839909,118.195521,1.58,Alluvium_Unconsolidated,0,Australia
367.33,7.83,0.282,36.58,886.4,0.279,1.62,2.21,-22.666419,118.652573,5.76,Alluvium_Unconsolidated,0,Australia
413.52,1.73,0.499,29.01,863.3,0.36,1.87,2.09,-22.448286,118.979115,5.76,Alluvium_Unconsolidated,0,Australia
318.66,4.42,0.203,30.61,1185.1,0.216,1.66,2.05,-22.797379,118.086021,1.27,Alluvium_Unconsolidated,0,Australia
347.5,2.21,0.249,29.1,1240.5,0.202,1.84,1.3,-22.859549,119.800701,3.63,Alluvium_Unconsolidated,0,Australia
443.53,5.26,0.324,31.67,1200.9,0.319,1.6,2.37,-22.287898,118.048389,5.2,Alluvium_Unconsolidated,0,Australia
389.16,2.5,0.277,29.19,952.7,0.277,3.06,1.72,-22.670179,121.305571,2.56,Alluvium_Unconsolidated,1,Australia
394.69,8.0,0.441,37.0,1193.6,0.269,3.1,1.48,-21.297772,121.741862,3.39,Alluvium_Unconsolidated,0,Australia
450.06,3.37,0.371,29.66,886.2,0.202,3.0,1.3,-21.062472,119.060582,5.63,Alluvium_Unconsolidated,0,Australia
356.82,3.92,0.408,30.1,1071.4,0.203,1.64,2.42,-21.951132,118.297607,4.4,Alluvium_Unconsolidated,0,Australia
356.32,6.46,0.253,33.66,877.1,0.338,1.73,1.47,-21.432729,120.775674,2.45,Alluvium_Unconsolidated,1,Australia
317.73,7.47,0.486,35.74,1227.5,0.245,2.92,1.69,-23.047899,121.838793,4.0,Alluvium_Unconsolidated,0,Australia
433.78,7.72,0.392,36.32,1219.2,0.339,3.2,2.35,-22.333491,120.091722,5.39,Alluvium_Unconsolidated,0,Australia
443.5,5.82,0.373,32.54,931.8,0.202,2.39,1.46,-21.064184,119.169693,4.28,Alluvium_Unconsolidated,0,Australia
351.63,6.83,0.235,34.38,985.5,0.257,2.7,2.5,-22.70693,118.442769,5.57,Alluvium_Unconsolidated,0,Australia
407.01,5.57,0.449,32.13,851.3,0.338,3.19,2.18,-22.54728,118.818758,5.72,Alluvium_Unconsolidated,0,Australia
431.56,7.29,0.491,35.35,862.4,0.36,2.49,2.46,-22.426722,120.833473,5.75,Alluvium_Unconsolidated,0,Australia
332.61,7.79,0.481,36.49,853.6,0.271,2.51,1.73,-21.783067,121.015015,3.69,Alluvium_Unconsolidated,0,Australia
428.09,8.0,0.208,36.99,1044.4,0.26,1.83,1.97,-22.180116,119.371239,1.86,Alluvium_Unconsolidated,0,Australia
324.38,4.06,0.339,30.24,1249.2,0.33,3.2,2.45,-21.669555,119.874459,2.46,Alluvium_Unconsolidated,1,Australia
318.15,5.86,0.37,32.61,1167.2,0.321,1.72,2.14,-21.690494,119.589196,2.34,Alluvium_Unconsolidated,0,Australia
432.32,1.62,0.202,29.0,1233.7,0.252,3.08,1.4,-22.164363,119.768586,5.59,Alluvium_Unconsolidated,0,Australia
405.5,7.99,0.437,36.98,913.7,0.334,1.94,2.48,-22.557692,118.583227,4.26,Alluvium_Unconsolidated,0,Australia
389.98,7.46,0.381,35.74,859.3,0.294,2.99,1.98,-21.342254,121.053476,5.66,Alluvium_Unconsolidated,1,Australia
407.54,7.8,0.247,36.51,1215.3,0.36,2.23,2.5,-23.323511,121.799201,5.16,Alluvium_Unconsolidated,0,Australia
388.67,2.63,0.35,29.24,1150.0,0.2,2.68,2.2,-21.991328,118.15872,2.49,Alluvium_Unconsolidated,0,Australia
340.88,7.93,0.407,36.82,1174.6,0.213,3.11,2.49,-22.972331,120.20351,1.82,Alluvium_Unconsolidated,0,Australia
437.72,5.26,0.202,31.67,899.1,0.251,2.99,1.3,-22.162759,120.712672,5.65,Alluvium_Unconsolidated,0,Australia
354.07,4.44,0.469,30.63,902.9,0.304,2.77,2.01,-23.156518,119.105084,5.71,Alluvium_Unconsolidated,0,Australia
325.12,6.52,0.322,33.76,876.1,0.335,1.77,1.94,-21.658166,121.123669,2.91,Alluvium_Unconsolidated,0,Australia
322.6,7.68,0.275,36.23,1220.6,0.347,1.64,2.28,-21.624483,121.815473,5.8,Alluvium_Unconsolidated,0,Australia
321.61,5.74,0.316,32.4,1077.9,0.201,2.31,2.32,-22.910914,120.381099,3.82,Alluvium_Unconsolidated,0,Australia
353.75,6.2,0.237,33.19,1158.2,0.343,3.19,1.3,-21.448489,119.570988,3.7,Alluvium_Unconsolidated,0,Australia
431.21,7.76,0.36,36.42,882.7,0.203,1.83,2.33,-21.055433,118.663574,3.55,Alluvium_Unconsolidated,0,Australia
381.97,6.22,0.287,33.21,1092.9,0.281,2.52,2.43,-22.662986,121.547004,4.95,Alluvium_Unconsolidated,1,Australia
375.28,4.81,0.352,31.07,1051.5,0.344,3.19,1.42,-23.246253,121.477462,5.0,Alluvium_Unconsolidated,0,Australia
333.21,6.25,0.2,33.27,943.2,0.358,1.69,2.05,-21.512203,119.192736,4.94,Alluvium_Unconsolidated,0,Australia
426.28,2.83,0.497,29.34,1002.9,0.231,2.55,2.47,-21.224687,121.395674,1.95,Alluvium_Unconsolidated,1,Australia
423.52,5.68,0.21,32.31,1248.3,0.227,2.45,1.7,-22.11241,119.947956,4.07,Alluvium_Unconsolidated,0,Australia
324.15,7.42,0.461,35.63,1139.8,0.284,2.03,1.34,-21.760136,120.272502,1.7,Alluvium_Unconsolidated,0,Australia
338.95,3.28,0.2,29.6,1086.6,0.359,2.45,1.58,-21.518918,118.271966,4.59,Alluvium_Unconsolidated,0,Australia
448.52,7.59,0.308,36.01,1224.0,0.313,2.07,1.71,-22.277034,121.826509,5.65,Alluvium_Unconsolidated,0,Australia
336.03,7.95,0.498,36.88,922.4,0.276,1.7,1.52,-23.106435,118.564023,1.98,Alluvium_Unconsolidated,0,Australia
332.15,2.21,0.2,29.1,958.5,0.36,2.78,1.34,-21.526826,120.586088,1.65,Alluvium_Unconsolidated,1,Australia
424.69,2.7,0.213,29.27,948.5,0.266,2.69,2.42,-22.190912,121.297579,3.05,Alluvium_Unconsolidated,0,Australia
397.87,2.46,0.484,29.17,874.9,0.351,2.11,1.65,-22.508349,119.024917,5.55,Alluvium_Unconsolidated,0,Australia
439.01,5.1,0.279,31.46,1040.4,0.302,3.13,1.54,-22.255795,118.349372,5.75,Alluvium_Unconsolidated,0,Australia
406.48,7.57,0.449,35.99,857.4,0.265,2.63,1.7,-21.290984,121.042295,5.37,Alluvium_Unconsolidated,0,Australia
440.84,6.0,0.245,32.83,1214.5,0.321,2.85,1.4,-23.484082,118.011486,5.8,Alluvium_Unconsolidated,0,Australia
380.04,4.14,0.393,30.32,1034.2,0.319,2.46,1.86,-22.590651,121.448541,4.65,Alluvium_Unconsolidated,1,Australia
384.68,5.48,0.268,32.01,1070.4,0.273,2.3,2.23,-22.677456,120.393632,1.61,Alluvium_Unconsolidated,0,Australia
419.59,7.59,0.5,36.03,1149.2,0.223,1.88,2.2,-21.20544,120.254801,5.77,Alluvium_Unconsolidated,0,Australia
384.85,4.8,0.334,31.06,1250.0,0.31,1.75,1.77,-21.373504,119.906365,5.43,Alluvium_Unconsolidated,0,Australia
334.77,3.74,0.497,29.95,1248.3,0.278,2.53,2.35,-23.110017,119.860992,3.57,Alluvium_Unconsolidated,0,Australia
421.25,7.99,0.49,36.97,1184.8,0.239,2.82,1.78,-21.242073,121.721342,1.23,Alluvium_Unconsolidated,1,Australia
360.59,3.91,0.289,30.1,1205.8,0.282,2.87,2.29,-22.661367,119.678258,4.36,Alluvium_Unconsolidated,0,Australia
412.74,7.98,0.201,36.94,1182.2,0.238,1.65,1.38,-22.137572,121.715709,4.51,Alluvium_Unconsolidated,0,Australia
440.39,7.71,0.333,36.29,855.1,0.206,1.61,2.03,-21.037647,120.87587,4.96,Alluvium_Unconsolidated,0,Australia
328.86,4.32,0.499,30.5,1249.7,0.263,2.11,2.31,-23.08236,119.885251,5.54,Alluvium_Unconsolidated,0,Australia
340.96,4.68,0.447,30.91,1190.1,0.21,2.54,1.59,-21.920787,118.074675,3.47,Alluvium_Unconsolidated,0,Australia
450.56,6.65,0.311,34.02,1107.8,0.21,1.78,2.28,-21.022079,121.57273,5.53,Alluvium_Unconsolidated,0,Australia
383.74,7.82,0.492,36.57,935.5,0.238,3.01,1.95,-21.239141,118.536608,2.28,Alluvium_Unconsolidated,0,Australia
403.73,2.88,0.281,29.36,1220.1,0.205,3.08,1.45,-22.039313,119.719629,3.08,Alluvium_Unconsolidated,0,Australia
416.14,4.79,0.252,31.06,1048.8,0.359,2.99,1.69,-23.319315,118.335318,5.12,Alluvium_Unconsolidated,0,Australia
409.28,2.17,0.436,29.09,959.4,0.334,2.65,2.32,-22.55871,120.58447,2.68,Alluvium_Unconsolidated,1,Australia
441.81,2.7,0.466,29.27,1100.2,0.356,1.63,1.35,-22.393745,118.248832,5.79,Alluvium_Unconsolidated,0,Australia
446.29,4.43,0.364,30.63,1058.4,0.202,2.74,2.08,-21.058274,118.31937,1.99,Alluvium_Unconsolidated,1,Australia
393.36,6.63,0.356,33.99,874.0,0.303,2.39,1.32,-21.358751,120.786225,5.8,Alluvium_Unconsolidated,0,Australia
374.55,6.2,0.273,33.19,1245.4,0.275,2.62,1.35,-22.673074,119.975378,5.34,Alluvium_Unconsolidated,0,Australia
428.35,3.04,0.211,29.45,881.8,0.358,2.15,1.35,-23.366302,119.047554,5.41,Alluvium_Unconsolidated,0,Australia
357.35,6.89,0.43,34.51,1238.5,0.322,1.92,2.42,-23.191163,121.884721,4.24,Alluvium_Unconsolidated,0,Australia
344.76,1.82,0.495,29.02,1231.8,0.253,2.72,1.82,-23.064214,119.760896,2.15,Alluvium_Unconsolidated,0,Australia
350.02,3.53,0.473,29.78,1211.6,0.218,2.0,2.17,-21.894602,119.693972,5.76,Alluvium_Unconsolidated,0,Australia
390.27,7.49,0.288,35.8,858.8,0.204,1.63,1.32,-22.03367,120.852045,5.79,Alluvium_Unconsolidated,0,Australia
442.17,7.57,0.383,35.97,995.5,0.201,1.78,1.86,-21.07103,119.288591,2.35,Alluvium_Unconsolidated,0,Australia
421.24,2.79,0.216,29.32,878.8,0.336,1.61,1.31,-23.452159,119.037955,1.83,Alluvium_Unconsolidated,1,Australia
413.93,4.65,0.209,30.88,1250.0,0.341,1.91,1.58,-23.438965,119.899623,4.45,Alluvium_Unconsolidated,0,Australia
424.51,3.62,0.201,29.85,1021.4,0.354,2.03,1.87,-23.394992,121.427059,3.59,Alluvium_Unconsolidated,0,Australia
441.57,4.0,0.236,30.19,1204.4,0.325,2.21,2.19,-23.475619,119.674417,3.1,Alluvium_Unconsolidated,0,Australia
333.42,7.95,0.215,36.87,850.9,0.359,1.61,2.44,-21.565527,120.91927,1.89,Alluvium_Unconsolidated,0,Australia
435.27,7.97,0.311,36.92,1180.1,0.21,1.67,2.5,-21.022494,121.711051,1.48,Alluvium_Unconsolidated,0,Australia
345.16,4.62,0.253,30.85,911.0,0.266,2.43,1.53,-22.689666,121.21867,5.79,Alluvium_Unconsolidated,0,Australia
431.76,5.85,0.224,32.58,1211.8,0.275,1.77,2.49,-22.20584,118.019175,5.31,Alluvium_Unconsolidated,0,Australia
377.03,7.67,0.245,36.22,1220.8,0.34,2.16,2.49,-21.440261,120.086459,2.68,Alluvium_Unconsolidated,1,Australia
325.29,7.87,0.496,36.68,1211.0,0.233,3.12,2.32,-21.856189,121.786806,4.88,Alluvium_Unconsolidated,0,Australia
417.99,7.91,0.468,36.77,927.6,0.345,2.01,2.37,-22.528826,118.552785,3.76,Alluvium_Unconsolidated,0,Australia
359.9,1.53,0.431,29.0,1235.0,0.321,3.18,2.39,-23.19061,119.774234,5.78,Alluvium_Unconsolidated,0,Australia
380.42,7.81,0.352,36.54,853.3,0.2,2.78,1.34,-21.98974,121.011947,3.74,Alluvium_Unconsolidated,0,Australia
336.19,6.02,0.251,32.86,1013.5,0.352,2.49,1.35,-21.605274,118.394522,4.81,Alluvium_Unconsolidated,0,Australia
330.79,7.18,0.248,35.1,1233.9,0.353,2.01,2.3,-21.602395,120.038802,1.56,Alluvium_Unconsolidated,1,Australia
371.29,7.1,0.334,34.94,1127.7,0.2,3.04,2.28,-22.002092,119.513434,5.39,Alluvium_Unconsolidated,0,Australia
353.75,4.87,0.468,31.16,1053.3,0.216,1.74,2.36,-21.90059,121.48049,2.59,Alluvium_Unconsolidated,0,Australia
454.38,5.93,0.331,32.71,1213.2,0.206,2.81,1.3,-21.035952,118.015179,3.92,Alluvium_Unconsolidated,1,Australia
419.82,5.32,0.499,31.76,1249.4,0.22,1.67,1.32,-21.197202,121.972528,1.45,Alluvium_Unconsolidated,0,Australia
332.22,6.53,0.432,33.79,1148.4,0.22,3.15,1.35,-22.991503,119.552032,4.11,Alluvium_Unconsolidated,0,Australia
349.51,5.64,0.2,32.24,1248.4,0.224,1.62,1.32,-22.774019,121.956839,5.77,Alluvium_Unconsolidated,0,Australia
346.55,5.26,0.5,31.67,1181.3,0.265,3.18,1.47,-23.086194,119.619214,5.78,Alluvium_Unconsolidated,0,Australia
370.71,6.21,0.356,33.19,1158.1,0.302,2.65,1.47,-21.358609,119.570784,5.41,Alluvium_Unconsolidated,0,Australia
308.25,7.56,0.288,35.95,1147.3,0.344,2.09,1.74,-21.634309,121.644258,2.2,Alluvium_Unconsolidated,1,Australia
364.33,1.77,0.431,29.01,1120.8,0.206,1.85,2.13,-21.934095,118.21267,5.73,Alluvium_Unconsolidated,0,Australia
432.68,6.24,0.438,33.25,881.1,0.35,2.3,2.22,-22.368348,121.139732,3.75,Alluvium_Unconsolidated,1,Australia
346.54,7.97,0.264,36.92,850.6,0.271,1.75,1.54,-22.680522,120.926242,5.4,Alluvium_Unconsolidated,0,Australia
436.9,3.1,0.485,29.49,940.5,0.359,1.6,1.82,-22.417935,120.620856,2.19,Alluvium_Unconsolidated,0,Australia
428.52,3.82,0.5,30.02,1073.8,0.36,1.61,1.33,-22.455277,118.293547,5.06,Alluvium_Unconsolidated,0,Australia
429.83,2.64,0.241,29.24,998.4,0.285,2.91,2.04,-22.224089,121.387967,4.63,Alluvium_Unconsolidated,0,Australia
411.08,1.5,0.217,29.0,1234.7,0.359,1.9,2.35,-23.356888,119.773036,4.57,Alluvium_Unconsolidated,0,Australia
357.4,6.53,0.212,33.79,951.6,0.241,3.02,2.03,-22.736647,119.209086,2.42,Alluvium_Unconsolidated,1,Australia
430.74,1.75,0.498,29.01,1131.7,0.357,2.11,1.3,-22.477044,118.192997,2.34,Alluvium_Unconsolidated,0,Australia
347.06,7.65,0.2,36.17,947.4,0.224,2.89,2.19,-22.776185,118.5129,5.8,Alluvium_Unconsolidated,0,Australia
320.15,2.74,0.309,29.29,1221.9,0.339,2.84,2.37,-21.649393,119.725328,4.56,Alluvium_Unconsolidated,0,Australia
421.04,5.99,0.49,32.82,1014.3,0.36,1.99,1.44,-22.425055,118.393098,3.92,Alluvium_Unconsolidated,0,Australia
429.46,7.29,0.389,35.34,868.3,0.201,1.93,2.1,-21.075304,118.713271,4.32,Alluvium_Unconsolidated,0,Australia
313.1,2.18,0.224,29.09,1240.2,0.358,3.12,2.32,-21.577746,119.799371,4.91,Alluvium_Unconsolidated,1,Australia
381.61,5.66,0.385,32.27,1208.3,0.292,2.28,2.34,-21.339541,118.028937,3.62,Alluvium_Unconsolidated,0,Australia
329.74,6.71,0.216,34.15,1240.7,0.208,3.17,1.57,-22.823825,120.005928,1.04,Alluvium_Unconsolidated,1,Australia
427.93,7.88,0.5,36.71,1021.1,0.225,2.74,2.48,-21.210703,119.332219,5.67,Alluvium_Unconsolidated,0,Australia
339.75,8.0,0.498,37.0,1188.9,0.258,2.04,1.47,-23.072917,121.730778,4.99,Alluvium_Unconsolidated,0,Australia
448.46,7.19,0.221,35.14,976.3,0.272,2.7,2.26,-22.201553,119.254741,5.58,Alluvium_Unconsolidated,0,Australia
431.38,6.75,0.374,34.22,1111.4,0.334,3.1,1.3,-22.321356,121.578963,5.65,Alluvium_Unconsolidated,0,Australia
422.47,5.62,0.201,32.22,1025.6,0.237,2.68,2.0,-22.135527,118.374163,2.45,Alluvium_Unconsolidated,1,Australia
400.3,7.67,0.465,36.2,1221.1,0.257,3.2,1.95,-21.275551,120.085625,5.17,Alluvium_Unconsolidated,0,Australia
341.28,6.71,0.203,34.13,872.7,0.216,1.71,1.64,-22.797417,121.111769,5.17,Alluvium_Unconsolidated,0,Australia
402.36,8.0,0.493,36.99,1045.1,0.237,2.74,2.49,-21.237379,119.372369,5.67,Alluvium_Unconsolidated,1,Australia
340.1,6.59,0.2,33.91,953.5,0.226,3.16,2.19,-22.769816,119.212723,4.36,Alluvium_Unconsolidated,0,Australia
382.45,7.76,0.326,36.43,940.1,0.2,1.86,2.07,-22.007082,118.527344,3.84,Alluvium_Unconsolidated,0,Australia
412.23,6.08,0.445,32.97,884.0,0.337,3.13,1.41,-22.550536,121.148575,1.47,Alluvium_Unconsolidated,0,Australia
363.94,7.96,0.4,36.91,850.6,0.332,1.64,2.42,-23.213617,120.978196,4.32,Alluvium_Unconsolidated,0,Australia
321.48,7.13,0.383,35.01,1126.4,0.209,3.11,1.54,-22.955638,119.511167,3.6,Alluvium_Unconsolidated,0,Australia
392.37,7.54,0.358,35.9,874.5,0.307,2.06,2.3,-22.61442,118.690032,3.4,Alluvium_Unconsolidated,0,Australia
437.18,8.0,0.287,37.0,1192.6,0.215,1.85,1.3,-21.005256,120.163128,3.72,Alluvium_Unconsolidated,0,Australia
327.07,5.17,0.357,31.55,916.9,0.205,1.86,2.49,-22.938149,119.137871,4.79,Alluvium_Unconsolidated,0,Australia
382.95,7.84,0.366,36.62,1212.7,0.341,1.66,2.36,-23.237328,121.791763,4.6,Alluvium_Unconsolidated,0,Australia
418.56,7.83,0.223,36.59,886.6,0.219,1.85,1.35,-22.091862,118.651975,3.74,Alluvium_Unconsolidated,0,Australia
390.44,6.06,0.346,32.94,1088.0,0.346,1.74,1.32,-23.250612,120.364075,2.6,Alluvium_Unconsolidated,0,Australia
388.08,7.83,0.266,36.59,1213.5,0.207,1.66,1.98,-22.050203,120.108609,1.36,Alluvium_Unconsolidated,1,Australia
360.83,3.99,0.239,30.18,1249.0,0.342,1.71,1.99,-21.44567,119.871563,3.31,Alluvium_Unconsolidated,0,Australia
402.84,6.69,0.24,34.1,990.8,0.36,3.2,2.09,-23.330303,118.433555,5.59,Alluvium_Unconsolidated,1,Australia
425.88,4.49,0.299,30.7,1249.9,0.212,2.3,1.92,-21.013706,119.892931,4.83,Alluvium_Unconsolidated,0,Australia
417.63,7.64,0.201,36.14,1222.0,0.353,2.77,2.34,-23.396288,121.820138,1.68,Alluvium_Unconsolidated,0,Australia
416.24,4.09,0.203,30.27,1249.3,0.345,1.89,1.72,-23.425967,119.875849,4.59,Alluvium_Unconsolidated,0,Australia
430.93,5.64,0.316,32.25,892.0,0.209,2.09,2.46,-21.025735,120.731289,2.21,Alluvium_Unconsolidated,1,Australia
334.63,7.4,0.498,35.59,986.1,0.253,3.15,1.63,-21.816621,119.272147,5.8,Alluvium_Unconsolidated,0,Australia
381.35,1.88,0.318,29.03,1134.5,0.293,3.2,1.68,-22.641243,118.187893,2.34,Alluvium_Unconsolidated,1,Australia
390.35,7.98,0.252,36.94,899.9,0.21,1.9,1.52,-22.062129,118.616363,4.09,Alluvium_Unconsolidated,0,Australia
327.04,3.76,0.472,29.97,851.6,0.217,2.07,1.37,-21.8965,118.899038,2.05,Alluvium_Unconsolidated,1,Australia
336.45,7.93,0.5,36.84,1205.8,0.272,2.06,1.69,-23.098457,121.772647,5.08,Alluvium_Unconsolidated,0,Australia
434.19,6.48,0.39,33.69,1101.7,0.338,2.06,1.54,-22.332486,120.340571,5.67,Alluvium_Unconsolidated,0,Australia
405.26,8.0,0.282,37.0,850.0,0.204,2.0,1.35,-22.037961,120.955282,3.88,Alluvium_Unconsolidated,0,Australia
435.53,6.97,0.334,34.66,1237.4,0.206,1.79,1.41,-21.038196,120.022976,5.58,Alluvium_Unconsolidated,0,Australia
360.69,2.93,0.231,29.39,1005.0,0.345,1.95,1.92,-21.45415,121.39935,0.96,Alluvium_Unconsolidated,0,Australia
365.68,3.37,0.469,29.66,1015.4,0.304,3.13,1.32,-23.156038,120.485621,1.49,Alluvium_Unconsolidated,0,Australia
327.4,6.82,0.363,34.37,1114.3,0.285,3.12,2.4,-1.579532,13.504458,5.72,Alluvium_Unconsolidated,1,Gabon
323.67,6.96,0.266,34.64,1119.4,0.247,3.17,2.12,-1.51099,13.495387,4.42,Alluvium_Unconsolidated,1,Gabon
328.3,3.91,0.408,30.1,1028.6,0.302,3.16,2.42,-1.610775,13.649375,4.26,Alluvium_Unconsolidated,0,Gabon
328.62,6.33,0.229,33.41,1244.5,0.231,2.13,1.32,-1.477363,13.168278,2.9,Alluvium_Unconsolidated,0,Gabon
355.5,7.56,0.245,35.96,1224.7,0.2,3.09,1.51,-1.334635,13.259448,3.29,Alluvium_Unconsolidated,0,Gabon
334.57,8.0,0.206,37.0,1189.2,0.217,3.2,1.4,-1.442544,13.357054,5.39,Alluvium_Unconsolidated,0,Gabon
344.14,7.98,0.205,36.95,1182.6,0.203,2.96,1.31,-1.386636,13.371935,1.68,Alluvium_Unconsolidated,1,Gabon
332.73,4.37,0.205,30.56,1040.1,0.203,1.63,2.02,-1.387638,13.630085,4.22,Alluvium_Unconsolidated,0,Gabon
319.82,4.68,0.249,30.92,1250.0,0.24,1.65,1.41,-1.49652,13.086923,5.8,Alluvium_Unconsolidated,1,Gabon
385.43,3.18,0.375,29.53,1246.1,0.221,3.18,2.5,-1.239836,13.024378,5.76,Alluvium_Unconsolidated,0,Gabon
322.42,3.95,0.216,30.14,1029.6,0.224,1.98,2.37,-1.460325,13.647676,5.78,Alluvium_Unconsolidated,0,Gabon
319.61,5.65,0.482,32.26,1075.3,0.334,2.76,2.39,-1.677811,13.57124,3.58,Alluvium_Unconsolidated,0,Gabon
327.92,7.76,0.201,36.43,1217.0,0.212,3.15,1.3,-1.424909,13.284222,5.79,Alluvium_Unconsolidated,0,Gabon
308.52,7.46,0.317,35.73,1142.0,0.268,3.11,2.15,-1.548519,13.454318,5.69,Alluvium_Unconsolidated,0,Gabon
395.12,3.22,0.405,29.56,1011.8,0.23,2.82,1.45,-1.218776,13.677699,4.67,Alluvium_Unconsolidated,1,Gabon
334.38,1.98,0.202,29.04,983.8,0.205,1.65,2.36,-1.398527,13.725963,1.01,Alluvium_Unconsolidated,0,Gabon
376.49,7.94,0.368,36.84,1175.7,0.219,1.71,1.49,-1.244843,13.386992,5.12,Alluvium_Unconsolidated,0,Gabon
310.84,7.77,0.244,36.45,1160.6,0.238,3.2,1.76,-1.492284,13.418195,5.62,Alluvium_Unconsolidated,0,Gabon
341.91,4.98,0.204,31.3,1249.9,0.204,2.53,1.79,-1.390013,13.10044,1.79,Alluvium_Unconsolidated,1,Gabon
323.23,6.66,0.466,34.05,1241.3,0.326,1.84,1.74,-1.658966,13.188473,1.73,Alluvium_Unconsolidated,0,Gabon
375.18,3.08,0.302,29.47,1245.7,0.206,2.93,2.43,-1.289084,13.020408,4.75,Alluvium_Unconsolidated,0,Gabon
357.38,5.12,0.21,31.49,1060.1,0.202,1.67,1.85,-1.376993,13.596659,4.8,Alluvium_Unconsolidated,0,Gabon
314.43,7.93,0.393,36.83,1206.0,0.296,1.92,1.91,-1.599588,13.315318,4.37,Alluvium_Unconsolidated,0,Gabon
359.02,5.5,0.264,32.02,1248.9,0.202,3.15,2.05,-1.317643,13.124579,5.79,Alluvium_Unconsolidated,0,Gabon
335.0,6.09,0.2,32.99,1246.2,0.21,2.59,1.49,-1.41979,13.155028,2.27,Alluvium_Unconsolidated,0,Gabon
409.18,1.75,0.405,29.01,978.9,0.23,3.07,1.6,-1.21923,13.734733,2.38,Alluvium_Unconsolidated,0,Gabon
307.04,2.53,0.25,29.2,952.0,0.241,1.66,2.44,-1.498139,13.784249,4.62,Alluvium_Unconsolidated,0,Gabon
326.61,3.96,0.369,30.15,1029.8,0.287,3.04,2.47,-1.583791,13.647316,2.66,Alluvium_Unconsolidated,0,Gabon
338.85,7.74,0.257,36.36,1158.1,0.244,3.18,1.84,-1.5043,13.423291,5.75,Alluvium_Unconsolidated,0,Gabon
390.49,5.32,0.304,31.76,1065.6,0.207,1.73,1.45,-1.28762,13.587596,2.39,Alluvium_Unconsolidated,0,Gabon
342.86,6.4,0.2,33.55,1099.2,0.208,2.24,1.78,-1.411116,13.530778,5.12,Alluvium_Unconsolidated,0,Gabon
326.26,2.64,0.384,29.25,998.4,0.293,2.87,2.36,-1.593788,13.700467,0.8,Alluvium_Unconsolidated,1,Gabon
332.34,7.99,0.212,36.97,1197.6,0.222,3.17,1.39,-1.454611,13.336832,5.8,Alluvium_Unconsolidated,1,Gabon
371.75,7.52,0.261,35.87,1145.2,0.201,1.93,1.31,-1.320376,13.448181,5.8,Alluvium_Unconsolidated,1,Gabon
331.18,5.99,0.202,32.82,1246.8,0.205,2.77,1.59,-1.396364,13.149666,3.6,Alluvium_Unconsolidated,0,Gabon
330.75,2.33,0.401,29.13,956.0,0.299,2.53,2.09,-1.60547,13.776593,3.57,Alluvium_Unconsolidated,0,Gabon
354.67,7.98,0.212,36.96,1183.7,0.201,2.87,1.3,-1.373348,13.36944,0.82,Alluvium_Unconsolidated,1,Gabon
325.41,4.24,0.5,30.42,1036.7,0.351,2.72,2.02,-1.72561,13.635789,3.28,Alluvium_Unconsolidated,0,Gabon
326.29,5.78,0.245,32.47,1079.2,0.239,2.79,2.27,-1.493087,13.56478,1.57,Alluvium_Unconsolidated,0,Gabon
360.77,7.37,0.22,35.52,1137.3,0.2,2.2,1.39,-1.362098,13.462983,5.26,Alluvium_Unconsolidated,0,Gabon
307.59,7.13,0.478,35.0,1234.8,0.332,1.79,1.92,-1.672795,13.220921,2.29,Alluvium_Unconsolidated,0,Gabon
375.93,2.02,0.313,29.05,984.7,0.208,2.54,1.85,-1.281483,13.724445,5.69,Alluvium_Unconsolidated,0,Gabon
390.77,3.55,0.402,29.79,1247.7,0.229,3.19,2.5,-1.221312,13.039225,5.07,Alluvium_Unconsolidated,0,Gabon
293.07,5.86,0.322,32.6,1247.5,0.269,1.61,1.31,-1.551726,13.142822,5.67,Alluvium_Unconsolidated,0,Gabon
326.5,7.9,0.445,36.77,1172.0,0.317,2.03,2.33,-1.639214,13.394785,3.61,Alluvium_Unconsolidated,0,Gabon
331.83,1.68,0.257,29.01,969.6,0.244,1.79,2.47,-1.503717,13.751459,5.59,Alluvium_Unconsolidated,0,Gabon
344.58,7.77,0.203,36.43,1160.2,0.214,3.05,1.51,-1.432106,13.419017,2.7,Alluvium_Unconsolidated,0,Gabon
350.16,2.82,0.201,29.33,1002.5,0.213,1.63,2.37,-1.427843,13.693477,4.1,Alluvium_Unconsolidated,0,Gabon
385.98,6.28,0.424,33.32,1094.9,0.236,2.08,1.32,-1.205219,13.538009,5.17,Alluvium_Unconsolidated,0,Gabon
316.92,7.47,0.292,35.74,1227.4,0.258,2.13,1.42,-1.531186,13.249912,2.86,Alluvium_Unconsolidated,1,Gabon
321.07,7.98,0.204,36.94,1182.1,0.216,3.18,1.42,-1.437786,13.373135,4.82,Alluvium_Unconsolidated,1,Gabon
353.95,7.02,0.478,34.77,1122.0,0.36,1.61,2.25,-1.782199,13.490788,5.69,Alluvium_Unconsolidated,0,Gabon
338.33,7.3,0.497,35.37,1231.4,0.345,1.97,2.13,-1.707595,13.234701,1.2,Alluvium_Unconsolidated,1,Gabon
333.31,5.0,0.21,31.32,1249.9,0.22,1.98,1.53,-1.450239,13.101219,4.01,Alluvium_Unconsolidated,0,Gabon
378.32,6.48,0.345,33.71,1102.0,0.214,1.67,1.31,-1.260042,13.525971,1.4,Alluvium_Unconsolidated,0,Gabon
322.87,7.08,0.223,34.9,1235.6,0.2,3.2,1.55,-1.357492,13.217436,5.6,Alluvium_Unconsolidated,0,Gabon
317.09,4.2,0.441,30.38,1249.5,0.315,2.34,1.34,-1.635777,13.066188,3.98,Alluvium_Unconsolidated,0,Gabon
388.64,6.42,0.406,33.58,1099.6,0.23,1.93,1.31,-1.218466,13.530049,4.33,Alluvium_Unconsolidated,0,Gabon
330.46,6.72,0.218,34.16,1110.4,0.225,2.83,1.95,-1.462524,13.511325,1.19,Alluvium_Unconsolidated,0,Gabon
325.31,7.43,0.203,35.65,1140.3,0.215,2.89,1.63,-1.434266,13.457489,0.98,Alluvium_Unconsolidated,1,Gabon
308.96,5.88,0.318,32.63,1247.4,0.268,1.61,1.31,-1.54904,13.143861,5.72,Alluvium_Unconsolidated,0,Gabon
373.2,4.1,0.463,30.28,1033.3,0.36,2.07,1.65,-1.799289,13.641419,3.33,Alluvium_Unconsolidated,0,Gabon
331.29,7.99,0.283,36.98,1185.5,0.255,2.89,1.73,-1.524608,13.365508,4.49,Alluvium_Unconsolidated,0,Gabon
331.04,1.83,0.408,29.02,980.6,0.302,2.84,2.21,-1.610733,13.731767,1.1,Alluvium_Unconsolidated,0,Gabon
368.35,6.84,0.268,34.41,1239.1,0.202,3.16,1.79,-1.31418,13.200315,4.41,Alluvium_Unconsolidated,0,Gabon
413.19,7.42,0.422,35.64,1228.6,0.236,2.1,2.14,-1.206238,13.245433,5.57,Alluvium_Unconsolidated,0,Gabon
345.06,1.53,0.229,29.0,974.1,0.2,2.01,2.23,-1.350587,13.743283,4.82,Alluvium_Unconsolidated,0,Gabon
329.97,8.0,0.204,36.99,1195.2,0.215,3.2,1.36,-1.435487,13.342712,5.46,Alluvium_Unconsolidated,0,Gabon
315.5,1.69,0.29,29.01,969.4,0.257,1.98,2.43,-1.529676,13.751922,5.78,Alluvium_Unconsolidated,0,Gabon
337.79,3.09,0.225,29.48,1245.7,0.229,1.6,1.68,-1.472778,13.021032,5.62,Alluvium_Unconsolidated,0,Gabon
333.38,4.33,0.236,30.52,1249.7,0.235,1.65,1.48,-1.484399,13.07171,5.79,Alluvium_Unconsolidated,1,Gabon
324.57,5.98,0.395,32.8,1246.8,0.297,1.67,1.4,-1.600976,13.149223,3.88,Alluvium_Unconsolidated,0,Gabon
314.83,4.77,0.487,31.02,1050.5,0.337,2.92,2.27,-1.685263,13.612788,4.7,Alluvium_Unconsolidated,0,Gabon
330.83,5.75,0.499,32.42,1078.2,0.349,2.36,2.28,-1.718083,13.56645,1.11,Alluvium_Unconsolidated,1,Gabon
313.68,6.76,0.486,34.25,1240.1,0.337,2.0,1.88,-1.684726,13.195029,1.47,Alluvium_Unconsolidated,0,Gabon
315.34,3.8,0.202,30.0,1248.5,0.213,1.87,1.78,-1.429613,13.049328,4.74,Alluvium_Unconsolidated,0,Gabon
337.63,4.29,0.489,30.47,1038.0,0.339,2.99,2.19,-1.689437,13.633552,5.11,Alluvium_Unconsolidated,1,Gabon
361.44,2.98,0.494,29.41,1245.1,0.357,3.19,1.59,-1.755444,13.01638,1.59,Alluvium_Unconsolidated,0,Gabon
365.9,7.09,0.473,34.92,1235.5,0.36,2.81,2.38,-1.788455,13.217828,5.77,Alluvium_Unconsolidated,0,Gabon
318.76,5.28,0.213,31.71,1249.5,0.222,2.0,1.47,-1.45579,13.114357,3.82,Alluvium_Unconsolidated,0,Gabon
323.37,4.69,0.5,30.92,1250.0,0.35,2.98,1.69,-1.724201,13.087185,5.66,Alluvium_Unconsolidated,0,Gabon
331.07,4.64,0.392,30.87,1047.1,0.296,3.18,2.48,-1.59885,13.618334,4.71,Alluvium_Unconsolidated,0,Gabon
376.24,7.5,0.326,35.81,1143.9,0.21,1.65,1.31,-1.272886,13.450731,4.47,Alluvium_Unconsolidated,0,Gabon
339.39,7.1,0.48,34.94,1125.3,0.36,1.61,2.27,-1.780749,13.484969,5.65,Alluvium_Unconsolidated,0,Gabon
348.36,2.23,0.477,29.1,958.1,0.36,2.98,1.37,-1.783515,13.77277,5.06,Alluvium_Unconsolidated,0,Gabon
330.95,7.66,0.201,36.19,1153.2,0.212,2.95,1.53,-1.425584,13.432907,1.56,Alluvium_Unconsolidated,0,Gabon
311.4,4.5,0.468,30.71,1043.5,0.327,3.11,2.32,-1.661534,13.624371,5.69,Alluvium_Unconsolidated,1,Gabon
314.65,7.89,0.485,36.72,1209.9,0.337,1.61,2.25,-1.683408,13.304689,4.96,Alluvium_Unconsolidated,0,Gabon
365.44,7.15,0.348,35.04,1234.5,0.215,2.73,1.98,-1.258234,13.222158,2.04,Alluvium_Unconsolidated,1,Gabon
341.29,6.15,0.498,33.1,1090.8,0.347,2.28,2.35,-1.711944,13.545022,1.72,Alluvium_Unconsolidated,1,Gabon
356.87,5.86,0.474,32.59,1247.5,0.36,3.12,2.18,-1.787498,13.142704,4.84,Alluvium_Unconsolidated,1,Gabon
318.7,7.85,0.338,36.64,1167.0,0.276,2.8,2.05,-1.562791,13.405245,3.85,Alluvium_Unconsolidated,0,Gabon
311.93,5.08,0.257,31.43,1058.9,0.244,2.68,2.39,-1.503825,13.598665,2.43,Alluvium_Unconsolidated,0,Gabon
313.86,4.02,0.312,30.2,1031.2,0.266,2.78,2.5,-1.545519,13.644872,1.64,Alluvium_Unconsolidated,0,Gabon
331.65,4.27,0.454,30.45,1249.6,0.321,2.44,1.37,-1.647798,13.069093,4.52,Alluvium_Unconsolidated,0,Gabon
308.04,3.44,0.405,29.72,1247.3,0.301,2.27,1.3,-1.608042,13.034973,3.56,Alluvium_Unconsolidated,0,Gabon
407.09,3.25,0.429,29.58,1246.5,0.238,3.17,2.49,-1.201233,13.027292,4.53,Alluvium_Unconsolidated,0,Gabon
328.59,6.11,0.307,33.02,1246.1,0.264,1.65,1.31,-1.541634,13.156006,5.79,Alluvium_Unconsolidated,0,Gabon
337.13,2.27,0.2,29.11,990.3,0.208,1.61,2.37,-1.41013,13.714599,2.01,Alluvium_Unconsolidated,1,Gabon
348.15,7.88,0.482,36.72,1170.0,0.359,1.71,2.46,-1.776759,13.399129,3.31,Alluvium_Unconsolidated,0,Gabon
375.65,7.71,0.323,36.3,1156.3,0.21,1.72,1.34,-1.274862,13.42684,5.24,Alluvium_Unconsolidated,0,Gabon
351.96,3.61,0.486,29.84,1021.1,0.359,2.46,1.71,-1.771686,13.661876,1.24,Alluvium_Unconsolidated,0,Gabon
352.9,7.99,0.242,36.98,1185.7,0.2,2.58,1.31,-1.337066,13.364957,3.18,Alluvium_Unconsolidated,0,Gabon
341.15,2.58,0.439,29.22,1242.9,0.314,2.73,1.3,-1.634218,13.000885,5.64,Alluvium_Unconsolidated,1,Gabon
304.83,6.18,0.331,33.15,1245.6,0.273,1.61,1.33,-1.558346,13.160101,5.74,Alluvium_Unconsolidated,0,Gabon
334.57,7.38,0.334,35.55,1229.6,0.274,1.85,1.49,-1.560359,13.241717,4.85,Alluvium_Unconsolidated,0,Gabon
333.3,7.04,0.206,34.82,1236.2,0.217,2.75,1.33,-1.441296,13.214345,3.49,Alluvium_Unconsolidated,0,Gabon
372.01,6.41,0.307,33.57,1099.4,0.207,1.61,1.34,-1.285422,13.530346,1.88,Alluvium_Unconsolidated,0,Gabon
370.83,6.91,0.276,34.54,1117.5,0.203,1.66,1.34,-1.308059,13.498795,4.63,Alluvium_Unconsolidated,0,Gabon
307.38,2.75,0.365,29.3,947.5,0.285,2.19,2.14,-1.580506,13.792871,5.31,Alluvium_Unconsolidated,0,Gabon
342.2,3.02,0.253,29.44,1245.4,0.242,1.62,1.57,-1.500039,13.017986,4.61,Alluvium_Unconsolidated,0,Gabon
332.44,5.39,0.2,31.86,1249.2,0.207,2.49,1.65,-1.406018,13.119425,1.54,Alluvium_Unconsolidated,1,Gabon
381.81,7.21,0.412,35.18,1233.3,0.232,2.29,2.17,-1.214098,13.227332,4.91,Alluvium_Unconsolidated,0,Gabon
370.24,2.62,0.24,29.24,1243.1,0.2,2.39,2.33,-1.339279,13.002458,0.9,Alluvium_Unconsolidated,1,Gabon
378.72,8.0,0.326,37.0,1190.3,0.21,2.05,1.48,-1.272662,13.354333,5.69,Alluvium_Unconsolidated,0,Gabon
315.41,7.96,0.23,36.91,1179.4,0.231,3.18,1.57,-1.477682,13.379014,5.78,Alluvium_Unconsolidated,0,Gabon
316.86,7.77,0.366,36.44,1216.7,0.286,1.91,1.71,-1.581382,13.285127,4.47,Alluvium_Unconsolidated,0,Gabon
350.29,7.85,0.471,36.63,1212.6,0.36,2.35,2.49,-1.790969,13.297244,4.04,Alluvium_Unconsolidated,0,Gabon
390.03,6.83,0.406,34.38,1114.6,0.23,1.8,1.33,-1.218662,13.503999,3.29,Alluvium_Unconsolidated,0,Gabon
390.98,6.66,0.36,34.04,1241.4,0.218,2.85,2.14,-1.25002,13.188157,0.97,Alluvium_Unconsolidated,1,Gabon
315.63,7.75,0.385,36.4,1217.6,0.293,1.81,1.76,-1.594294,13.282476,5.13,Alluvium_Unconsolidated,0,Gabon
345.24,7.12,0.2,34.99,1234.9,0.209,2.98,1.36,-1.415747,13.220498,5.04,Alluvium_Unconsolidated,0,Gabon
352.01,7.25,0.496,35.25,1232.6,0.356,2.39,2.29,-1.750117,13.230214,4.26,Alluvium_Unconsolidated,0,Gabon
334.46,2.02,0.262,29.05,984.7,0.246,1.95,2.49,-1.5077,13.72451,5.8,Alluvium_Unconsolidated,0,Gabon
320.39,1.8,0.31,29.02,979.9,0.265,2.22,2.43,-1.544112,13.733024,5.19,Alluvium_Unconsolidated,0,Gabon
335.29,5.49,0.226,32.01,1248.9,0.2,2.96,1.87,-1.354273,13.124276,4.93,Alluvium_Unconsolidated,0,Gabon
376.34,7.05,0.306,34.84,1123.3,0.207,1.62,1.3,-1.286453,13.488472,3.83,Alluvium_Unconsolidated,0,Gabon
318.18,6.7,0.496,34.13,1240.9,0.344,2.2,1.96,-1.70416,13.191134,3.04,Alluvium_Unconsolidated,0,Gabon
358.16,7.42,0.474,35.64,1140.1,0.36,1.61,2.32,-1.787552,13.457875,4.87,Alluvium_Unconsolidated,1,Gabon
377.48,7.31,0.397,35.39,1231.3,0.227,2.34,2.09,-1.224737,13.235456,4.67,Alluvium_Unconsolidated,0,Gabon
338.25,6.5,0.367,33.74,1102.6,0.286,3.16,2.44,-1.582022,13.524856,5.8,Alluvium_Unconsolidated,1,Gabon
329.99,8.0,0.397,37.0,1189.0,0.298,2.14,2.07,-1.602409,13.357476,2.83,Alluvium_Unconsolidated,0,Gabon
326.38,7.41,0.411,35.62,1228.8,0.303,1.62,1.72,-1.612385,13.244853,5.76,Alluvium_Unconsolidated,0,Gabon
341.04,4.19,0.493,30.37,1249.5,0.357,3.19,1.77,-1.758423,13.065584,3.65,Alluvium_Unconsolidated,0,Gabon
332.32,5.84,0.41,32.56,1247.6,0.303,1.74,1.42,-1.612186,13.141598,2.83,Alluvium_Unconsolidated,0,Gabon
338.2,5.72,0.36,32.37,1077.3,0.284,3.2,2.49,-1.577793,13.567976,5.22,Alluvium_Unconsolidated,1,Gabon
344.0,5.29,0.387,31.72,1249.4,0.294,1.75,1.34,-1.596011,13.114833,2.72,Alluvium_Unconsolidated,0,Gabon
354.56,7.22,0.209,35.2,1233.0,0.202,3.17,1.44,-1.379711,13.228344,5.79,Alluvium_Unconsolidated,0,Gabon
361.52,3.9,0.463,30.09,1248.8,0.36,3.13,1.93,-1.799661,13.05364,1.45,Alluvium_Unconsolidated,0,Gabon
331.03,2.46,0.486,29.18,994.5,0.337,3.2,1.96,-1.684453,13.707261,5.61,Alluvium_Unconsolidated,0,Gabon
351.87,4.78,0.2,31.04,1250.0,0.21,2.21,1.69,-1.417358,13.091432,2.29,Alluvium_Unconsolidated,0,Gabon
345.05,6.84,0.499,34.4,1114.9,0.354,1.81,2.36,-1.740673,13.503375,5.09,Alluvium_Unconsolidated,1,Gabon
347.97,2.82,0.261,29.33,946.0,0.246,1.66,2.4,-1.507564,13.795757,4.7,Alluvium_Unconsolidated,0,Gabon
371.89,3.49,0.277,29.75,1247.5,0.203,2.88,2.35,-1.307561,13.036937,4.39,Alluvium_Unconsolidated,0,Gabon
320.23,7.99,0.483,36.98,1197.0,0.336,1.61,2.33,-1.680434,13.338235,5.69,Alluvium_Unconsolidated,0,Gabon
320.47,5.43,0.253,31.93,1068.9,0.242,2.75,2.34,-1.500706,13.581988,1.85,Alluvium_Unconsolidated,0,Gabon
337.48,6.47,0.458,33.67,1101.3,0.323,2.74,2.5,-1.651234,13.527107,3.4,Alluvium_Unconsolidated,1,Gabon
319.98,1.88,0.4,29.03,965.5,0.299,2.63,2.15,-1.605052,13.758939,2.82,Alluvium_Unconsolidated,0,Gabon
332.35,7.0,0.201,34.72,1121.1,0.206,2.41,1.62,-1.40393,13.492444,4.27,Alluvium_Unconsolidated,0,Gabon
306.14,7.24,0.287,35.24,1131.4,0.256,3.2,2.12,-1.527131,13.47376,5.57,Alluvium_Unconsolidated,0,Gabon
336.66,7.84,0.269,36.6,1165.7,0.249,3.12,1.83,-1.513898,13.407908,5.74,Alluvium_Unconsolidated,0,Gabon
355.64,7.95,0.232,36.87,1177.2,0.2,2.56,1.3,-1.346809,13.38379,3.36,Alluvium_Unconsolidated,0,Gabon
376.26,3.22,0.425,29.56,1012.0,0.236,2.93,1.4,-1.204394,13.67734,3.92,Alluvium_Unconsolidated,0,Gabon
323.57,7.86,0.497,36.65,1212.0,0.345,1.69,2.32,-1.706375,13.298983,3.54,Alluvium_Unconsolidated,0,Gabon
392.07,7.12,0.365,34.97,1235.0,0.219,2.64,2.05,-1.246376,13.219962,2.78,Alluvium_Unconsolidated,1,Gabon
349.21,4.48,0.5,30.68,1249.9,0.353,3.08,1.7,-1.734025,13.078106,5.25,Alluvium_Unconsolidated,0,Gabon
320.9,3.35,0.418,29.65,1246.9,0.306,2.39,1.3,-1.61761,13.031233,4.27,Alluvium_Unconsolidated,0,Gabon
306.42,2.74,0.339,29.29,1000.7,0.276,2.63,2.44,-1.563242,13.696675,2.84,Alluvium_Unconsolidated,1,Gabon
323.91,2.68,0.426,29.26,949.0,0.309,2.62,1.95,-1.623971,13.78999,2.94,Alluvium_Unconsolidated,0,Gabon
329.8,3.06,0.332,29.46,1245.5,0.273,1.93,1.38,-1.559063,13.019511,0.82,Alluvium_Unconsolidated,0,Gabon
341.1,5.15,0.49,31.52,1249.7,0.358,3.12,1.95,-1.763724,13.108138,4.88,Alluvium_Unconsolidated,1,Gabon
307.35,6.76,0.382,34.23,1240.3,0.292,1.6,1.48,-1.59235,13.194461,5.54,Alluvium_Unconsolidated,0,Gabon
391.44,7.76,0.405,36.43,1217.0,0.23,1.99,1.95,-1.218987,13.284236,5.77,Alluvium_Unconsolidated,0,Gabon
347.38,7.83,0.226,36.59,1213.4,0.2,3.07,1.38,-1.353877,13.294759,3.01,Alluvium_Unconsolidated,1,Gabon
316.8,7.98,0.359,36.95,1199.9,0.283,2.22,1.85,-1.576494,13.331242,2.23,Alluvium_Unconsolidated,0,Gabon
328.14,7.9,0.418,36.77,1208.5,0.306,1.77,1.97,-1.617848,13.308727,5.34,Alluvium_Unconsolidated,0,Gabon
321.88,5.27,0.455,31.68,1064.1,0.321,3.06,2.43,-1.647907,13.589998,5.51,Alluvium_Unconsolidated,0,Gabon
342.34,1.66,0.201,29.01,970.0,0.206,1.7,2.42,-1.402911,13.750792,1.92,Alluvium_Unconsolidated,1,Gabon
321.59,4.14,0.214,30.32,1034.2,0.223,2.0,2.34,-1.45748,13.639959,5.76,Alluvium_Unconsolidated,0,Gabon
323.97,7.95,0.214,36.87,1177.1,0.223,3.2,1.51,-1.45728,13.383975,5.29,Alluvium_Unconsolidated,0,Gabon
308.73,7.15,0.449,35.04,1234.5,0.319,1.64,1.78,-1.642693,13.222138,4.27,Alluvium_Unconsolidated,0,Gabon
333.1,7.05,0.496,34.83,1236.2,0.345,2.07,2.05,-1.70613,13.21465,2.08,Alluvium_Unconsolidated,0,Gabon
321.47,7.89,0.277,36.74,1170.9,0.252,3.06,1.82,-1.519779,13.397177,5.49,Alluvium_Unconsolidated,0,Gabon
321.99,7.32,0.49,35.42,1231.0,0.34,1.84,2.06,-1.691208,13.236533,1.71,Alluvium_Unconsolidated,0,Gabon
343.06,4.42,0.216,30.61,1249.8,0.201,2.59,1.99,-1.36694,13.075549,2.26,Alluvium_Unconsolidated,0,Gabon
331.91,6.63,0.201,33.99,1241.6,0.212,2.72,1.4,-1.425953,13.186652,3.29,Alluvium_Unconsolidated,0,Gabon
321.36,6.09,0.207,32.98,1088.7,0.218,2.45,2.01,-1.445348,13.548658,4.06,Alluvium_Unconsolidated,1,Gabon
375.18,6.55,0.259,33.83,1242.5,0.201,3.2,1.82,-1.321615,13.1814,5.27,Alluvium_Unconsolidated,0,Gabon
343.8,2.26,0.472,29.11,990.0,0.36,2.62,1.47,-1.789623,13.715144,2.52,Alluvium_Unconsolidated,1,Gabon
377.39,6.27,0.316,33.3,1094.5,0.209,1.63,1.34,-1.279789,13.538697,1.04,Alluvium_Unconsolidated,0,Gabon
341.99,5.2,0.496,31.59,1062.2,0.356,2.21,2.04,-1.752303,13.593264,2.31,Alluvium_Unconsolidated,1,Gabon
323.17,7.39,0.356,35.56,1229.5,0.282,1.76,1.55,-1.574806,13.242293,5.37,Alluvium_Unconsolidated,0,Gabon
375.17,7.61,0.259,36.06,1223.2,0.201,3.0,1.55,-1.321962,13.264517,2.19,Alluvium_Unconsolidated,0,Gabon
378.8,7.96,0.395,36.89,1203.2,0.227,1.85,1.77,-1.226104,13.322749,5.73,Alluvium_Unconsolidated,0,Gabon
363.52,8.0,0.496,37.0,1191.0,0.356,1.73,2.49,-1.750253,13.352736,3.02,Alluvium_Unconsolidated,0,Gabon
386.39,6.48,0.382,33.7,1101.8,0.223,1.79,1.3,-1.235262,13.526173,3.17,Alluvium_Unconsolidated,0,Gabon
336.78,7.46,0.5,35.73,1227.5,0.35,2.02,2.24,-1.722764,13.249514,1.6,Alluvium_Unconsolidated,0,Gabon
372.45,5.63,0.303,32.23,1248.5,0.207,3.2,2.16,-1.288254,13.131287,5.27,Alluvium_Unconsolidated,0,Gabon
311.13,6.8,0.352,34.32,1239.7,0.281,1.64,1.42,-1.572164,13.197541,5.8,Alluvium_Unconsolidated,0,Gabon
321.63,7.9,0.237,36.76,1208.6,0.235,2.9,1.42,-1.485906,13.308345,4.52,Alluvium_Unconsolidated,0,Gabon
347.23,3.08,0.225,29.47,1008.6,0.2,1.71,2.05,-1.35469,13.683038,2.14,Alluvium_Unconsolidated,0,Gabon
343.53,7.88,0.345,36.71,1169.6,0.278,2.73,2.06,-1.567342,13.4,3.35,Alluvium_Unconsolidated,0,Gabon
336.63,2.93,0.2,29.39,1005.1,0.208,1.61,2.31,-1.412476,13.68905,3.35,Alluvium_Unconsolidated,0,Gabon
352.95,4.0,0.495,30.19,1030.8,0.357,2.52,1.85,-1.75422,13.645697,1.73,Alluvium_Unconsolidated,1,Gabon
319.18,5.81,0.497,32.52,1247.7,0.346,2.57,1.8,-1.709474,13.140309,5.14,Alluvium_Unconsolidated,1,Gabon
341.61,3.55,0.232,29.79,1019.6,0.233,2.05,2.45,-1.480262,13.664413,5.67,Alluvium_Unconsolidated,0,Gabon
366.14,7.59,0.312,36.03,1149.2,0.208,1.72,1.31,-1.282555,13.440576,5.19,Alluvium_Unconsolidated,0,Gabon
355.73,6.67,0.205,34.07,1241.2,0.203,3.02,1.51,-1.388392,13.189119,5.28,Alluvium_Unconsolidated,0,Gabon
313.11,4.22,0.452,30.4,1036.2,0.32,3.19,2.34,-1.64557,13.636637,5.74,Alluvium_Unconsolidated,1,Gabon
341.75,7.84,0.447,36.6,1165.6,0.318,2.09,2.37,-1.641378,13.408118,3.18,Alluvium_Unconsolidated,0,Gabon
319.67,7.88,0.254,36.7,1169.4,0.242,3.15,1.74,-1.501026,13.400324,5.8,Alluvium_Unconsolidated,0,Gabon
323.5,4.3,0.499,30.49,1038.4,0.348,2.78,2.07,-1.716427,13.632923,3.73,Alluvium_Unconsolidated,0,Gabon
313.27,4.04,0.34,30.22,1031.6,0.276,2.93,2.49,-1.564034,13.644208,1.38,Alluvium_Unconsolidated,0,Gabon
316.51,2.62,0.462,29.24,950.2,0.325,2.9,1.81,-1.655387,13.787779,1.05,Alluvium_Unconsolidated,0,Gabon
310.2,7.14,0.48,35.02,1234.6,0.333,1.8,1.93,-1.675186,13.221743,2.16,Alluvium_Unconsolidated,0,Gabon
339.73,3.45,0.206,29.72,1247.3,0.217,1.73,1.77,-1.442571,13.035098,5.53,Alluvium_Unconsolidated,0,Gabon
392.2,3.28,0.402,29.6,1013.3,0.229,2.78,1.45,-1.221373,13.675026,4.87,Alluvium_Unconsolidated,0,Gabon
334.67,2.12,0.499,29.07,960.4,0.349,3.2,1.59,-1.718514,13.768381,5.44,Alluvium_Unconsolidated,0,Gabon
331.17,7.73,0.426,36.35,1157.7,0.309,2.35,2.35,-1.623844,13.42397,1.17,Alluvium_Unconsolidated,1,Gabon
368.83,2.77,0.283,29.31,947.1,0.204,2.76,2.19,-1.302687,13.793662,4.96,Alluvium_Unconsolidated,0,Gabon
339.67,7.6,0.2,36.04,1149.4,0.21,2.84,1.51,-1.41676,13.440262,1.07,Alluvium_Unconsolidated,0,Gabon
329.98,6.96,0.2,34.64,1119.4,0.207,2.41,1.63,-1.405711,13.495361,4.28,Alluvium_Unconsolidated,0,Gabon
311.81,6.99,0.435,34.7,1237.1,0.313,1.63,1.69,-1.631176,13.210335,4.46,Alluvium_Unconsolidated,0,Gabon
364.74,5.97,0.273,32.78,1246.9,0.203,3.2,2.0,-1.310177,13.148478,5.57,Alluvium_Unconsolidated,0,Gabon
321.74,5.66,0.461,32.27,1075.5,0.324,2.95,2.45,-1.65373,13.570931,4.86,Alluvium_Unconsolidated,0,Gabon
351.73,5.12,0.226,31.48,1249.8,0.2,2.88,1.94,-1.353456,13.106551,4.41,Alluvium_Unconsolidated,0,Gabon
337.9,7.81,0.295,36.53,1214.9,0.259,2.37,1.53,-1.533229,13.290504,1.05,Alluvium_Unconsolidated,0,Gabon
384.76,3.91,0.407,30.1,1248.8,0.23,3.17,2.5,-1.217815,13.054012,4.47,Alluvium_Unconsolidated,1,Gabon
308.76,4.78,0.408,31.03,1050.7,0.302,3.2,2.47,-1.610404,13.612384,5.32,Alluvium_Unconsolidated,0,Gabon
344.36,7.96,0.492,36.91,1202.4,0.358,1.92,2.49,-1.760859,13.324712,0.9,Alluvium_Unconsolidated,0,Gabon
363.31,7.89,0.239,36.73,1209.6,0.2,2.94,1.39,-1.339849,13.305611,1.49,Alluvium_Unconsolidated,0,Gabon
320.46,5.09,0.483,31.44,1059.3,0.335,2.89,2.33,-1.68028,13.598145,4.46,Alluvium_Unconsolidated,0,Gabon
329.47,5.88,0.201,32.63,1082.2,0.206,1.98,1.84,-1.401649,13.559656,5.78,Alluvium_Unconsolidated,0,Gabon
360.47,1.83,0.47,29.02,966.5,0.36,2.84,1.38,-1.792298,13.757212,4.14,Alluvium_Unconsolidated,0,Gabon
341.78,3.32,0.231,29.63,1014.2,0.232,1.99,2.46,-1.479021,13.673563,5.77,Alluvium_Unconsolidated,0,Gabon
340.44,5.65,0.205,32.26,1075.3,0.203,1.82,1.81,-1.387059,13.571354,5.66,Alluvium_Unconsolidated,0,Gabon
341.26,5.33,0.499,31.78,1249.4,0.354,2.95,1.86,-1.739158,13.116567,5.73,Alluvium_Unconsolidated,0,Gabon
332.02,2.01,0.255,29.05,962.8,0.243,1.73,2.46,-1.501858,13.763951,5.32,Alluvium_Unconsolidated,0,Gabon
353.07,4.18,0.495,30.36,1035.1,0.357,2.47,1.87,-1.754711,13.638414,1.34,Alluvium_Unconsolidated,1,Gabon
335.3,5.42,0.226,31.9,1249.2,0.2,2.95,1.89,-1.354217,13.1207,4.83,Alluvium_Unconsolidated,0,Gabon
339.92,2.07,0.211,29.06,961.5,0.202,1.93,2.38,-1.37587,13.766428,4.34,Alluvium_Unconsolidated,1,Gabon
315.84,7.09,0.324,34.91,1124.7,0.27,3.17,2.27,-1.553151,13.485955,5.8,Alluvium_Unconsolidated,1,Gabon
340.8,7.08,0.212,34.89,1235.6,0.221,2.66,1.31,-1.453229,13.217091,2.82,Alluvium_Unconsolidated,0,Gabon
317.01,5.65,0.464,32.26,1075.2,0.326,2.92,2.44,-1.657611,13.571415,4.7,Alluvium_Unconsolidated,0,Gabon
341.33,2.52,0.5,29.2,952.1,0.351,3.2,1.51,-1.728719,13.783981,5.44,Alluvium_Unconsolidated,0,Gabon
331.07,6.89,0.242,34.51,1238.5,0.238,2.22,1.3,-1.490874,13.203727,2.19,Alluvium_Unconsolidated,1,Gabon
323.39,7.16,0.273,35.07,1128.0,0.25,3.2,2.1,-1.51665,13.479954,5.13,Alluvium_Unconsolidated,0,Gabon
317.5,7.39,0.468,35.56,1229.4,0.327,1.66,1.94,-1.661341,13.242435,3.98,Alluvium_Unconsolidated,0,Gabon
334.85,5.54,0.276,32.09,1248.8,0.252,1.66,1.31,-1.519045,13.126664,5.78,Alluvium_Unconsolidated,0,Gabon
364.05,7.98,0.242,36.95,1199.8,0.2,2.78,1.35,-1.337162,13.331349,1.59,Alluvium_Unconsolidated,0,Gabon
392.0,7.46,0.407,35.73,1227.5,0.23,2.18,2.08,-1.217696,13.249521,5.33,Alluvium_Unconsolidated,0,Gabon
336.68,7.5,0.5,35.82,1226.4,0.35,1.99,2.25,-1.722275,13.253402,1.37,Alluvium_Unconsolidated,0,Gabon
330.98,5.36,0.231,31.81,1066.7,0.2,1.61,1.68,-1.348172,13.585744,3.64,Alluvium_Unconsolidated,0,Gabon
364.9,7.66,0.469,36.19,1153.3,0.36,1.68,2.36,-1.793462,13.432641,3.67,Alluvium_Unconsolidated,0,Gabon
348.94,3.68,0.481,29.9,1248.2,0.359,3.18,1.79,-1.778338,13.044666,1.29,Alluvium_Unconsolidated,1,Gabon
359.6,7.95,0.275,36.88,1203.7,0.251,2.7,1.56,-1.518584,13.32129,3.1,Alluvium_Unconsolidated,0,Gabon
337.26,7.68,0.499,36.23,1220.7,0.354,2.01,2.36,-1.737771,13.272698,1.57,Alluvium_Unconsolidated,1,Gabon
395.5,7.98,0.413,36.96,1199.0,0.232,1.72,1.8,-1.21311,13.333472,5.26,Alluvium_Unconsolidated,0,Gabon
344.71,7.72,0.2,36.34,1218.8,0.209,3.17,1.3,-1.413148,13.278664,5.79,Alluvium_Unconsolidated,0,Gabon
329.41,2.27,0.225,29.11,990.2,0.229,1.75,2.49,-1.471961,13.714713,5.41,Alluvium_Unconsolidated,0,Gabon
364.27,8.0,0.494,36.99,1194.9,0.357,1.8,2.49,-1.755804,13.343433,2.2,Alluvium_Unconsolidated,1,Gabon
352.23,5.73,0.233,32.39,1248.1,0.2,3.06,1.87,-1.346575,13.136393,5.48,Alluvium_Unconsolidated,0,Gabon
388.76,7.82,0.338,36.56,1164.3,0.213,1.73,1.38,-1.264733,13.410829,5.26,Alluvium_Unconsolidated,0,Gabon
387.54,7.87,0.397,36.69,1169.0,0.227,1.61,1.53,-1.22496,13.401072,3.63,Alluvium_Unconsolidated,0,Gabon
374.34,4.82,0.292,31.08,1051.7,0.205,1.77,1.54,-1.296035,13.610663,2.87,Alluvium_Unconsolidated,1,Gabon
335.86,6.75,0.231,34.22,1240.3,0.232,2.27,1.3,-1.479625,13.194031,1.84,Alluvium_Unconsolidated,0,Gabon
349.82,7.91,0.203,36.78,1172.8,0.204,2.91,1.35,-1.39409,13.393262,1.18,Alluvium_Unconsolidated,0,Gabon
369.31,7.19,0.301,35.14,1233.6,0.206,2.96,1.81,-1.290226,13.226023,1.75,Alluvium_Unconsolidated,0,Gabon
343.82,7.69,0.257,36.26,1155.2,0.201,2.05,1.3,-1.323239,13.42899,5.67,Alluvium_Unconsolidated,0,Gabon
323.12,2.99,0.225,29.42,1006.5,0.229,1.88,2.46,-1.472822,13.686691,5.77,Alluvium_Unconsolidated,0,Gabon
392.39,5.43,0.427,31.92,1068.7,0.237,2.38,1.3,-1.202978,13.582344,5.8,Alluvium_Unconsolidated,1,Gabon
393.32,6.76,0.307,34.24,1240.2,0.207,3.06,1.95,-1.285439,13.194668,2.89,Alluvium_Unconsolidated,1,Gabon
414.4,5.35,0.424,31.81,1249.3,0.236,2.87,2.46,-1.205207,13.117586,0.8,Alluvium_Unconsolidated,1,Gabon
357.06,7.65,0.465,36.16,1221.7,0.36,2.59,2.48,-1.797157,13.269326,5.21,Alluvium_Unconsolidated,0,Gabon
320.89,2.32,0.44,29.13,956.3,0.315,2.8,1.95,-1.635139,13.77603,1.48,Alluvium_Unconsolidated,0,Gabon
378.97,5.02,0.316,31.34,1249.9,0.209,3.2,2.28,-1.279453,13.101953,5.57,Alluvium_Unconsolidated,0,Gabon
332.03,7.4,0.498,35.59,1138.9,0.347,1.8,2.49,-1.713645,13.460029,5.16,Alluvium_Unconsolidated,0,Gabon
309.18,5.43,0.394,31.92,1068.7,0.296,3.2,2.5,-1.600243,13.582374,5.59,Alluvium_Unconsolidated,0,Gabon
354.17,6.8,0.222,34.32,1239.7,0.2,3.17,1.6,-1.358409,13.197595,5.79,Alluvium_Unconsolidated,0,Gabon
358.48,7.97,0.213,36.92,1180.4,0.201,2.81,1.3,-1.371064,13.376902,1.33,Alluvium_Unconsolidated,0,Gabon
367.32,7.85,0.243,36.63,1212.6,0.2,2.95,1.42,-1.336149,13.297278,1.63,Alluvium_Unconsolidated,1,Gabon
339.04,5.82,0.201,32.53,1080.3,0.212,2.18,1.97,-1.426578,13.562912,5.33,Alluvium_Unconsolidated,0,Gabon
328.91,3.58,0.289,29.82,1020.5,0.257,2.52,2.5,-1.528574,13.662967,3.64,Alluvium_Unconsolidated,0,Gabon
343.28,7.55,0.211,35.92,1146.5,0.221,3.06,1.67,-1.452075,13.445736,2.84,Alluvium_Unconsolidated,0,Gabon
373.35,5.42,0.326,31.9,1068.4,0.21,1.79,1.4,-1.272938,13.582794,3.17,Alluvium_Unconsolidated,0,Gabon
311.58,7.99,0.476,36.97,1197.8,0.332,1.62,2.29,-1.671019,13.336464,5.78,Alluvium_Unconsolidated,0,Gabon
360.65,6.96,0.272,34.65,1237.5,0.202,3.14,1.78,-1.311415,13.208466,3.96,Alluvium_Unconsolidated,0,Gabon
393.41,1.96,0.382,29.04,963.9,0.223,3.08,1.77,-1.235246,13.761983,2.23,Alluvium_Unconsolidated,1,Gabon
323.98,3.24,0.264,29.57,1012.4,0.247,2.25,2.5,-1.509945,13.676655,5.06,Alluvium_Unconsolidated,1,Gabon
340.73,6.07,0.299,32.95,1088.1,0.261,3.13,2.37,-1.535993,13.549706,3.79,Alluvium_Unconsolidated,1,Gabon
354.61,3.27,0.231,29.59,1246.5,0.2,2.47,2.23,-1.348024,13.027853,1.31,Alluvium_Unconsolidated,0,Gabon
335.06,3.28,0.479,29.6,1013.2,0.36,2.45,1.62,-1.781724,13.675303,1.16,Alluvium_Unconsolidated,0,Gabon
346.02,7.82,0.5,36.57,1214.0,0.35,1.81,2.36,-1.723778,13.293,2.08,Alluvium_Unconsolidated,0,Gabon
334.8,5.46,0.2,31.97,1069.7,0.208,1.95,1.96,-1.411522,13.58066,5.8,Alluvium_Unconsolidated,0,Gabon
336.84,6.73,0.498,34.18,1240.6,0.346,2.25,2.0,-1.710337,13.192722,3.38,Alluvium_Unconsolidated,0,Gabon
361.5,6.0,0.238,32.84,1086.1,0.2,1.65,1.55,-1.340755,13.553104,4.45,Alluvium_Unconsolidated,0,Gabon
335.25,7.54,0.287,35.9,1146.1,0.256,3.17,2.03,-1.527507,13.446552,5.8,Alluvium_Unconsolidated,0,Gabon
331.01,7.5,0.391,35.81,1226.6,0.295,1.68,1.68,-1.598195,13.252826,5.73,Alluvium_Unconsolidated,0,Gabon
327.64,2.63,0.489,29.24,998.2,0.339,3.18,1.96,-1.689597,13.700846,5.75,Alluvium_Unconsolidated,0,Gabon
314.44,4.39,0.245,30.58,1249.8,0.239,1.63,1.45,-1.492887,13.074149,5.8,Alluvium_Unconsolidated,0,Gabon
328.44,6.72,0.252,34.16,1240.7,0.242,2.07,1.3,-1.499906,13.192143,3.34,Alluvium_Unconsolidated,0,Gabon
327.32,1.56,0.364,29.0,974.8,0.285,2.5,2.3,-1.580069,13.741977,3.71,Alluvium_Unconsolidated,0,Gabon
341.98,3.88,0.202,30.07,1248.8,0.214,1.87,1.76,-1.431968,13.052809,4.74,Alluvium_Unconsolidated,0,Gabon
323.23,6.57,0.466,33.87,1242.3,0.326,1.87,1.72,-1.658958,13.182742,1.44,Alluvium_Unconsolidated,0,Gabon
329.7,5.97,0.274,32.78,1085.0,0.251,3.02,2.33,-1.517963,13.554884,2.36,Alluvium_Unconsolidated,0,Gabon
318.41,7.75,0.468,36.39,1217.8,0.328,1.6,2.08,-1.661794,13.281627,5.2,Alluvium_Unconsolidated,1,Gabon
331.4,7.87,0.493,36.69,1210.8,0.342,1.64,2.29,-1.696798,13.302314,4.23,Alluvium_Unconsolidated,0,Gabon
338.27,2.6,0.207,29.23,997.7,0.203,1.65,2.24,-1.382612,13.701762,1.0,Alluvium_Unconsolidated,1,Gabon
320.38,7.32,0.353,35.42,1231.0,0.281,1.75,1.53,-1.572892,13.236603,5.43,Alluvium_Unconsolidated,0,Gabon
318.93,2.42,0.476,29.16,993.6,0.331,3.2,2.02,-1.67001,13.70884,5.16,Alluvium_Unconsolidated,0,Gabon
383.62,7.92,0.391,36.79,1207.5,0.226,1.92,1.8,-1.228942,13.311377,5.8,Alluvium_Unconsolidated,0,Gabon
315.01,4.01,0.315,30.19,1249.1,0.267,1.7,1.34,-1.547052,13.05811,3.46,Alluvium_Unconsolidated,0,Gabon
391.71,3.04,0.417,29.45,1245.5,0.234,3.2,2.49,-1.210593,13.018785,5.18,Alluvium_Unconsolidated,0,Gabon
364.91,6.06,0.363,32.93,1087.8,0.218,1.81,1.31,-1.248028,13.550258,3.38,Alluvium_Unconsolidated,0,Gabon
348.4,7.48,0.209,35.78,1227.0,0.202,3.2,1.39,-1.378918,13.251344,5.57,Alluvium_Unconsolidated,0,Gabon
341.49,6.75,0.496,34.22,1240.3,0.356,2.61,2.18,-1.749585,13.194035,5.3,Alluvium_Unconsolidated,0,Gabon
372.13,8.0,0.286,37.0,1192.5,0.204,2.34,1.41,-1.300736,13.349258,4.67,Alluvium_Unconsolidated,1,Gabon
352.84,6.13,0.486,33.05,1246.0,0.359,2.98,2.15,-1.770628,13.157123,5.67,Alluvium_Unconsolidated,0,Gabon
318.31,7.51,0.457,35.85,1144.7,0.322,2.26,2.46,-1.650679,13.449074,1.92,Alluvium_Unconsolidated,0,Gabon
318.23,5.88,0.339,32.63,1082.2,0.276,3.19,2.46,-1.563637,13.559744,4.88,Alluvium_Unconsolidated,0,Gabon
342.22,7.99,0.452,36.98,1186.0,0.32,1.83,2.27,-1.645718,13.36421,5.01,Alluvium_Unconsolidated,0,Gabon
374.8,3.18,0.294,29.53,1010.9,0.205,2.13,1.75,-1.294666,13.679166,5.33,Alluvium_Unconsolidated,0,Gabon
327.38,1.75,0.496,29.01,978.9,0.344,3.2,1.77,-1.704447,13.734792,5.64,Alluvium_Unconsolidated,1,Gabon
335.85,7.79,0.202,36.48,1161.7,0.205,2.82,1.4,-1.397644,13.416085,1.29,Alluvium_Unconsolidated,1,Gabon
324.32,8.0,0.488,37.0,1193.8,0.338,1.61,2.37,-1.686797,13.3461,5.67,Alluvium_Unconsolidated,0,Gabon
336.07,3.67,0.256,29.89,1022.6,0.243,2.29,2.48,-1.502921,13.659459,4.88,Alluvium_Unconsolidated,0,Gabon
371.84,3.6,0.277,29.83,1247.9,0.203,2.9,2.34,-1.307754,13.041242,4.52,Alluvium_Unconsolidated,0,Gabon
313.98,5.3,0.392,31.74,1249.4,0.296,1.77,1.34,-1.598976,13.115307,2.53,Alluvium_Unconsolidated,0,Gabon
325.55,1.61,0.214,29.0,975.9,0.223,1.63,2.49,-1.45804,13.740116,4.05,Alluvium_Unconsolidated,0,Gabon
327.95,5.26,0.464,31.68,1064.1,0.325,3.01,2.41,-1.656769,13.590056,5.24,Alluvium_Unconsolidated,0,Gabon
384.61,1.77,0.269,29.01,967.7,0.202,2.42,2.11,-1.314004,13.754913,5.8,Alluvium_Unconsolidated,1,Gabon
353.27,7.49,0.275,35.79,1143.4,0.203,1.83,1.3,-1.309311,13.451646,5.69,Alluvium_Unconsolidated,0,Gabon
325.3,6.07,0.205,32.96,1246.3,0.216,2.41,1.43,-1.438553,13.154202,0.84,Alluvium_Unconsolidated,1,Gabon
341.1,3.94,0.216,30.12,1029.2,0.201,1.6,1.99,-1.36702,13.648381,2.09,Alluvium_Unconsolidated,1,Gabon
357.02,6.65,0.349,34.02,1241.5,0.215,2.91,2.11,-1.257328,13.18758,1.21,Alluvium_Unconsolidated,1,Gabon
325.79,5.21,0.206,31.6,1249.6,0.217,2.11,1.53,-1.441123,13.110747,3.04,Alluvium_Unconsolidated,1,Gabon
323.16,7.71,0.352,36.29,1219.6,0.281,1.93,1.64,-1.57233,13.276297,4.31,Alluvium_Unconsolidated,0,Gabon
337.28,3.92,0.488,30.1,1028.6,0.338,3.07,2.15,-1.687328,13.649282,5.51,Alluvium_Unconsolidated,1,Gabon
381.42,7.94,0.399,36.86,1176.4,0.228,1.63,1.58,-1.22364,13.3855,4.17,Alluvium_Unconsolidated,0,Gabon
324.09,7.78,0.375,36.47,1216.1,0.289,1.87,1.75,-1.58726,13.286856,4.7,Alluvium_Unconsolidated,0,Gabon
383.92,1.85,0.266,29.02,980.9,0.202,2.24,2.04,-1.316384,13.731131,5.65,Alluvium_Unconsolidated,1,Gabon
356.88,4.33,0.468,30.52,1039.1,0.36,2.06,1.71,-1.794457,13.631747,3.44,Alluvium_Unconsolidated,0,Gabon
358.05,7.51,0.209,35.83,1226.3,0.202,3.2,1.39,-1.377971,13.253796,5.51,Alluvium_Unconsolidated,0,Gabon
320.47,2.3,0.458,29.12,956.8,0.323,2.93,1.88,-1.651113,13.775208,1.36,Alluvium_Unconsolidated,1,Gabon
343.19,6.95,0.493,34.63,1237.6,0.357,2.6,2.25,-1.757435,13.207835,5.25,Alluvium_Unconsolidated,0,Gabon
340.08,7.07,0.261,34.88,1235.7,0.201,3.15,1.71,-1.319816,13.216639,4.13,Alluvium_Unconsolidated,0,Gabon
329.61,2.88,0.39,29.36,1004.0,0.295,2.95,2.37,-1.597602,13.690954,1.56,Alluvium_Unconsolidated,1,Gabon
316.82,7.06,0.257,34.85,1236.0,0.244,2.17,1.31,-1.503958,13.215516,2.56,Alluvium_Unconsolidated,1,Gabon
368.66,7.43,0.319,35.66,1228.4,0.209,2.76,1.8,-1.277689,13.246439,1.8,Alluvium_Unconsolidated,1,Gabon
321.87,2.83,0.419,29.33,945.9,0.306,2.53,1.96,-1.618793,13.795967,3.54,Alluvium_Unconsolidated,0,Gabon
321.99,4.57,0.232,30.78,1045.2,0.233,2.32,2.37,-1.48046,13.621558,4.75,Alluvium_Unconsolidated,0,Gabon
334.31,7.6,0.313,36.06,1223.3,0.266,2.09,1.5,-1.546032,13.264101,3.22,Alluvium_Unconsolidated,0,Gabon
355.6,2.46,0.483,29.17,994.4,0.359,2.7,1.54,-1.776235,13.70739,3.09,Alluvium_Unconsolidated,0,Gabon
326.82,2.23,0.492,29.1,958.2,0.358,3.11,1.43,-1.760756,13.772498,5.69,Alluvium_Unconsolidated,0,Gabon
318.23,4.62,0.479,30.84,1046.5,0.333,3.02,2.29,-1.674791,13.619454,5.29,Alluvium_Unconsolidated,0,Gabon
331.04,6.03,0.352,32.88,1086.8,0.281,3.2,2.46,-1.571806,13.551876,5.38,Alluvium_Unconsolidated,0,Gabon
328.86,7.98,0.2,36.94,1200.0,0.21,3.2,1.32,-1.420283,13.330996,5.24,Alluvium_Unconsolidated,0,Gabon
319.96,7.98,0.307,36.95,1183.1,0.264,2.78,1.83,-1.542006,13.370932,3.72,Alluvium_Unconsolidated,0,Gabon
356.02,7.9,0.216,36.75,1209.0,0.201,3.1,1.33,-1.367336,13.307191,3.35,Alluvium_Unconsolidated,0,Gabon
326.28,7.32,0.493,35.41,1231.0,0.342,1.89,2.09,-1.69821,13.236287,1.18,Alluvium_Unconsolidated,1,Gabon
312.44,7.49,0.475,35.79,1143.3,0.331,2.11,2.49,-1.668761,13.451797,3.06,Alluvium_Unconsolidated,0,Gabon
368.32,6.94,0.295,34.6,1237.9,0.205,3.07,1.86,-1.294413,13.206689,2.96,Alluvium_Unconsolidated,0,Gabon
395.16,8.0,0.422,37.0,1191.5,0.235,1.65,1.76,-1.206898,13.351651,4.48,Alluvium_Unconsolidated,0,Gabon
338.48,5.47,0.496,31.99,1070.0,0.356,2.14,2.1,-1.750675,13.580155,2.81,Alluvium_Unconsolidated,1,Gabon
391.74,4.86,0.368,31.14,1250.0,0.219,3.17,2.41,-1.244552,13.094912,4.44,Alluvium_Unconsolidated,0,Gabon
332.27,5.75,0.492,32.41,1078.1,0.341,2.59,2.36,-1.694073,13.56651,2.27,Alluvium_Unconsolidated,1,Gabon
333.87,3.73,0.27,29.94,1024.1,0.249,2.42,2.49,-1.514399,13.656896,4.23,Alluvium_Unconsolidated,0,Gabon
317.44,3.01,0.292,29.43,1245.3,0.258,1.75,1.46,-1.531184,13.017539,2.72,Alluvium_Unconsolidated,0,Gabon
378.53,3.09,0.28,29.48,1245.7,0.203,2.81,2.39,-1.305504,13.021001,3.91,Alluvium_Unconsolidated,0,Gabon
343.3,7.94,0.494,36.86,1176.6,0.357,1.66,2.5,-1.757363,13.385161,3.93,Alluvium_Unconsolidated,0,Gabon
363.07,7.87,0.304,36.69,1210.9,0.207,2.52,1.57,-1.287923,13.301954,3.64,Alluvium_Unconsolidated,0,Gabon
331.49,4.63,0.201,30.86,1046.9,0.212,1.86,2.15,-1.424676,13.61868,5.74,Alluvium_Unconsolidated,0,Gabon
366.56,7.08,0.282,34.89,1235.7,0.204,3.08,1.78,-1.303905,13.217006,3.13,Alluvium_Unconsolidated,0,Gabon
347.75,5.23,0.489,31.64,1063.3,0.358,2.06,1.98,-1.766992,13.591449,3.4,Alluvium_Unconsolidated,0,Gabon
349.11,7.9,0.202,36.76,1172.0,0.205,2.93,1.36,-1.398106,13.394978,1.39,Alluvium_Unconsolidated,1,Gabon
345.38,2.04,0.495,29.06,962.0,0.357,3.12,1.47,-1.753683,13.765454,5.72,Alluvium_Unconsolidated,0,Gabon
313.82,6.33,0.26,33.41,1244.5,0.245,1.89,1.3,-1.506085,13.16831,4.6,Alluvium_Unconsolidated,0,Gabon
300.7,7.44,0.415,35.69,1141.1,0.305,2.63,2.4,-1.615614,13.455836,2.6,Alluvium_Unconsolidated,0,Gabon
327.69,4.09,0.253,30.27,1249.3,0.242,1.6,1.45,-1.500846,13.061339,5.6,Alluvium_Unconsolidated,0,Gabon
336.28,5.99,0.204,32.82,1085.8,0.216,2.34,1.98,-1.436873,13.553634,4.67,Alluvium_Unconsolidated,0,Gabon
358.27,7.19,0.239,35.13,1129.2,0.2,1.93,1.37,-1.340199,13.477803,5.8,Alluvium_Unconsolidated,0,Gabon
352.14,6.57,0.483,33.87,1242.3,0.359,2.9,2.25,-1.775926,13.182934,5.79,Alluvium_Unconsolidated,0,Gabon
362.96,7.8,0.275,36.52,1215.0,0.203,2.78,1.52,-1.3088,13.290118,1.66,Alluvium_Unconsolidated,1,Gabon
352.27,7.77,0.27,36.45,1160.6,0.202,2.03,1.3,-1.312742,13.418166,5.72,Alluvium_Unconsolidated,0,Gabon
328.51,3.05,0.359,29.45,1245.5,0.283,2.08,1.34,-1.576681,13.019244,2.14,Alluvium_Unconsolidated,0,Gabon
344.86,6.86,0.219,34.45,1238.9,0.201,3.17,1.57,-1.363524,13.201696,5.8,Alluvium_Unconsolidated,1,Gabon
334.05,6.52,0.296,33.77,1103.2,0.26,3.18,2.3,-1.533786,13.523765,4.61,Alluvium_Unconsolidated,0,Gabon
316.69,7.74,0.352,36.37,1158.4,0.281,2.82,2.15,-1.572431,13.422614,3.96,Alluvium_Unconsolidated,0,Gabon
311.36,3.28,0.376,29.6,1246.6,0.29,2.13,1.32,-1.588398,13.028533,2.54,Alluvium_Unconsolidated,0,Gabon
354.04,2.79,0.2,29.31,1244.1,0.21,1.77,1.99,-1.417308,13.00887,5.31,Alluvium_Unconsolidated,0,Gabon
347.08,7.22,0.489,35.2,1233.0,0.358,2.55,2.34,-1.765718,13.228234,5.05,Alluvium_Unconsolidated,0,Gabon
331.67,7.54,0.237,35.91,1225.4,0.235,2.61,1.33,-1.485902,13.257149,2.41,Alluvium_Unconsolidated,1,Gabon
324.03,1.6,0.22,29.0,971.3,0.227,1.63,2.5,-1.466565,13.748413,4.22,Alluvium_Unconsolidated,0,Gabon
331.14,4.93,0.201,31.23,1054.9,0.212,1.93,2.12,-1.426404,13.605455,5.8,Alluvium_Unconsolidated,0,Gabon
321.29,4.35,0.278,30.54,1039.5,0.252,2.64,2.47,-1.520552,13.631062,2.77,Alluvium_Unconsolidated,1,Gabon
328.58,4.34,0.5,30.53,1249.7,0.351,3.06,1.65,-1.72686,13.072054,5.35,Alluvium_Unconsolidated,0,Gabon
328.18,2.36,0.23,29.14,992.1,0.232,1.8,2.49,-1.477864,13.711463,5.61,Alluvium_Unconsolidated,0,Gabon
359.34,5.5,0.275,32.03,1248.9,0.203,3.18,2.08,-1.309368,13.124885,5.78,Alluvium_Unconsolidated,0,Gabon
358.85,3.94,0.469,30.12,1029.1,0.36,2.17,1.66,-1.793203,13.648419,2.61,Alluvium_Unconsolidated,0,Gabon
340.21,7.99,0.217,36.98,1196.0,0.201,2.95,1.31,-1.365155,13.340794,1.63,Alluvium_Unconsolidated,1,Gabon
356.32,7.94,0.221,36.85,1205.2,0.2,3.02,1.33,-1.3598,13.317486,2.37,Alluvium_Unconsolidated,1,Gabon
365.66,6.69,0.216,34.1,1109.3,0.201,1.95,1.53,-1.367422,13.513203,5.79,Alluvium_Unconsolidated,0,Gabon
352.93,7.4,0.2,35.58,1138.7,0.208,2.69,1.55,-1.412692,13.46032,2.35,Alluvium_Unconsolidated,0,Gabon
315.32,7.95,0.22,36.87,1177.2,0.226,3.2,1.54,-1.465475,13.383711,5.53,Alluvium_Unconsolidated,0,Gabon
323.56,6.17,0.354,33.14,1091.5,0.281,3.2,2.45,-1.573152,13.543832,5.55,Alluvium_Unconsolidated,1,Gabon
362.24,7.78,0.22,36.47,1161.2,0.2,2.49,1.32,-1.36143,13.417027,3.83,Alluvium_Unconsolidated,0,Gabon
395.34,7.69,0.417,36.25,1220.4,0.234,1.98,2.02,-1.210563,13.273741,5.78,Alluvium_Unconsolidated,0,Gabon
384.8,2.74,0.399,29.29,947.7,0.228,3.19,1.82,-1.223697,13.792579,1.74,Alluvium_Unconsolidated,1,Gabon
331.35,4.24,0.2,30.43,1249.6,0.208,2.12,1.8,-1.411051,13.068028,2.94,Alluvium_Unconsolidated,1,Gabon
327.04,7.99,0.271,36.98,1186.4,0.25,2.95,1.68,-1.51564,13.363335,4.85,Alluvium_Unconsolidated,0,Gabon
336.57,5.39,0.296,31.86,1249.2,0.26,1.61,1.3,-1.534293,13.119295,5.69,Alluvium_Unconsolidated,0,Gabon
318.03,5.13,0.24,31.5,1060.3,0.236,2.55,2.33,-1.488265,13.596327,3.38,Alluvium_Unconsolidated,0,Gabon
319.01,7.99,0.262,36.98,1197.1,0.246,2.88,1.57,-1.507798,13.338077,4.41,Alluvium_Unconsolidated,0,Gabon
329.04,3.76,0.424,29.97,1024.9,0.308,3.18,2.37,-1.622356,13.655587,4.64,Alluvium_Unconsolidated,0,Gabon
347.45,6.49,0.48,33.72,1243.1,0.36,2.95,2.25,-1.779824,13.178034,5.74,Alluvium_Unconsolidated,0,Gabon
320.62,6.73,0.243,34.19,1110.9,0.238,3.04,2.09,-1.491612,13.510399,2.6,Alluvium_Unconsolidated,0,Gabon
346.65,2.36,0.493,29.14,992.1,0.357,2.86,1.6,-1.759,13.711454,4.29,Alluvium_Unconsolidated,0,Gabon
325.2,7.75,0.207,36.39,1217.7,0.218,3.06,1.31,-1.443587,13.28212,5.48,Alluvium_Unconsolidated,0,Gabon
342.26,6.72,0.21,34.16,1110.4,0.202,2.04,1.56,-1.37648,13.51123,5.7,Alluvium_Unconsolidated,0,Gabon
339.46,5.28,0.485,31.7,1064.5,0.336,2.82,2.34,-1.682652,13.589359,4.01,Alluvium_Unconsolidated,0,Gabon
335.89,5.08,0.226,31.43,1249.8,0.23,1.82,1.44,-1.473824,13.105009,5.04,Alluvium_Unconsolidated,0,Gabon
356.03,4.27,0.328,30.45,1249.6,0.211,3.18,2.39,-1.271271,13.069036,5.78,Alluvium_Unconsolidated,0,Gabon
344.36,1.76,0.5,29.01,968.0,0.35,3.19,1.61,-1.723605,13.754309,5.73,Alluvium_Unconsolidated,1,Gabon
372.41,1.97,0.315,29.04,963.5,0.209,2.78,1.98,-1.279868,13.762596,4.87,Alluvium_Unconsolidated,0,Gabon
397.72,7.84,0.423,36.61,1165.8,0.236,1.61,1.58,-1.205502,13.407707,2.01,Alluvium_Unconsolidated,1,Gabon
337.77,7.66,0.261,36.17,1152.8,0.201,2.0,1.3,-1.320223,13.433583,5.75,Alluvium_Unconsolidated,1,Gabon
379.65,5.41,0.322,31.9,1068.4,0.21,1.78,1.4,-1.275748,13.582885,2.99,Alluvium_Unconsolidated,0,Gabon
306.71,7.85,0.381,36.64,1167.0,0.292,2.54,2.18,-1.591634,13.405179,1.9,Alluvium_Unconsolidated,1,Gabon
341.18,7.58,0.487,36.0,1148.3,0.359,1.6,2.41,-1.769052,13.442266,5.19,Alluvium_Unconsolidated,0,Gabon
339.03,3.96,0.484,30.14,1249.0,0.336,2.81,1.43,-1.680592,13.056052,5.77,Alluvium_Unconsolidated,0,Gabon
342.0,6.3,0.488,33.37,1244.7,0.359,2.92,2.17,-1.76818,13.166954,5.78,Alluvium_Unconsolidated,1,Gabon
322.69,7.54,0.208,35.92,1225.2,0.202,3.2,1.38,-1.380366,13.257632,5.51,Alluvium_Unconsolidated,0,Gabon
406.79,6.54,0.427,33.8,1242.6,0.237,2.47,2.34,-1.202617,13.180737,3.91,Alluvium_Unconsolidated,1,Gabon
320.34,3.4,0.213,29.69,1016.2,0.222,1.83,2.4,-1.45586,13.670191,5.7,Alluvium_Unconsolidated,0,Gabon
334.95,6.33,0.433,33.43,1244.4,0.312,1.74,1.55,-1.629053,13.168742,2.92,Alluvium_Unconsolidated,0,Gabon
331.5,5.05,0.349,31.39,1249.8,0.28,1.66,1.3,-1.570041,13.103673,3.91,Alluvium_Unconsolidated,0,Gabon
338.83,5.22,0.424,31.62,1249.6,0.308,1.95,1.39,-1.622401,13.111531,0.97,Alluvium_Unconsolidated,0,Gabon
333.41,4.38,0.45,30.57,1040.4,0.319,3.18,2.37,-1.644071,13.629587,5.77,Alluvium_Unconsolidated,0,Gabon
325.85,7.98,0.48,36.96,1183.7,0.334,1.68,2.39,-1.6755,13.369598,5.72,Alluvium_Unconsolidated,0,Gabon
354.37,6.94,0.255,34.61,1118.9,0.201,1.74,1.37,-1.325081,13.4964,5.37,Alluvium_Unconsolidated,0,Gabon
329.0,3.75,0.423,29.96,1024.6,0.308,3.18,2.37,-1.62188,13.65598,4.61,Alluvium_Unconsolidated,0,Gabon
365.74,3.4,0.248,29.69,1016.2,0.2,1.79,1.9,-1.331081,13.670173,3.18,Alluvium_Unconsolidated,0,Gabon
370.47,3.76,0.496,29.97,1024.9,0.356,2.6,1.82,-1.752041,13.655564,2.37,Alluvium_Unconsolidated,1,Gabon
303.92,2.51,0.419,29.19,952.4,0.306,2.61,2.0,-1.618763,13.78342,3.0,Alluvium_Unconsolidated,0,Gabon
323.47,6.99,0.32,34.7,1120.6,0.269,3.19,2.28,-1.550364,13.493345,5.74,Alluvium_Unconsolidated,0,Gabon
350.39,7.19,0.498,35.14,1233.6,0.355,2.36,2.26,-1.745101,13.226004,4.14,Alluvium_Unconsolidated,0,Gabon
315.18,1.81,0.384,29.02,966.9,0.293,2.54,2.2,-1.593593,13.756475,3.47,Alluvium_Unconsolidated,1,Gabon
333.49,4.63,0.235,30.85,1250.0,0.234,1.69,1.45,-1.483468,13.084455,5.69,Alluvium_Unconsolidated,1,Gabon
354.56,7.17,0.205,35.1,1128.5,0.203,2.35,1.52,-1.388613,13.479111,4.6,Alluvium_Unconsolidated,0,Gabon
375.16,2.78,0.309,29.31,1001.7,0.207,2.32,1.76,-1.284072,13.694872,5.76,Alluvium_Unconsolidated,0,Gabon
318.03,2.71,0.29,29.28,948.3,0.257,1.79,2.34,-1.529879,13.791297,5.58,Alluvium_Unconsolidated,0,Gabon
358.28,6.0,0.264,32.83,1085.9,0.202,1.6,1.46,-1.317966,13.553464,3.08,Alluvium_Unconsolidated,0,Gabon
334.2,1.75,0.499,29.01,978.9,0.354,3.09,1.61,-1.739705,13.734734,5.61,Alluvium_Unconsolidated,0,Gabon
331.5,4.39,0.2,30.58,1249.8,0.208,2.17,1.78,-1.41036,13.074355,2.6,Alluvium_Unconsolidated,1,Gabon
336.92,1.64,0.448,29.0,970.5,0.318,2.98,2.01,-1.642263,13.749761,1.96,Alluvium_Unconsolidated,0,Gabon
316.23,6.23,0.429,33.24,1245.2,0.31,1.74,1.52,-1.626045,13.162801,2.85,Alluvium_Unconsolidated,0,Gabon
322.89,7.29,0.452,35.35,1133.6,0.32,2.44,2.48,-1.645766,13.469788,1.08,Alluvium_Unconsolidated,0,Gabon
335.77,7.69,0.204,36.27,1155.3,0.215,3.03,1.55,-1.43601,13.42868,2.52,Alluvium_Unconsolidated,0,Gabon
331.86,6.52,0.238,33.78,1103.3,0.236,2.95,2.11,-1.486742,13.523596,1.61,Alluvium_Unconsolidated,0,Gabon
337.23,7.58,0.2,35.99,1224.2,0.208,3.15,1.32,-1.409224,13.261139,5.79,Alluvium_Unconsolidated,0,Gabon
353.18,2.85,0.489,29.35,945.5,0.358,3.15,1.37,-1.766662,13.796913,5.79,Alluvium_Unconsolidated,0,Gabon
398.58,3.65,0.424,29.87,1248.0,0.236,3.15,2.5,-1.205244,13.043306,4.18,Alluvium_Unconsolidated,0,Gabon
376.43,7.96,0.28,36.89,1178.6,0.203,2.18,1.34,-1.305548,13.380866,5.32,Alluvium_Unconsolidated,0,Gabon
326.71,7.31,0.219,35.4,1231.2,0.226,2.67,1.3,-1.464266,13.235773,2.92,Alluvium_Unconsolidated,1,Gabon
313.82,4.12,0.346,30.3,1033.8,0.278,2.97,2.49,-1.567836,13.640655,1.83,Alluvium_Unconsolidated,1,Gabon
356.1,2.91,0.206,29.38,944.3,0.203,2.03,2.46,-1.385767,13.79922,4.92,Alluvium_Unconsolidated,0,Gabon
324.63,6.57,0.287,33.87,1242.3,0.256,1.81,1.31,-1.527329,13.182937,5.1,Alluvium_Unconsolidated,0,Gabon
309.36,7.99,0.425,36.98,1186.3,0.309,1.99,2.18,-1.623299,13.363701,3.9,Alluvium_Unconsolidated,0,Gabon
348.5,4.35,0.201,30.54,1039.5,0.206,1.67,2.08,-1.4002,13.631035,4.81,Alluvium_Unconsolidated,0,Gabon
308.19,6.11,0.401,33.03,1089.5,0.299,3.13,2.5,-1.605199,13.547276,5.76,Alluvium_Unconsolidated,1,Gabon
330.59,2.77,0.219,29.31,947.1,0.226,1.6,2.48,-1.46399,13.793768,2.09,Alluvium_Unconsolidated,1,Gabon
328.16,7.66,0.218,36.19,1221.3,0.225,2.88,1.31,-1.463184,13.270592,4.4,Alluvium_Unconsolidated,0,Gabon
344.82,7.17,0.204,35.08,1234.1,0.204,3.13,1.42,-1.390022,13.223767,5.75,Alluvium_Unconsolidated,0,Gabon
356.77,5.46,0.268,31.97,1249.0,0.202,3.16,2.07,-1.314519,13.12283,5.8,Alluvium_Unconsolidated,0,Gabon
360.25,7.38,0.283,35.55,1229.6,0.204,2.98,1.7,-1.302886,13.241902,1.9,Alluvium_Unconsolidated,0,Gabon
332.41,6.78,0.219,34.28,1239.9,0.226,2.43,1.31,-1.464239,13.196155,1.01,Alluvium_Unconsolidated,0,Gabon
338.17,5.14,0.357,31.51,1060.6,0.283,3.16,2.5,-1.575356,13.595859,4.28,Alluvium_Unconsolidated,1,Gabon
326.38,5.5,0.215,32.03,1070.9,0.224,2.39,2.17,-1.459354,13.578697,4.38,Alluvium_Unconsolidated,1,Gabon
344.96,2.81,0.495,29.32,946.3,0.356,3.18,1.4,-1.752594,13.795196,5.75,Alluvium_Unconsolidated,0,Gabon
319.95,4.02,0.266,30.21,1249.1,0.248,1.6,1.43,-1.511218,13.058755,5.27,Alluvium_Unconsolidated,0,Gabon
402.98,3.22,0.385,29.56,1011.9,0.224,2.69,1.49,-1.233136,13.677408,5.26,Alluvium_Unconsolidated,0,Gabon
355.38,7.99,0.471,36.97,1197.7,0.36,2.1,2.5,-1.790943,13.336677,2.33,Alluvium_Unconsolidated,0,Gabon
337.82,7.59,0.496,36.01,1223.9,0.345,1.82,2.21,-1.704923,13.262003,1.95,Alluvium_Unconsolidated,1,Gabon
388.83,6.89,0.315,34.5,1238.5,0.208,3.0,1.94,-1.280428,13.203589,2.12,Alluvium_Unconsolidated,0,Gabon
363.65,7.95,0.24,36.88,1203.6,0.2,2.85,1.36,-1.338598,13.321539,1.0,Alluvium_Unconsolidated,0,Gabon
383.17,2.32,0.368,29.13,991.2,0.219,2.8,1.64,-1.2447,13.712969,4.78,Alluvium_Unconsolidated,0,Gabon
344.43,6.42,0.498,33.58,1099.7,0.355,1.9,2.27,-1.745754,13.529775,4.54,Alluvium_Unconsolidated,0,Gabon
336.13,4.2,0.476,30.38,1035.8,0.36,2.17,1.73,-1.78579,13.637276,2.61,Alluvium_Unconsolidated,0,Gabon
318.57,7.24,0.263,35.24,1131.4,0.247,3.19,2.04,-1.509158,13.473792,5.0,Alluvium_Unconsolidated,1,Gabon
337.35,7.99,0.388,36.98,1185.9,0.294,2.23,2.07,-1.596679,13.364579,2.09,Alluvium_Unconsolidated,0,Gabon
308.64,7.85,0.222,36.63,1166.7,0.227,3.2,1.61,-1.468344,13.405847,5.17,Alluvium_Unconsolidated,0,Gabon
330.9,7.11,0.205,34.95,1125.6,0.216,2.79,1.75,-1.439322,13.484406,1.58,Alluvium_Unconsolidated,1,Gabon
330.87,7.99,0.254,36.98,1196.0,0.243,2.94,1.55,-1.501313,13.340723,4.81,Alluvium_Unconsolidated,0,Gabon
327.57,7.19,0.351,35.13,1233.7,0.281,1.72,1.49,-1.571753,13.225626,5.58,Alluvium_Unconsolidated,0,Gabon
334.46,2.59,0.464,29.23,997.4,0.36,2.45,1.47,-1.799104,13.702332,1.2,Alluvium_Unconsolidated,1,Gabon
313.25,3.66,0.421,29.89,1022.4,0.307,3.16,2.37,-1.619785,13.659695,4.38,Alluvium_Unconsolidated,0,Gabon
387.66,7.81,0.387,36.54,1163.5,0.224,1.61,1.47,-1.231907,13.412359,3.6,Alluvium_Unconsolidated,0,Gabon
340.96,5.26,0.495,31.68,1249.5,0.357,3.06,1.92,-1.753833,13.113291,5.37,Alluvium_Unconsolidated,1,Gabon
335.79,1.94,0.493,29.04,964.3,0.357,3.08,1.46,-1.759076,13.761219,5.58,Alluvium_Unconsolidated,0,Gabon
356.67,5.65,0.232,32.26,1075.2,0.2,1.63,1.63,-1.346885,13.571485,4.12,Alluvium_Unconsolidated,0,Gabon
354.48,3.47,0.258,29.73,1247.4,0.201,2.75,2.3,-1.322515,13.035873,3.48,Alluvium_Unconsolidated,0,Gabon
369.44,2.04,0.244,29.05,985.0,0.2,2.03,2.11,-1.335353,13.723858,4.92,Alluvium_Unconsolidated,0,Gabon
339.16,7.45,0.254,35.71,1141.6,0.243,3.2,1.94,-1.50128,13.45504,5.18,Alluvium_Unconsolidated,0,Gabon
413.86,7.66,0.425,36.18,1221.5,0.237,1.94,2.07,-1.203936,13.27009,5.8,Alluvium_Unconsolidated,0,Gabon
338.34,5.9,0.493,32.67,1083.0,0.357,1.96,2.14,-1.757475,13.558369,4.15,Alluvium_Unconsolidated,0,Gabon
369.54,7.82,0.33,36.56,1164.3,0.211,1.75,1.37,-1.269762,13.410751,5.42,Alluvium_Unconsolidated,0,Gabon
337.25,1.75,0.474,29.01,978.9,0.33,3.16,1.94,-1.667875,13.734757,4.27,Alluvium_Unconsolidated,0,Gabon
332.95,7.05,0.398,34.82,1236.2,0.298,1.6,1.58,-1.603394,13.21456,5.59,Alluvium_Unconsolidated,0,Gabon
388.13,6.86,0.421,34.44,1238.9,0.235,2.38,2.27,-1.207178,13.201618,4.43,Alluvium_Unconsolidated,1,Gabon
325.0,1.56,0.236,29.0,972.2,0.235,1.71,2.5,-1.484723,13.746668,5.12,Alluvium_Unconsolidated,0,Gabon
349.56,6.82,0.5,34.37,1239.4,0.351,2.35,2.09,-1.725987,13.199,4.07,Alluvium_Unconsolidated,0,Gabon
358.7,4.11,0.3,30.29,1033.6,0.206,1.94,1.61,-1.29074,13.640988,4.42,Alluvium_Unconsolidated,0,Gabon
363.79,8.0,0.267,37.0,1192.4,0.202,2.47,1.37,-1.315084,13.349394,3.91,Alluvium_Unconsolidated,0,Gabon
384.65,7.95,0.39,36.88,1203.8,0.225,1.88,1.77,-1.229347,13.321199,5.77,Alluvium_Unconsolidated,0,Gabon
315.42,3.21,0.325,29.55,1011.5,0.271,2.66,2.48,-1.554315,13.678084,2.6,Alluvium_Unconsolidated,1,Gabon
372.22,3.07,0.231,29.47,1008.4,0.2,1.75,2.02,-1.348181,13.683432,2.62,Alluvium_Unconsolidated,0,Gabon
304.4,4.16,0.462,30.34,1249.4,0.324,2.53,1.38,-1.65467,13.064354,4.98,Alluvium_Unconsolidated,0,Gabon
341.67,4.76,0.201,31.01,1250.0,0.206,2.33,1.76,-1.40377,13.090502,1.34,Alluvium_Unconsolidated,1,Gabon
345.69,6.39,0.224,33.54,1243.9,0.2,3.12,1.69,-1.356803,13.17221,5.74,Alluvium_Unconsolidated,0,Gabon
329.58,7.47,0.498,35.74,1142.3,0.355,1.64,2.45,-1.744599,13.45368,5.8,Alluvium_Unconsolidated,0,Gabon
301.89,7.86,0.435,36.67,1211.3,0.313,1.68,2.0,-1.630992,13.30071,5.74,Alluvium_Unconsolidated,0,Gabon
336.61,7.98,0.476,36.96,1198.9,0.36,2.08,2.5,-1.785837,13.333596,2.11,Alluvium_Unconsolidated,1,Gabon
337.04,2.15,0.267,29.08,987.6,0.248,2.02,2.49,-1.512235,13.719251,5.74,Alluvium_Unconsolidated,0,Gabon
339.84,7.32,0.343,35.42,1231.0,0.278,1.79,1.5,-1.566423,13.236596,5.22,Alluvium_Unconsolidated,0,Gabon
364.58,7.92,0.251,36.8,1173.6,0.201,2.34,1.3,-1.329088,13.391445,4.66,Alluvium_Unconsolidated,0,Gabon
330.86,7.96,0.481,36.9,1179.1,0.334,1.7,2.41,-1.677669,13.379761,5.65,Alluvium_Unconsolidated,0,Gabon
344.52,1.86,0.495,29.02,981.2,0.357,2.99,1.56,-1.753733,13.730592,5.12,Alluvium_Unconsolidated,0,Gabon
343.13,4.87,0.234,31.15,1250.0,0.2,2.89,2.02,-1.345361,13.095302,4.44,Alluvium_Unconsolidated,0,Gabon
385.32,7.56,0.295,35.95,1224.8,0.205,2.83,1.68,-1.294285,13.259158,1.2,Alluvium_Unconsolidated,0,Gabon
345.07,5.59,0.49,32.16,1248.6,0.358,3.06,2.03,-1.765098,13.129088,5.35,Alluvium_Unconsolidated,0,Gabon
352.72,7.78,0.5,36.46,1216.3,0.35,1.83,2.34,-1.722633,13.286154,1.83,Alluvium_Unconsolidated,0,Gabon
341.31,3.64,0.5,29.87,1021.8,0.349,2.9,1.95,-1.720348,13.660676,4.54,Alluvium_Unconsolidated,0,Gabon
339.66,7.97,0.201,36.93,1181.4,0.212,3.15,1.39,-1.426645,13.374531,4.21,Alluvium_Unconsolidated,0,Gabon
381.63,2.01,0.355,29.05,984.6,0.216,2.79,1.72,-1.253248,13.724654,4.82,Alluvium_Unconsolidated,0,Gabon
355.2,7.34,0.238,35.46,1230.5,0.2,3.17,1.55,-1.3406,13.238285,4.47,Alluvium_Unconsolidated,0,Gabon
313.56,4.81,0.426,31.08,1051.6,0.309,3.19,2.45,-1.623976,13.610852,5.68,Alluvium_Unconsolidated,0,Gabon
332.9,5.69,0.223,32.33,1076.5,0.228,2.56,2.19,-1.470367,13.569216,3.37,Alluvium_Unconsolidated,0,Gabon
389.42,7.07,0.318,34.86,1235.9,0.209,2.93,1.91,-1.278443,13.216048,1.37,Alluvium_Unconsolidated,0,Gabon
332.38,4.84,0.205,31.12,1052.5,0.204,1.69,1.96,-1.389146,13.609354,4.96,Alluvium_Unconsolidated,0,Gabon
353.81,7.49,0.228,35.8,1226.8,0.2,3.17,1.47,-1.351851,13.252136,4.57,Alluvium_Unconsolidated,1,Gabon
314.73,5.1,0.242,31.45,1249.8,0.237,1.73,1.39,-1.490379,13.105791,5.55,Alluvium_Unconsolidated,0,Gabon
351.08,4.05,0.215,30.23,1031.9,0.201,1.6,1.98,-1.367864,13.643747,2.37,Alluvium_Unconsolidated,0,Gabon
311.69,7.19,0.433,35.12,1233.8,0.312,1.61,1.73,-1.629781,13.225267,4.99,Alluvium_Unconsolidated,0,Gabon
313.51,7.55,0.431,35.93,1146.8,0.311,2.45,2.41,-1.62798,13.44518,1.18,Alluvium_Unconsolidated,0,Gabon
309.47,6.79,0.422,34.29,1112.9,0.308,2.88,2.48,-1.621079,13.506914,4.38,Alluvium_Unconsolidated,0,Gabon
322.62,7.97,0.287,36.94,1181.8,0.256,2.91,1.77,-1.52728,13.373705,4.63,Alluvium_Unconsolidated,0,Gabon
365.29,6.93,0.215,34.59,1118.4,0.201,2.06,1.49,-1.368908,13.49717,5.67,Alluvium_Unconsolidated,0,Gabon
371.11,8.0,0.285,37.0,1191.1,0.204,2.32,1.4,-1.301421,13.352541,4.74,Alluvium_Unconsolidated,1,Gabon
333.3,3.5,0.498,29.75,1018.4,0.347,2.98,1.97,-1.712222,13.666423,5.07,Alluvium_Unconsolidated,0,Gabon
310.89,3.52,0.468,29.77,1247.6,0.327,2.75,1.35,-1.660969,13.037972,5.68,Alluvium_Unconsolidated,0,Gabon
322.04,7.87,0.492,36.67,1211.3,0.341,1.64,2.28,-1.694694,13.30076,4.29,Alluvium_Unconsolidated,0,Gabon
346.97,4.04,0.464,30.22,1249.2,0.36,3.15,1.94,-1.798365,13.059319,1.07,Alluvium_Unconsolidated,0,Gabon
349.02,7.13,0.489,35.0,1126.5,0.358,1.63,2.33,-1.765964,13.482651,5.79,Alluvium_Unconsolidated,0,Gabon
354.02,7.79,0.476,36.49,1215.7,0.36,2.35,2.48,-1.785472,13.288147,4.08,Alluvium_Unconsolidated,0,Gabon
370.04,6.06,0.375,32.94,1246.4,0.221,2.95,2.28,-1.240074,13.153598,1.61,Alluvium_Unconsolidated,0,Gabon
342.2,7.74,0.205,36.37,1158.1,0.203,2.69,1.38,-1.38763,13.423141,2.37,Alluvium_Unconsolidated,0,Gabon
343.82,7.47,0.229,35.74,1227.4,0.2,3.17,1.48,-1.350381,13.249907,4.57,Alluvium_Unconsolidated,0,Gabon
344.41,3.19,0.401,29.54,1246.2,0.299,2.31,1.3,-1.605199,13.024825,3.8,Alluvium_Unconsolidated,0,Gabon
380.28,4.83,0.272,31.1,1250.0,0.202,3.09,2.18,-1.311531,13.093596,5.63,Alluvium_Unconsolidated,0,Gabon
313.75,7.98,0.494,36.96,1183.8,0.342,1.61,2.44,-1.698333,13.369321,5.73,Alluvium_Unconsolidated,0,Gabon
357.72,6.76,0.48,34.24,1240.2,0.36,2.87,2.3,-1.780358,13.19497,5.8,Alluvium_Unconsolidated,1,Gabon
333.98,2.26,0.482,29.11,989.9,0.359,2.73,1.52,-1.777551,13.715236,3.34,Alluvium_Unconsolidated,0,Gabon
347.93,7.86,0.2,36.67,1168.1,0.209,3.0,1.41,-1.413817,13.403046,2.15,Alluvium_Unconsolidated,0,Gabon
346.71,7.96,0.2,36.91,1202.1,0.208,3.19,1.3,-1.410129,13.32553,4.99,Alluvium_Unconsolidated,0,Gabon
351.42,7.77,0.484,36.45,1216.5,0.359,2.26,2.47,-1.773996,13.285569,3.49,Alluvium_Unconsolidated,0,Gabon
322.69,5.52,0.485,32.07,1248.8,0.336,2.4,1.63,-1.682424,13.125932,4.36,Alluvium_Unconsolidated,0,Gabon
300.97,3.7,0.372,29.92,1023.4,0.288,3.01,2.46,-1.585652,13.657975,2.29,Alluvium_Unconsolidated,0,Gabon
385.79,2.74,0.413,29.29,1000.8,0.232,2.95,1.47,-1.213536,13.696487,3.7,Alluvium_Unconsolidated,0,Gabon
294.86,7.17,0.275,35.08,1128.2,0.251,3.2,2.1,-1.518183,13.479653,5.19,Alluvium_Unconsolidated,0,Gabon
328.9,5.22,0.283,31.62,1249.6,0.254,1.62,1.32,-1.524345,13.111484,5.75,Alluvium_Unconsolidated,0,Gabon
326.81,5.92,0.463,32.7,1247.2,0.325,2.04,1.59,-1.656179,13.146023,1.78,Alluvium_Unconsolidated,1,Gabon
320.46,5.92,0.366,32.7,1247.2,0.286,1.62,1.35,-1.581488,13.146166,4.79,Alluvium_Unconsolidated,0,Gabon
366.41,1.9,0.299,29.03,965.0,0.206,2.66,2.03,-1.291226,13.759834,5.36,Alluvium_Unconsolidated,1,Gabon
327.03,6.65,0.435,34.01,1241.5,0.313,1.68,1.61,-1.630643,13.187453,3.63,Alluvium_Unconsolidated,0,Gabon
356.13,7.55,0.31,35.94,1146.9,0.208,1.71,1.31,-1.283628,13.445028,5.12,Alluvium_Unconsolidated,0,Gabon
346.59,7.72,0.2,36.33,1218.9,0.208,3.18,1.31,-1.409439,13.278487,5.77,Alluvium_Unconsolidated,0,Gabon
352.85,3.83,0.208,30.03,1026.6,0.202,1.6,2.07,-1.381049,13.652694,2.87,Alluvium_Unconsolidated,1,Gabon
327.43,7.36,0.207,35.5,1230.2,0.218,2.87,1.3,-1.444248,13.239682,4.31,Alluvium_Unconsolidated,0,Gabon
336.7,7.07,0.471,34.88,1235.8,0.329,1.76,1.86,-1.664666,13.216468,2.66,Alluvium_Unconsolidated,0,Gabon
327.17,2.63,0.205,29.24,1243.2,0.216,1.65,1.9,-1.439652,13.00273,5.79,Alluvium_Unconsolidated,0,Gabon
350.91,7.11,0.233,34.95,1235.2,0.2,3.2,1.59,-1.345623,13.219071,5.24,Alluvium_Unconsolidated,1,Gabon
351.22,7.41,0.48,35.61,1139.3,0.36,1.6,2.34,-1.780584,13.459194,5.18,Alluvium_Unconsolidated,0,Gabon
391.63,5.38,0.428,31.84,1067.3,0.238,2.41,1.3,-1.201651,13.584762,5.8,Alluvium_Unconsolidated,0,Gabon
328.96,7.76,0.201,36.42,1217.2,0.212,3.15,1.3,-1.424519,13.283598,5.79,Alluvium_Unconsolidated,1,Gabon
339.67,4.76,0.491,31.01,1050.3,0.34,2.87,2.24,-1.693038,13.613048,4.31,Alluvium_Unconsolidated,1,Gabon
339.97,6.23,0.49,33.23,1245.3,0.34,2.25,1.8,-1.691164,13.162573,3.44,Alluvium_Unconsolidated,0,Gabon
348.09,7.83,0.244,36.6,1165.5,0.2,2.29,1.3,-1.334713,13.408279,4.91,Alluvium_Unconsolidated,0,Gabon
375.02,3.58,0.323,29.82,1020.3,0.21,2.21,1.61,-1.274428,13.663215,5.59,Alluvium_Unconsolidated,0,Gabon
359.3,3.39,0.242,29.68,1015.9,0.2,1.76,1.93,-1.337247,13.670755,2.79,Alluvium_Unconsolidated,0,Gabon
319.91,7.94,0.363,36.84,1175.8,0.285,2.54,2.06,-1.579272,13.386795,1.91,Alluvium_Unconsolidated,1,Gabon
342.37,5.04,0.492,31.37,1057.8,0.358,2.18,1.98,-1.760028,13.600506,2.52,Alluvium_Unconsolidated,1,Gabon
381.14,6.17,0.417,33.13,1245.7,0.234,2.68,2.37,-1.210203,13.1596,2.49,Alluvium_Unconsolidated,1,Gabon
366.67,2.3,0.379,29.12,956.8,0.222,3.12,1.82,-1.23718,13.775196,1.73,Alluvium_Unconsolidated,1,Gabon
314.92,7.31,0.243,35.4,1134.7,0.238,3.16,1.94,-1.491272,13.467867,4.34,Alluvium_Unconsolidated,0,Gabon
373.9,6.08,0.371,32.97,1246.2,0.22,2.96,2.27,-1.242552,13.15463,1.74,Alluvium_Unconsolidated,0,Gabon
339.76,3.72,0.5,29.94,1248.3,0.35,3.13,1.56,-1.72486,13.04631,4.77,Alluvium_Unconsolidated,0,Gabon
396.37,6.01,0.406,32.86,1246.7,0.23,2.8,2.36,-1.218359,13.151034,1.49,Alluvium_Unconsolidated,0,Gabon
317.0,7.85,0.497,36.64,1212.3,0.346,1.7,2.32,-1.708712,13.297975,3.35,Alluvium_Unconsolidated,0,Gabon
351.17,2.12,0.497,29.07,986.9,0.355,3.0,1.62,-1.746625,13.720592,5.14,Alluvium_Unconsolidated,1,Gabon
319.88,6.74,0.487,34.19,1111.0,0.337,2.31,2.47,-1.685358,13.510249,1.47,Alluvium_Unconsolidated,0,Gabon
331.83,7.08,0.34,34.9,1124.6,0.276,3.13,2.31,-1.564169,13.486233,5.76,Alluvium_Unconsolidated,1,Gabon
342.9,7.99,0.22,36.97,1197.8,0.2,2.94,1.31,-1.360947,13.336275,1.54,Alluvium_Unconsolidated,0,Gabon
312.59,5.77,0.254,32.45,1247.9,0.243,1.79,1.32,-1.501502,13.138249,5.25,Alluvium_Unconsolidated,0,Gabon
358.43,2.62,0.494,29.24,1243.1,0.343,3.15,1.38,-1.700232,13.002203,4.54,Alluvium_Unconsolidated,0,Gabon
309.59,5.83,0.388,32.55,1080.7,0.294,3.18,2.5,-1.596425,13.562199,5.74,Alluvium_Unconsolidated,0,Gabon
355.55,4.02,0.232,30.2,1031.1,0.2,1.64,1.89,-1.347703,13.645072,0.82,Alluvium_Unconsolidated,1,Gabon
323.6,6.01,0.288,32.86,1246.7,0.256,1.69,1.3,-1.528096,13.15102,5.7,Alluvium_Unconsolidated,0,Gabon
367.76,1.62,0.257,29.0,970.9,0.201,2.29,2.14,-1.323899,13.749166,5.72,Alluvium_Unconsolidated,0,Gabon
400.84,6.62,0.408,33.97,1106.9,0.231,1.88,1.32,-1.21687,13.517452,3.95,Alluvium_Unconsolidated,0,Gabon
330.13,5.37,0.252,31.84,1249.3,0.242,1.72,1.35,-1.499372,13.118628,5.56,Alluvium_Unconsolidated,0,Gabon
314.24,3.05,0.26,29.45,1007.9,0.245,2.17,2.5,-1.506831,13.6843,5.35,Alluvium_Unconsolidated,0,Gabon
308.12,7.8,0.237,36.52,1215.1,0.235,2.8,1.38,-1.485838,13.289792,3.84,Alluvium_Unconsolidated,0,Gabon
346.24,6.84,0.201,34.4,1114.8,0.211,2.53,1.74,-1.423687,13.503497,3.55,Alluvium_Unconsolidated,0,Gabon
375.15,7.98,0.274,36.94,1200.1,0.203,2.54,1.42,-1.309957,13.330588,3.45,Alluvium_Unconsolidated,0,Gabon
323.56,3.39,0.461,29.68,1247.1,0.324,2.72,1.33,-1.653804,13.032807,5.61,Alluvium_Unconsolidated,0,Gabon
347.91,3.35,0.49,29.65,1014.8,0.358,2.59,1.7,-1.764784,13.672487,2.27,Alluvium_Unconsolidated,0,Gabon
327.6,3.8,0.297,30.0,1248.5,0.26,1.67,1.38,-1.534829,13.049633,3.86,Alluvium_Unconsolidated,0,Gabon
337.58,7.77,0.202,36.44,1216.8,0.213,3.14,1.3,-1.428403,13.284664,5.77,Alluvium_Unconsolidated,0,Gabon
396.57,7.82,0.315,36.56,1214.2,0.208,2.5,1.63,-1.280019,13.292545,3.74,Alluvium_Unconsolidated,0,Gabon
373.37,6.9,0.386,34.52,1238.4,0.224,2.61,2.16,-1.232457,13.204298,3.01,Alluvium_Unconsolidated,0,Gabon
320.38,7.87,0.344,36.69,1210.7,0.278,2.13,1.71,-1.566605,13.302454,2.89,Alluvium_Unconsolidated,0,Gabon
323.54,4.66,0.453,30.89,1047.6,0.32,3.15,2.38,-1.646575,13.617625,5.79,Alluvium_Unconsolidated,0,Gabon
347.46,4.66,0.222,30.89,1250.0,0.2,2.73,1.99,-1.358558,13.085913,3.31,Alluvium_Unconsolidated,1,Gabon
320.88,6.93,0.243,34.59,1237.9,0.238,2.23,1.3,-1.491819,13.206511,2.12,Alluvium_Unconsolidated,0,Gabon
316.79,6.36,0.245,33.48,1244.2,0.239,2.0,1.31,-1.493639,13.170489,3.85,Alluvium_Unconsolidated,0,Gabon
393.56,6.79,0.405,34.29,1239.9,0.23,2.53,2.24,-1.219308,13.19647,3.53,Alluvium_Unconsolidated,1,Gabon
370.18,7.67,0.304,36.22,1220.8,0.207,2.7,1.66,-1.28813,13.272293,2.3,Alluvium_Unconsolidated,0,Gabon
352.58,7.41,0.481,35.61,1229.0,0.359,2.57,2.41,-1.778501,13.244172,5.14,Alluvium_Unconsolidated,0,Gabon
320.42,7.68,0.405,36.23,1220.7,0.301,1.69,1.8,-1.608672,13.272729,5.69,Alluvium_Unconsolidated,0,Gabon
335.07,6.03,0.434,32.88,1246.6,0.312,1.81,1.5,-1.630414,13.151591,2.02,Alluvium_Unconsolidated,0,Gabon
321.42,7.97,0.216,36.94,1200.6,0.224,3.13,1.39,-1.460499,13.329447,5.75,Alluvium_Unconsolidated,0,Gabon
332.87,8.0,0.497,37.0,1189.5,0.346,1.6,2.44,-1.70913,13.356368,5.28,Alluvium_Unconsolidated,0,Gabon
371.1,7.86,0.281,36.67,1211.4,0.203,2.68,1.51,-1.30468,13.300537,2.46,Alluvium_Unconsolidated,1,Gabon
338.31,7.91,0.203,36.79,1207.6,0.214,3.18,1.32,-1.433563,13.311126,5.78,Alluvium_Unconsolidated,0,Gabon
373.63,7.48,0.315,35.78,1143.1,0.208,1.67,1.31,-1.279975,13.452155,4.77,Alluvium_Unconsolidated,0,Gabon
334.95,7.02,0.492,34.78,1122.2,0.341,2.1,2.48,-1.694767,13.490473,3.08,Alluvium_Unconsolidated,0,Gabon
361.26,2.92,0.258,29.38,1244.9,0.201,2.62,2.36,-1.322246,13.014269,2.53,Alluvium_Unconsolidated,1,Gabon
366.73,7.14,0.491,35.02,1234.6,0.358,2.57,2.31,-1.763617,13.221532,5.14,Alluvium_Unconsolidated,0,Gabon
324.93,7.29,0.458,35.35,1133.6,0.323,2.38,2.49,-1.651178,13.469802,0.93,Alluvium_Unconsolidated,0,Gabon
319.54,2.66,0.39,29.26,999.0,0.295,2.91,2.35,-1.597847,13.699449,1.15,Alluvium_Unconsolidated,1,Gabon
317.41,1.57,0.458,29.0,972.0,0.323,3.05,1.98,-1.650949,13.747117,2.7,Alluvium_Unconsolidated,0,Gabon
324.47,7.81,0.205,36.54,1163.4,0.216,3.1,1.52,-1.438793,13.412629,3.43,Alluvium_Unconsolidated,1,Gabon
357.7,4.65,0.473,30.88,1047.5,0.36,2.02,1.78,-1.789319,13.6178,3.7,Alluvium_Unconsolidated,0,Gabon
390.12,3.1,0.399,29.49,1245.8,0.228,3.2,2.5,-1.2235,13.021283,5.52,Alluvium_Unconsolidated,0,Gabon
327.51,2.64,0.497,29.25,998.5,0.356,2.88,1.68,-1.749365,13.700444,4.42,Alluvium_Unconsolidated,1,Gabon
328.67,7.05,0.499,34.83,1123.1,0.354,1.75,2.39,-1.74059,13.488851,5.42,Alluvium_Unconsolidated,0,Gabon
310.01,7.26,0.401,35.28,1132.2,0.299,2.82,2.41,-1.60571,13.472354,3.95,Alluvium_Unconsolidated,0,Gabon
356.09,5.94,0.229,32.73,1084.1,0.2,1.67,1.59,-1.350294,13.556517,4.8,Alluvium_Unconsolidated,0,Gabon
342.96,6.25,0.209,33.28,1245.1,0.22,2.37,1.38,-1.449177,13.164103,1.06,Alluvium_Unconsolidated,0,Gabon
320.44,6.08,0.365,32.97,1246.3,0.286,1.61,1.36,-1.580672,13.154528,5.06,Alluvium_Unconsolidated,0,Gabon
346.07,2.82,0.486,29.33,946.1,0.359,3.13,1.36,-1.770673,13.79561,5.76,Alluvium_Unconsolidated,0,Gabon
365.49,1.91,0.373,29.03,982.3,0.221,2.91,1.68,-1.241135,13.728762,4.06,Alluvium_Unconsolidated,0,Gabon
330.7,4.52,0.483,30.72,1043.9,0.359,2.17,1.82,-1.77624,13.623791,2.57,Alluvium_Unconsolidated,0,Gabon
318.89,7.97,0.365,36.93,1201.2,0.285,2.16,1.86,-1.58052,13.327901,2.68,Alluvium_Unconsolidated,0,Gabon
324.35,2.38,0.259,29.15,992.7,0.245,2.01,2.5,-1.505988,13.710436,5.74,Alluvium_Unconsolidated,1,Gabon
372.14,3.3,0.338,29.61,1246.7,0.213,3.11,2.47,-1.264662,13.029123,5.7,Alluvium_Unconsolidated,0,Gabon
371.98,6.41,0.335,33.56,1099.2,0.212,1.65,1.31,-1.266585,13.530663,1.14,Alluvium_Unconsolidated,0,Gabon
315.0,5.28,0.491,31.71,1249.5,0.34,2.57,1.64,-1.692677,13.114347,5.16,Alluvium_Unconsolidated,0,Gabon
360.62,2.44,0.319,29.17,953.9,0.209,2.89,2.04,-1.277598,13.780665,4.16,Alluvium_Unconsolidated,0,Gabon
330.48,7.95,0.24,36.87,1177.2,0.237,3.16,1.63,-1.488668,13.383745,5.8,Alluvium_Unconsolidated,0,Gabon
378.94,4.86,0.316,31.14,1250.0,0.209,3.19,2.3,-1.27956,13.094949,5.67,Alluvium_Unconsolidated,0,Gabon
354.92,3.9,0.26,30.09,1248.8,0.201,2.86,2.26,-1.320988,13.053452,4.26,Alluvium_Unconsolidated,0,Gabon
338.61,7.92,0.201,36.82,1174.4,0.211,3.09,1.41,-1.421899,13.389862,3.32,Alluvium_Unconsolidated,0,Gabon
388.37,7.45,0.398,35.71,1141.5,0.227,1.63,1.4,-1.224277,13.455098,1.06,Alluvium_Unconsolidated,1,Gabon
372.45,4.3,0.466,30.49,1249.7,0.36,3.18,1.97,-1.796736,13.07052,1.21,Alluvium_Unconsolidated,1,Gabon
377.6,3.25,0.284,29.58,1246.5,0.204,2.87,2.39,-1.302309,13.027417,4.33,Alluvium_Unconsolidated,0,Gabon
305.45,4.75,0.27,31.0,1049.9,0.249,2.69,2.44,-1.514815,13.613683,2.36,Alluvium_Unconsolidated,1,Gabon
368.19,2.28,0.314,29.12,990.4,0.208,2.48,1.81,-1.281043,13.714356,5.77,Alluvium_Unconsolidated,0,Gabon
307.73,4.91,0.396,31.2,1250.0,0.297,1.87,1.33,-1.602141,13.097212,1.43,Alluvium_Unconsolidated,0,Gabon
394.24,7.09,0.41,34.92,1124.9,0.231,1.75,1.37,-1.215306,13.485641,2.69,Alluvium_Unconsolidated,1,Gabon
388.09,6.02,0.383,32.87,1246.6,0.223,2.92,2.31,-1.234739,13.151286,1.33,Alluvium_Unconsolidated,0,Gabon
377.32,6.85,0.349,34.42,1239.1,0.215,2.84,2.06,-1.257208,13.200776,1.06,Alluvium_Unconsolidated,1,Gabon
314.17,7.93,0.383,36.82,1174.5,0.292,2.43,2.14,-1.59279,13.389683,1.05,Alluvium_Unconsolidated,1,Gabon
317.7,6.6,0.3,33.92,1105.9,0.261,3.19,2.3,-1.53701,13.519138,4.9,Alluvium_Unconsolidated,0,Gabon
324.19,7.97,0.211,36.92,1201.7,0.202,3.07,1.31,-1.374311,13.326497,2.96,Alluvium_Unconsolidated,1,Gabon
311.97,4.75,0.209,31.0,1049.9,0.219,2.06,2.23,-1.447553,13.613709,5.65,Alluvium_Unconsolidated,0,Gabon
333.72,4.37,0.497,30.56,1249.8,0.346,2.94,1.58,-1.708831,13.073307,5.75,Alluvium_Unconsolidated,0,Gabon
341.91,3.85,0.203,30.04,1248.7,0.214,1.86,1.76,-1.43234,13.051413,4.8,Alluvium_Unconsolidated,0,Gabon
383.47,7.27,0.312,35.3,1232.1,0.208,2.88,1.83,-1.282422,13.231945,0.87,Alluvium_Unconsolidated,1,Gabon
333.95,7.66,0.207,36.17,1152.8,0.218,3.06,1.6,-1.445162,13.43354,2.93,Alluvium_Unconsolidated,1,Gabon
327.07,3.79,0.241,30.0,1248.5,0.237,1.61,1.52,-1.489546,13.049177,5.66,Alluvium_Unconsolidated,0,Gabon
339.0,6.95,0.2,34.62,1119.1,0.208,2.47,1.67,-1.412422,13.496,3.93,Alluvium_Unconsolidated,0,Gabon
327.44,2.92,0.302,29.38,1244.8,0.262,1.81,1.45,-1.53807,13.01396,2.06,Alluvium_Unconsolidated,0,Gabon
344.02,8.0,0.493,36.99,1194.9,0.358,1.82,2.5,-1.759451,13.343561,1.94,Alluvium_Unconsolidated,0,Gabon
360.74,1.96,0.218,29.04,983.5,0.201,1.83,2.23,-1.363697,13.726568,3.5,Alluvium_Unconsolidated,0,Gabon
359.47,3.19,0.242,29.54,1011.1,0.2,1.8,1.95,-1.336655,13.678793,3.19,Alluvium_Unconsolidated,0,Gabon
326.56,4.51,0.424,30.71,1043.6,0.308,3.2,2.43,-1.622408,13.624308,5.44,Alluvium_Unconsolidated,0,Gabon
324.67,2.97,0.24,29.41,1245.1,0.237,1.61,1.63,-1.488682,13.016155,5.05,Alluvium_Unconsolidated,0,Gabon
329.47,1.92,0.206,29.03,964.6,0.217,1.61,2.49,-1.441186,13.760707,2.04,Alluvium_Unconsolidated,1,Gabon
320.38,7.75,0.346,36.4,1217.7,0.279,2.0,1.65,-1.568291,13.282151,3.86,Alluvium_Unconsolidated,0,Gabon
308.52,7.86,0.341,36.66,1167.9,0.277,2.77,2.06,-1.56487,13.403344,3.64,Alluvium_Unconsolidated,0,Gabon
321.55,7.97,0.287,36.93,1181.4,0.256,2.91,1.78,-1.527803,13.374696,4.64,Alluvium_Unconsolidated,1,Gabon
350.52,5.47,0.495,31.98,1249.0,0.357,3.02,1.96,-1.754411,13.123247,5.53,Alluvium_Unconsolidated,1,Gabon
322.97,7.51,0.228,35.84,1144.5,0.231,3.15,1.8,-1.475742,13.449537,4.16,Alluvium_Unconsolidated,1,Gabon
313.93,2.78,0.458,29.31,1244.1,0.323,2.83,1.31,-1.65163,13.008651,5.79,Alluvium_Unconsolidated,0,Gabon
316.96,7.22,0.255,35.2,1233.1,0.243,2.26,1.32,-1.502527,13.22806,1.86,Alluvium_Unconsolidated,1,Gabon
336.85,5.49,0.452,32.02,1070.6,0.32,3.04,2.45,-1.645641,13.57918,5.37,Alluvium_Unconsolidated,1,Gabon
333.48,6.55,0.499,33.83,1242.5,0.348,2.36,1.98,-1.715523,13.181644,4.14,Alluvium_Unconsolidated,0,Gabon
355.93,4.27,0.328,30.45,1249.6,0.211,3.18,2.39,-1.271597,13.068998,5.78,Alluvium_Unconsolidated,0,Gabon
328.41,6.76,0.253,34.23,1240.2,0.242,2.08,1.3,-1.500146,13.194508,3.25,Alluvium_Unconsolidated,0,Gabon
326.58,6.24,0.461,33.25,1245.2,0.324,1.93,1.63,-1.654272,13.163104,0.81,Alluvium_Unconsolidated,1,Gabon
343.06,5.5,0.494,32.02,1248.9,0.357,3.03,1.97,-1.756212,13.124633,5.51,Alluvium_Unconsolidated,0,Gabon
343.31,4.95,0.204,31.25,1249.9,0.204,2.5,1.78,-1.391858,13.098956,1.58,Alluvium_Unconsolidated,0,Gabon
348.77,3.41,0.23,29.69,1247.2,0.2,2.49,2.21,-1.348977,13.033679,1.53,Alluvium_Unconsolidated,0,Gabon
381.89,5.65,0.409,32.27,1248.4,0.231,2.88,2.41,-1.216012,13.132395,0.87,Alluvium_Unconsolidated,0,Gabon
384.09,2.16,0.418,29.08,987.7,0.234,3.07,1.52,-1.209512,13.71923,2.42,Alluvium_Unconsolidated,0,Gabon
352.54,7.36,0.225,35.5,1137.0,0.2,2.13,1.38,-1.354906,13.463601,5.49,Alluvium_Unconsolidated,0,Gabon
319.43,5.96,0.423,32.76,1084.6,0.308,3.08,2.5,-1.621714,13.555648,5.58,Alluvium_Unconsolidated,0,Gabon
336.3,7.13,0.497,35.01,1234.7,0.345,2.05,2.08,-1.707496,13.221123,1.87,Alluvium_Unconsolidated,0,Gabon
358.24,7.87,0.222,36.67,1168.3,0.2,2.55,1.31,-1.358733,13.402656,3.41,Alluvium_Unconsolidated,0,Gabon
320.51,7.56,0.384,35.94,1147.0,0.293,2.76,2.3,-1.593395,13.444762,3.59,Alluvium_Unconsolidated,0,Gabon
343.08,7.95,0.494,36.89,1178.2,0.357,1.67,2.5,-1.755553,13.381534,3.9,Alluvium_Unconsolidated,0,Gabon
364.77,8.0,0.245,37.0,1189.7,0.2,2.62,1.33,-1.334572,13.355754,2.94,Alluvium_Unconsolidated,0,Gabon
370.82,7.87,0.374,36.69,1168.9,0.221,1.65,1.47,-1.240298,13.401391,4.49,Alluvium_Unconsolidated,0,Gabon
326.58,6.39,0.216,33.54,1243.9,0.224,2.32,1.35,-1.4596,13.172232,1.44,Alluvium_Unconsolidated,1,Gabon
385.67,2.74,0.273,29.29,947.8,0.203,2.69,2.22,-1.310299,13.792302,5.28,Alluvium_Unconsolidated,1,Gabon
354.55,3.81,0.491,30.01,1248.6,0.358,3.2,1.74,-1.762599,13.050045,2.7,Alluvium_Unconsolidated,0,Gabon
325.57,7.96,0.215,36.9,1179.1,0.201,2.78,1.3,-1.36882,13.37964,1.63,Alluvium_Unconsolidated,1,Gabon
307.19,5.69,0.326,32.32,1076.4,0.271,3.15,2.45,-1.554721,13.569461,4.11,Alluvium_Unconsolidated,0,Gabon
319.34,6.26,0.389,33.29,1245.0,0.295,1.62,1.42,-1.597112,13.164423,4.63,Alluvium_Unconsolidated,0,Gabon
316.52,4.26,0.384,30.44,1249.6,0.293,1.95,1.3,-1.593874,13.06869,0.98,Alluvium_Unconsolidated,1,Gabon
336.28,3.56,0.485,29.8,1247.7,0.337,2.92,1.4,-1.683202,13.039532,5.78,Alluvium_Unconsolidated,0,Gabon
364.92,2.1,0.263,29.07,986.5,0.202,2.17,2.02,-1.318105,13.721181,5.46,Alluvium_Unconsolidated,0,Gabon
354.84,1.91,0.498,29.03,964.8,0.346,3.2,1.66,-1.709734,13.76021,5.35,Alluvium_Unconsolidated,0,Gabon
329.49,2.07,0.209,29.06,961.4,0.219,1.6,2.5,-1.448026,13.766577,2.25,Alluvium_Unconsolidated,0,Gabon
336.67,6.84,0.497,34.4,1239.2,0.346,2.19,2.02,-1.709463,13.2,3.0,Alluvium_Unconsolidated,0,Gabon
371.82,5.12,0.493,31.48,1060.1,0.357,2.18,2.01,-1.757699,13.596759,2.53,Alluvium_Unconsolidated,1,Gabon
350.96,5.65,0.218,32.25,1075.1,0.201,1.69,1.7,-1.364439,13.571558,4.98,Alluvium_Unconsolidated,0,Gabon
337.78,2.46,0.215,29.17,994.4,0.201,1.72,2.19,-1.368096,13.707533,2.35,Alluvium_Unconsolidated,0,Gabon
348.4,6.74,0.226,34.2,1240.4,0.2,3.18,1.64,-1.353673,13.193495,5.77,Alluvium_Unconsolidated,0,Gabon
382.59,5.15,0.398,31.52,1060.8,0.227,2.26,1.32,-1.224377,13.595491,5.68,Alluvium_Unconsolidated,0,Gabon
328.1,2.72,0.329,29.28,1243.8,0.272,1.98,1.41,-1.556945,13.006468,1.32,Alluvium_Unconsolidated,1,Gabon
327.59,7.91,0.234,36.78,1207.9,0.234,2.93,1.41,-1.482808,13.310321,4.73,Alluvium_Unconsolidated,0,Gabon
331.81,7.56,0.346,35.95,1147.2,0.278,2.96,2.21,-1.568032,13.444412,4.92,Alluvium_Unconsolidated,1,Gabon
391.65,1.61,0.337,29.0,975.8,0.212,2.77,1.83,-1.26557,13.740182,4.9,Alluvium_Unconsolidated,0,Gabon
374.58,7.98,0.332,36.95,1183.2,0.211,1.93,1.45,-1.268937,13.370683,5.8,Alluvium_Unconsolidated,0,Gabon
332.33,5.93,0.202,32.72,1083.8,0.214,2.27,1.97,-1.431749,13.556993,5.0,Alluvium_Unconsolidated,1,Gabon
329.39,7.13,0.5,35.01,1126.7,0.351,1.81,2.44,-1.72753,13.482395,5.12,Alluvium_Unconsolidated,0,Gabon
359.94,7.22,0.48,35.19,1130.3,0.36,1.6,2.3,-1.780197,13.475759,5.53,Alluvium_Unconsolidated,0,Gabon
331.45,4.74,0.497,30.99,1250.0,0.356,3.1,1.8,-1.747078,13.089582,5.05,Alluvium_Unconsolidated,0,Gabon
336.44,2.92,0.2,29.38,1004.8,0.207,1.6,2.3,-1.407551,13.689588,3.0,Alluvium_Unconsolidated,0,Gabon
329.72,2.58,0.235,29.22,1242.9,0.234,1.61,1.7,-1.483505,13.000895,4.84,Alluvium_Unconsolidated,0,Gabon
374.77,4.79,0.308,31.04,1250.0,0.207,3.18,2.29,-1.285258,13.091581,5.77,Alluvium_Unconsolidated,0,Gabon
331.08,5.49,0.2,32.01,1070.5,0.209,1.97,1.96,-1.413527,13.579365,5.79,Alluvium_Unconsolidated,0,Gabon
344.03,8.0,0.2,36.99,1194.7,0.209,3.17,1.32,-1.412854,13.343935,4.56,Alluvium_Unconsolidated,0,Gabon
335.06,4.43,0.5,30.62,1249.8,0.35,3.02,1.64,-1.722798,13.075795,5.53,Alluvium_Unconsolidated,0,Gabon
328.23,2.5,0.206,29.19,952.6,0.217,1.63,2.5,-1.442635,13.78319,1.03,Alluvium_Unconsolidated,1,Gabon
381.15,7.94,0.405,36.85,1205.3,0.23,1.82,1.83,-1.218807,13.317328,5.68,Alluvium_Unconsolidated,0,Gabon
345.03,4.59,0.479,30.81,1045.9,0.36,2.11,1.81,-1.781049,13.620468,3.05,Alluvium_Unconsolidated,0,Gabon
336.39,6.55,0.471,33.83,1242.5,0.329,1.92,1.74,-1.66509,13.181488,0.92,Alluvium_Unconsolidated,0,Gabon
318.41,3.67,0.325,29.89,1022.5,0.27,2.77,2.49,-1.553756,13.659521,1.75,Alluvium_Unconsolidated,1,Gabon
315.16,7.73,0.451,36.35,1218.5,0.32,1.6,2.0,-1.645006,13.279657,5.63,Alluvium_Unconsolidated,0,Gabon
378.8,4.01,0.364,30.2,1249.1,0.218,3.2,2.46,-1.247555,13.058373,5.51,Alluvium_Unconsolidated,1,Gabon
350.07,7.97,0.478,36.93,1200.7,0.36,2.08,2.5,-1.782715,13.329076,2.11,Alluvium_Unconsolidated,0,Gabon
389.95,5.11,0.391,31.47,1059.8,0.226,2.23,1.33,-1.228963,13.597167,5.62,Alluvium_Unconsolidated,0,Gabon
356.87,7.63,0.349,36.12,1222.4,0.215,2.45,1.82,-1.257583,13.267193,4.06,Alluvium_Unconsolidated,0,Gabon
320.1,2.09,0.265,29.07,986.1,0.247,1.99,2.49,-1.510675,13.721896,5.77,Alluvium_Unconsolidated,0,Gabon
331.41,5.58,0.459,32.15,1248.7,0.323,2.1,1.52,-1.652303,13.128555,2.34,Alluvium_Unconsolidated,0,Gabon
324.78,5.73,0.371,32.38,1248.1,0.288,1.64,1.35,-1.585091,13.135982,4.28,Alluvium_Unconsolidated,0,Gabon
335.74,1.58,0.497,29.0,971.7,0.346,3.2,1.7,-1.708354,13.747709,5.54,Alluvium_Unconsolidated,0,Gabon
320.14,4.29,0.355,30.47,1037.9,0.282,3.04,2.49,-1.574385,13.633723,2.64,Alluvium_Unconsolidated,0,Gabon
362.91,4.79,0.243,31.06,1051.2,0.2,1.61,1.71,-1.335608,13.611578,1.58,Alluvium_Unconsolidated,0,Gabon
314.51,7.92,0.449,36.81,1174.3,0.319,1.97,2.33,-1.642999,13.389987,4.02,Alluvium_Unconsolidated,0,Gabon
325.43,5.06,0.464,31.4,1058.4,0.325,3.05,2.39,-1.656687,13.599632,5.44,Alluvium_Unconsolidated,0,Gabon
343.2,2.41,0.215,29.16,993.3,0.201,1.72,2.21,-1.369348,13.709369,2.35,Alluvium_Unconsolidated,0,Gabon
323.41,7.37,0.269,35.53,1137.7,0.249,3.2,2.02,-1.513954,13.462344,5.43,Alluvium_Unconsolidated,1,Gabon
341.14,1.95,0.483,29.04,983.1,0.359,2.82,1.49,-1.775499,13.727251,3.96,Alluvium_Unconsolidated,1,Gabon
326.29,5.39,0.223,31.86,1249.2,0.228,1.92,1.42,-1.469703,13.119239,4.42,Alluvium_Unconsolidated,0,Gabon
326.6,5.99,0.214,32.82,1246.8,0.223,2.19,1.39,-1.457858,13.149643,2.41,Alluvium_Unconsolidated,0,Gabon
332.82,3.75,0.201,29.96,1024.5,0.211,1.7,2.26,-1.42388,13.656248,5.1,Alluvium_Unconsolidated,0,Gabon
389.67,2.02,0.326,29.05,962.5,0.21,2.85,1.95,-1.272521,13.764474,4.47,Alluvium_Unconsolidated,0,Gabon
319.4,6.64,0.49,34.01,1241.5,0.339,2.1,1.88,-1.690561,13.18726,2.28,Alluvium_Unconsolidated,1,Gabon
324.0,3.62,0.251,29.85,1021.4,0.241,2.24,2.48,-1.499006,13.661452,5.09,Alluvium_Unconsolidated,1,Gabon
351.84,6.6,0.222,33.93,1242.0,0.2,3.15,1.64,-1.359317,13.184673,5.79,Alluvium_Unconsolidated,1,Gabon
341.14,1.86,0.493,29.02,965.9,0.342,3.19,1.72,-1.697717,13.758216,4.96,Alluvium_Unconsolidated,0,Gabon
313.28,6.9,0.362,34.51,1117.0,0.284,3.11,2.39,-1.578525,13.499648,5.69,Alluvium_Unconsolidated,0,Gabon
314.03,2.93,0.307,29.39,1005.1,0.264,2.47,2.49,-1.541397,13.689128,3.92,Alluvium_Unconsolidated,0,Gabon
313.26,4.28,0.342,30.47,1037.8,0.277,2.98,2.5,-1.565276,13.633867,1.98,Alluvium_Unconsolidated,0,Gabon
339.95,6.96,0.49,34.64,1119.6,0.358,1.66,2.3,-1.764091,13.495143,5.77,Alluvium_Unconsolidated,0,Gabon
374.46,4.11,0.321,30.29,1033.4,0.209,2.06,1.55,-1.276311,13.64119,5.08,Alluvium_Unconsolidated,0,Gabon
321.82,5.34,0.234,31.79,1066.2,0.234,2.56,2.29,-1.482462,13.586468,3.33,Alluvium_Unconsolidated,0,Gabon
321.28,3.9,0.245,30.09,1028.1,0.239,2.26,2.45,-1.493253,13.650061,5.02,Alluvium_Unconsolidated,0,Gabon
321.89,7.48,0.384,35.77,1227.2,0.293,1.69,1.65,-1.593394,13.250843,5.68,Alluvium_Unconsolidated,0,Gabon
317.99,5.25,0.24,31.67,1063.8,0.236,2.59,2.32,-1.488606,13.590561,3.11,Alluvium_Unconsolidated,0,Gabon
315.6,6.8,0.484,34.32,1113.4,0.336,2.32,2.48,-1.681983,13.505998,1.43,Alluvium_Unconsolidated,0,Gabon
316.96,4.26,0.22,30.44,1037.1,0.226,2.1,2.35,-1.46534,13.63504,5.58,Alluvium_Unconsolidated,0,Gabon
377.62,7.03,0.365,34.8,1236.4,0.219,2.68,2.07,-1.246375,13.213769,2.49,Alluvium_Unconsolidated,0,Gabon
346.95,1.79,0.206,29.02,967.2,0.203,1.82,2.38,-1.384432,13.755775,3.42,Alluvium_Unconsolidated,0,Gabon
319.42,5.77,0.26,32.45,1247.9,0.245,1.76,1.32,-1.50628,13.13823,5.4,Alluvium_Unconsolidated,0,Gabon
359.22,5.26,0.497,31.67,1249.5,0.346,2.73,1.71,-1.708509,13.113173,5.63,Alluvium_Unconsolidated,1,Gabon
399.84,7.98,0.407,36.96,1183.5,0.231,1.64,1.65,-1.217299,13.369907,4.38,Alluvium_Unconsolidated,0,Gabon
335.33,3.42,0.469,29.7,1247.2,0.328,2.79,1.35,-1.662927,13.033879,5.74,Alluvium_Unconsolidated,1,Gabon
307.87,7.99,0.423,36.99,1195.6,0.308,1.89,2.1,-1.621504,13.341808,4.59,Alluvium_Unconsolidated,0,Gabon
332.06,3.51,0.357,29.76,1018.7,0.282,2.9,2.46,-1.575146,13.666005,1.12,Alluvium_Unconsolidated,0,Gabon
345.92,3.12,0.498,29.5,1009.5,0.347,3.05,1.92,-1.712342,13.681456,5.41,Alluvium_Unconsolidated,0,Gabon
311.32,7.59,0.436,36.03,1223.7,0.313,1.61,1.87,-1.631958,13.26295,5.66,Alluvium_Unconsolidated,0,Gabon
328.0,7.26,0.208,35.28,1232.3,0.219,2.8,1.31,-1.446382,13.231073,3.86,Alluvium_Unconsolidated,0,Gabon
319.27,7.37,0.437,35.52,1229.9,0.313,1.6,1.8,-1.632342,13.240813,5.28,Alluvium_Unconsolidated,0,Gabon
355.93,1.76,0.239,29.01,979.0,0.2,2.05,2.16,-1.340026,13.734584,5.02,Alluvium_Unconsolidated,0,Gabon
333.64,5.47,0.438,31.99,1070.0,0.314,3.1,2.47,-1.633592,13.580184,5.67,Alluvium_Unconsolidated,0,Gabon
315.26,5.18,0.338,31.56,1061.6,0.276,3.12,2.49,-1.56298,13.594235,3.62,Alluvium_Unconsolidated,1,Gabon
334.5,6.75,0.245,34.21,1111.3,0.239,3.05,2.09,-1.493188,13.509728,2.74,Alluvium_Unconsolidated,0,Gabon
370.06,4.47,0.306,30.67,1249.9,0.207,3.15,2.32,-1.286149,13.077846,5.8,Alluvium_Unconsolidated,0,Gabon
327.9,3.23,0.381,29.56,1246.4,0.292,2.17,1.31,-1.591814,13.026254,2.88,Alluvium_Unconsolidated,0,Gabon
323.55,7.37,0.246,35.52,1137.3,0.239,3.18,1.93,-1.493897,13.463003,4.64,Alluvium_Unconsolidated,0,Gabon
325.81,6.47,0.212,33.67,1101.3,0.221,2.66,1.97,-1.453202,13.527054,2.63,Alluvium_Unconsolidated,1,Gabon
314.29,3.8,0.401,30.0,1248.5,0.299,2.16,1.3,-1.605602,13.04929,2.77,Alluvium_Unconsolidated,0,Gabon
378.45,1.55,0.339,29.0,974.5,0.213,2.8,1.83,-1.263859,13.742656,4.75,Alluvium_Unconsolidated,0,Gabon
352.72,2.87,0.474,29.36,1244.6,0.36,3.06,1.72,-1.787699,13.012206,2.59,Alluvium_Unconsolidated,1,Gabon
359.56,7.95,0.222,36.87,1177.1,0.2,2.67,1.3,-1.359339,13.384028,2.53,Alluvium_Unconsolidated,0,Gabon
315.61,7.86,0.452,36.67,1168.2,0.32,2.02,2.37,-1.64571,13.402874,3.68,Alluvium_Unconsolidated,0,Gabon
309.23,3.76,0.304,29.96,1024.7,0.263,2.66,2.5,-1.539473,13.655844,2.6,Alluvium_Unconsolidated,1,Gabon
330.76,7.93,0.481,36.83,1175.2,0.334,1.73,2.43,-1.677039,13.388076,5.51,Alluvium_Unconsolidated,0,Gabon
361.41,8.0,0.206,36.99,1195.4,0.203,3.07,1.3,-1.38457,13.342286,2.94,Alluvium_Unconsolidated,0,Gabon
304.71,3.47,0.35,29.74,1247.4,0.28,1.94,1.33,-1.570524,13.036097,0.86,Alluvium_Unconsolidated,0,Gabon
334.99,7.94,0.5,36.85,1205.2,0.351,1.74,2.42,-1.728137,13.317585,2.93,Alluvium_Unconsolidated,0,Gabon
322.42,7.88,0.413,36.7,1210.4,0.304,1.77,1.93,-1.61437,13.303316,5.34,Alluvium_Unconsolidated,0,Gabon
331.21,6.0,0.457,32.84,1246.7,0.322,1.97,1.58,-1.650614,13.15033,1.15,Alluvium_Unconsolidated,0,Gabon
333.94,8.0,0.492,37.0,1192.4,0.341,1.6,2.4,-1.694536,13.349443,5.56,Alluvium_Unconsolidated,0,Gabon
350.68,7.91,0.498,36.78,1172.6,0.347,1.62,2.49,-1.712477,13.393605,5.75,Alluvium_Unconsolidated,0,Gabon
375.34,1.65,0.357,29.0,970.4,0.217,2.93,1.8,-1.251816,13.750088,3.85,Alluvium_Unconsolidated,0,Gabon
327.48,7.99,0.297,36.98,1185.6,0.26,2.81,1.78,-1.534635,13.365279,3.93,Alluvium_Unconsolidated,0,Gabon
322.88,4.21,0.26,30.39,1035.9,0.245,2.47,2.46,-1.506854,13.637154,3.91,Alluvium_Unconsolidated,0,Gabon
348.35,7.18,0.47,35.11,1128.7,0.36,1.6,2.25,-1.79167,13.478688,5.25,Alluvium_Unconsolidated,1,Gabon
326.45,7.95,0.498,36.88,1177.7,0.347,1.61,2.48,-1.711163,13.382767,5.67,Alluvium_Unconsolidated,0,Gabon
388.14,3.81,0.338,30.01,1025.9,0.213,2.25,1.54,-1.264569,13.653799,5.66,Alluvium_Unconsolidated,0,Gabon
311.88,7.08,0.471,34.89,1124.3,0.329,2.36,2.5,-1.664706,13.486623,1.1,Alluvium_Unconsolidated,1,Gabon
329.41,6.46,0.373,33.66,1101.1,0.288,3.15,2.45,-1.585958,13.527498,5.8,Alluvium_Unconsolidated,0,Gabon
326.98,1.68,0.487,29.01,977.4,0.338,3.19,1.85,-1.685641,13.737472,5.03,Alluvium_Unconsolidated,0,Gabon
312.79,7.62,0.267,36.08,1223.0,0.248,2.41,1.4,-1.512343,13.265331,0.86,Alluvium_Unconsolidated,0,Gabon
315.86,3.6,0.455,29.84,1020.9,0.321,3.2,2.27,-1.648022,13.662206,5.45,Alluvium_Unconsolidated,0,Gabon
311.56,7.11,0.238,34.96,1125.7,0.235,3.1,1.97,-1.486252,13.48421,3.41,Alluvium_Unconsolidated,0,Gabon
369.01,5.41,0.37,31.89,1249.2,0.22,3.1,2.36,-1.243511,13.120263,3.4,Alluvium_Unconsolidated,0,Gabon
321.82,7.99,0.324,36.99,1186.8,0.27,2.63,1.86,-1.553556,13.362435,2.59,Alluvium_Unconsolidated,1,Gabon
320.18,6.62,0.423,33.97,1106.8,0.308,2.93,2.49,-1.62129,13.517586,4.72,Alluvium_Unconsolidated,0,Gabon
319.02,5.15,0.39,31.52,1060.8,0.295,3.2,2.5,-1.598133,13.595491,5.29,Alluvium_Unconsolidated,0,Gabon
346.87,7.97,0.498,36.94,1200.7,0.347,1.64,2.4,-1.712727,13.329206,4.34,Alluvium_Unconsolidated,0,Gabon
333.0,3.52,0.208,29.78,1019.1,0.219,1.8,2.37,-1.447039,13.665306,5.61,Alluvium_Unconsolidated,0,Gabon
348.89,7.86,0.256,36.66,1211.6,0.201,2.85,1.44,-1.324597,13.299954,0.97,Alluvium_Unconsolidated,0,Gabon
325.6,3.14,0.341,29.51,1246.0,0.277,1.96,1.36,-1.564885,13.022873,1.09,Alluvium_Unconsolidated,0,Gabon
377.09,6.69,0.363,34.1,1241.0,0.218,2.83,2.14,-1.24816,13.19013,1.21,Alluvium_Unconsolidated,0,Gabon
311.83,2.11,0.462,29.07,960.6,0.325,2.99,1.88,-1.655211,13.768089,2.01,Alluvium_Unconsolidated,0,Gabon
370.64,5.25,0.334,31.66,1063.6,0.212,1.87,1.4,-1.267472,13.590825,3.85,Alluvium_Unconsolidated,0,Gabon
322.5,6.37,0.272,33.48,1097.9,0.25,3.09,2.26,-1.515974,13.532941,3.23,Alluvium_Unconsolidated,0,Gabon
366.79,2.83,0.466,29.34,945.9,0.36,3.0,1.32,-1.796095,13.79605,5.17,Alluvium_Unconsolidated,0,Gabon
332.97,7.45,0.49,35.7,1228.0,0.34,1.79,2.1,-1.690775,13.247921,2.29,Alluvium_Unconsolidated,0,Gabon
402.32,7.45,0.419,35.69,1141.2,0.234,1.68,1.44,-1.208819,13.455763,1.73,Alluvium_Unconsolidated,0,Gabon
392.73,3.36,0.425,29.66,1015.3,0.236,2.9,1.39,-1.204473,13.671742,4.14,Alluvium_Unconsolidated,0,Gabon
334.78,6.87,0.499,34.45,1238.8,0.354,2.48,2.17,-1.741138,13.201945,4.75,Alluvium_Unconsolidated,0,Gabon
328.51,2.86,0.491,29.35,945.3,0.34,3.09,1.61,-1.693058,13.797168,3.29,Alluvium_Unconsolidated,0,Gabon
332.22,2.65,0.498,29.25,1243.3,0.347,3.18,1.41,-1.712357,13.003418,3.93,Alluvium_Unconsolidated,0,Gabon
336.64,7.99,0.475,36.97,1197.3,0.36,2.05,2.5,-1.785975,13.337704,1.92,Alluvium_Unconsolidated,1,Gabon
332.87,3.02,0.241,29.44,1007.1,0.237,2.01,2.49,-1.489336,13.68559,5.74,Alluvium_Unconsolidated,0,Gabon
337.95,7.27,0.2,35.3,1232.1,0.207,3.08,1.36,-1.406219,13.232047,5.58,Alluvium_Unconsolidated,0,Gabon
372.66,6.74,0.346,34.19,1111.0,0.214,1.63,1.3,-1.259337,13.510284,0.93,Alluvium_Unconsolidated,1,Gabon
332.29,3.87,0.319,30.06,1248.7,0.269,1.73,1.35,-1.550307,13.052318,2.99,Alluvium_Unconsolidated,1,Gabon
316.48,7.96,0.278,36.9,1202.8,0.252,2.7,1.58,-1.520425,13.323678,3.09,Alluvium_Unconsolidated,0,Gabon
336.94,3.49,0.26,29.75,1018.3,0.245,2.28,2.49,-1.506326,13.666659,4.94,Alluvium_Unconsolidated,0,Gabon
325.21,1.9,0.235,29.03,964.9,0.234,1.66,2.49,-1.483078,13.760047,4.67,Alluvium_Unconsolidated,0,Gabon
396.73,6.96,0.382,34.64,1119.4,0.223,1.68,1.32,-1.235465,13.495378,1.71,Alluvium_Unconsolidated,0,Gabon
344.33,6.37,0.498,33.5,1098.1,0.355,1.92,2.27,-1.745328,13.532583,4.42,Alluvium_Unconsolidated,0,Gabon
321.14,7.83,0.289,36.58,1165.0,0.257,3.06,1.91,-1.529143,13.409344,5.46,Alluvium_Unconsolidated,0,Gabon
307.49,8.0,0.433,36.99,1194.6,0.312,1.84,2.15,-1.629817,13.34423,4.9,Alluvium_Unconsolidated,0,Gabon
360.61,4.99,0.229,31.3,1056.4,0.2,1.6,1.75,-1.35044,13.60288,3.05,Alluvium_Unconsolidated,0,Gabon
317.15,7.4,0.253,35.59,1229.2,0.242,2.38,1.34,-1.500708,13.243289,0.97,Alluvium_Unconsolidated,1,Gabon
353.18,5.91,0.486,32.68,1247.2,0.359,3.04,2.12,-1.771993,13.145319,5.46,Alluvium_Unconsolidated,0,Gabon
388.0,7.49,0.366,35.79,1143.4,0.219,1.6,1.35,-1.24622,13.451533,2.82,Alluvium_Unconsolidated,0,Gabon
324.34,7.58,0.274,36.0,1224.1,0.251,2.33,1.41,-1.517689,13.261603,1.32,Alluvium_Unconsolidated,1,Gabon
331.11,3.94,0.497,30.12,1248.9,0.345,3.01,1.52,-1.706522,13.05516,5.59,Alluvium_Unconsolidated,0,Gabon
328.08,2.76,0.404,29.3,947.3,0.301,2.44,2.02,-1.607878,13.793409,4.09,Alluvium_Unconsolidated,0,Gabon
328.43,6.94,0.49,34.6,1237.9,0.34,1.99,1.96,-1.691629,13.206732,1.4,Alluvium_Unconsolidated,0,Gabon
404.11,5.83,0.38,32.55,1080.6,0.223,1.96,1.31,-1.23632,13.562311,4.52,Alluvium_Unconsolidated,0,Gabon
370.41,4.24,0.294,30.43,1249.6,0.205,3.09,2.32,-1.295146,13.068018,5.61,Alluvium_Unconsolidated,0,Gabon
325.04,7.88,0.306,36.7,1169.3,0.264,2.94,1.93,-1.541163,13.400456,4.81,Alluvium_Unconsolidated,0,Gabon
316.85,7.98,0.272,36.96,1183.4,0.25,2.98,1.71,-1.515738,13.370144,5.03,Alluvium_Unconsolidated,0,Gabon
321.01,2.49,0.354,29.19,995.2,0.282,2.67,2.4,-1.57379,13.706106,2.55,Alluvium_Unconsolidated,1,Gabon
337.74,2.5,0.5,29.19,952.5,0.353,3.2,1.49,-1.733607,13.783215,5.57,Alluvium_Unconsolidated,1,Gabon
334.65,8.0,0.498,37.0,1189.8,0.347,1.6,2.45,-1.712143,13.355553,5.16,Alluvium_Unconsolidated,0,Gabon
362.98,3.62,0.25,29.85,1248.0,0.201,2.73,2.26,-1.329389,13.042258,3.31,Alluvium_Unconsolidated,0,Gabon
325.23,6.13,0.201,33.06,1245.9,0.211,2.58,1.47,-1.42266,13.157245,2.17,Alluvium_Unconsolidated,0,Gabon
355.15,7.67,0.254,36.2,1221.2,0.201,3.0,1.51,-1.325815,13.271228,2.14,Alluvium_Unconsolidated,0,Gabon
320.07,5.42,0.406,31.92,1068.6,0.301,3.19,2.5,-1.608785,13.582445,5.73,Alluvium_Unconsolidated,0,Gabon
340.25,7.29,0.213,35.35,1231.6,0.201,3.19,1.45,-1.371276,13.234066,5.65,Alluvium_Unconsolidated,0,Gabon
331.06,4.56,0.456,30.77,1044.9,0.322,3.15,2.37,-1.648841,13.62202,5.8,Alluvium_Unconsolidated,0,Gabon
307.43,7.92,0.229,36.81,1206.9,0.231,2.98,1.4,-1.476841,13.312981,5.06,Alluvium_Unconsolidated,0,Gabon
378.73,7.11,0.335,34.97,1235.1,0.212,2.82,1.95,-1.266477,13.219628,1.31,Alluvium_Unconsolidated,0,Gabon
359.57,4.85,0.471,31.12,1250.0,0.36,3.2,2.03,-1.791486,13.094231,2.74,Alluvium_Unconsolidated,1,Gabon
319.58,7.25,0.376,35.25,1131.7,0.29,2.95,2.36,-1.58837,13.473311,4.87,Alluvium_Unconsolidated,0,Gabon
334.12,2.76,0.242,29.3,1001.2,0.2,1.87,2.01,-1.33666,13.695695,3.9,Alluvium_Unconsolidated,0,Gabon
393.77,6.14,0.336,33.07,1090.3,0.212,1.7,1.33,-1.265893,13.545916,1.95,Alluvium_Unconsolidated,0,Gabon
322.46,7.99,0.286,36.97,1198.0,0.256,2.71,1.64,-1.526641,13.335924,3.21,Alluvium_Unconsolidated,1,Gabon
338.38,2.25,0.485,29.11,989.8,0.336,3.2,1.94,-1.68219,13.71555,5.41,Alluvium_Unconsolidated,0,Gabon
327.66,7.7,0.262,36.28,1155.8,0.246,3.18,1.87,-1.508445,13.427774,5.76,Alluvium_Unconsolidated,0,Gabon
341.04,7.21,0.211,35.18,1233.2,0.221,2.74,1.3,-1.451811,13.227389,3.37,Alluvium_Unconsolidated,0,Gabon
335.46,1.82,0.5,29.02,980.3,0.35,3.15,1.69,-1.722398,13.732233,5.8,Alluvium_Unconsolidated,0,Gabon
325.1,7.66,0.465,36.18,1152.9,0.326,2.09,2.46,-1.658476,13.433353,3.19,Alluvium_Unconsolidated,0,Gabon
346.39,6.35,0.486,33.45,1244.4,0.359,2.93,2.19,-1.770775,13.169374,5.77,Alluvium_Unconsolidated,0,Gabon
331.14,7.63,0.217,36.13,1222.3,0.225,2.87,1.31,-1.462124,13.267512,4.34,Alluvium_Unconsolidated,1,Gabon
353.43,1.62,0.464,29.0,970.9,0.36,2.74,1.37,-1.798899,13.749167,3.42,Alluvium_Unconsolidated,1,Gabon
362.12,6.75,0.262,34.23,1240.3,0.201,3.19,1.79,-1.319287,13.194448,4.84,Alluvium_Unconsolidated,0,Gabon
352.08,2.38,0.259,29.15,955.1,0.201,2.5,2.22,-1.321468,13.778443,5.74,Alluvium_Unconsolidated,1,Gabon
322.75,7.46,0.262,35.73,1142.1,0.246,3.2,1.97,-1.507781,13.454117,5.41,Alluvium_Unconsolidated,0,Gabon
336.77,6.13,0.474,33.05,1246.0,0.33,2.07,1.67,-1.667836,13.157008,2.09,Alluvium_Unconsolidated,0,Gabon
321.81,7.77,0.282,36.45,1160.7,0.254,3.11,1.91,-1.524003,13.417948,5.69,Alluvium_Unconsolidated,1,Gabon
324.42,7.93,0.474,36.82,1174.6,0.33,1.79,2.41,-1.668001,13.389409,5.21,Alluvium_Unconsolidated,0,Gabon
321.47,7.01,0.226,34.76,1236.7,0.23,2.44,1.3,-1.473899,13.212295,1.09,Alluvium_Unconsolidated,0,Gabon
323.0,7.13,0.424,35.0,1234.8,0.308,1.6,1.68,-1.622582,13.220768,5.15,Alluvium_Unconsolidated,0,Gabon
353.66,7.6,0.48,36.04,1149.3,0.334,1.98,2.49,-1.675958,13.440328,3.99,Alluvium_Unconsolidated,0,Gabon
331.28,8.0,0.5,37.0,1189.4,0.35,1.62,2.47,-1.724385,13.35661,4.67,Alluvium_Unconsolidated,0,Gabon
314.8,5.58,0.49,32.16,1248.6,0.34,2.47,1.68,-1.69149,13.128935,4.71,Alluvium_Unconsolidated,0,Gabon
319.6,4.16,0.251,30.34,1249.4,0.241,1.61,1.45,-1.498612,13.064314,5.68,Alluvium_Unconsolidated,1,Gabon
343.5,7.76,0.216,36.43,1160.0,0.201,2.53,1.34,-1.367293,13.419446,3.57,Alluvium_Unconsolidated,1,Gabon
293.06,5.86,0.322,32.61,1247.5,0.27,1.61,1.31,-1.552168,13.143082,5.66,Alluvium_Unconsolidated,0,Gabon
317.08,4.98,0.294,31.29,1249.9,0.259,1.6,1.32,-1.532356,13.100169,5.46,Alluvium_Unconsolidated,0,Gabon
325.56,7.92,0.257,36.79,1173.3,0.244,3.12,1.73,-1.503962,13.392173,5.73,Alluvium_Unconsolidated,1,Gabon
377.07,4.31,0.284,30.49,1038.5,0.204,1.82,1.63,-1.301974,13.632719,3.45,Alluvium_Unconsolidated,1,Gabon
333.06,7.07,0.315,34.87,1235.8,0.267,1.82,1.39,-1.547294,13.216134,5.02,Alluvium_Unconsolidated,0,Gabon
335.19,6.09,0.209,32.99,1088.8,0.219,2.47,2.02,-1.447806,13.548408,3.9,Alluvium_Unconsolidated,0,Gabon
334.41,8.0,0.206,37.0,1192.3,0.217,3.2,1.38,-1.442073,13.349703,5.51,Alluvium_Unconsolidated,1,Gabon
340.98,7.68,0.479,36.22,1154.2,0.333,1.94,2.48,-1.674254,13.430962,4.24,Alluvium_Unconsolidated,0,Gabon
331.31,7.83,0.496,36.59,1213.5,0.344,1.69,2.3,-1.704208,13.294417,3.49,Alluvium_Unconsolidated,0,Gabon
343.95,3.62,0.499,29.85,1247.9,0.354,3.18,1.61,-1.739749,13.041961,3.83,Alluvium_Unconsolidated,0,Gabon
358.86,5.82,0.224,32.53,1247.7,0.2,3.02,1.8,-1.356391,13.140612,5.27,Alluvium_Unconsolidated,0,Gabon
327.48,3.53,0.376,29.78,1019.1,0.29,3.0,2.44,-1.588159,13.665193,2.12,Alluvium_Unconsolidated,1,Gabon
382.97,6.94,0.323,34.6,1237.9,0.21,2.94,1.96,-1.274601,13.206691,1.54,Alluvium_Unconsolidated,1,Gabon
310.83,5.47,0.274,31.98,1249.0,0.251,1.66,1.32,-1.517467,13.123302,5.78,Alluvium_Unconsolidated,0,Gabon
343.83,3.24,0.499,29.58,1012.4,0.354,2.83,1.8,-1.740135,13.676608,4.05,Alluvium_Unconsolidated,0,Gabon
354.29,5.71,0.288,32.35,1076.9,0.204,1.63,1.44,-1.298956,13.568525,0.99,Alluvium_Unconsolidated,1,Gabon
338.23,6.8,0.413,34.32,1239.7,0.304,1.61,1.57,-1.613936,13.197599,4.88,Alluvium_Unconsolidated,0,Gabon
339.13,1.64,0.497,29.0,976.6,0.355,3.07,1.57,-1.746365,13.738908,5.53,Alluvium_Unconsolidated,0,Gabon
382.49,7.17,0.345,35.09,1128.3,0.214,1.6,1.31,-1.260106,13.4795,2.49,Alluvium_Unconsolidated,0,Gabon
319.4,4.44,0.33,30.64,1041.8,0.273,2.96,2.5,-1.557713,13.627191,1.75,Alluvium_Unconsolidated,1,Gabon
375.24,6.97,0.323,34.66,1119.8,0.21,1.6,1.3,-1.274477,13.494694,2.79,Alluvium_Unconsolidated,1,Gabon
329.65,7.3,0.292,35.36,1133.9,0.258,3.19,2.13,-1.531315,13.469258,5.7,Alluvium_Unconsolidated,0,Gabon
330.39,5.23,0.23,31.64,1063.2,0.232,2.49,2.29,-1.478542,13.591616,3.79,Alluvium_Unconsolidated,0,Gabon
322.32,5.85,0.204,32.59,1247.5,0.215,2.35,1.46,-1.436428,13.14253,1.18,Alluvium_Unconsolidated,1,Gabon
320.57,1.96,0.481,29.04,983.4,0.334,3.19,1.92,-1.677242,13.726765,4.98,Alluvium_Unconsolidated,0,Gabon
382.24,3.45,0.258,29.72,1017.4,0.201,1.84,1.85,-1.322277,13.668106,3.66,Alluvium_Unconsolidated,0,Gabon
358.29,4.66,0.469,30.89,1250.0,0.36,3.2,2.01,-1.792795,13.086113,2.26,Alluvium_Unconsolidated,1,Gabon
358.45,7.58,0.464,36.01,1148.6,0.36,1.68,2.32,-1.798586,13.441739,3.72,Alluvium_Unconsolidated,0,Gabon
339.04,5.95,0.496,32.75,1247.0,0.356,2.88,2.02,-1.750012,13.147553,5.8,Alluvium_Unconsolidated,0,Gabon
324.61,7.71,0.324,36.31,1219.2,0.27,2.1,1.57,-1.553402,13.277425,3.12,Alluvium_Unconsolidated,0,Gabon
340.05,1.97,0.48,29.04,963.5,0.36,2.96,1.4,-1.780155,13.762676,4.92,Alluvium_Unconsolidated,0,Gabon
321.01,2.34,0.344,29.14,955.8,0.278,2.16,2.25,-1.56697,13.777058,5.4,Alluvium_Unconsolidated,0,Gabon
373.46,4.91,0.309,31.2,1054.4,0.207,1.82,1.48,-1.284316,13.606306,3.45,Alluvium_Unconsolidated,0,Gabon
372.76,6.58,0.383,33.88,1242.2,0.223,2.75,2.22,-1.234524,13.183098,1.87,Alluvium_Unconsolidated,1,Gabon
333.63,7.51,0.206,35.84,1226.2,0.203,3.19,1.37,-1.38594,13.254245,5.67,Alluvium_Unconsolidated,0,Gabon
407.24,5.78,0.425,32.47,1247.8,0.237,2.74,2.43,-1.204105,13.138951,1.94,Alluvium_Unconsolidated,0,Gabon
322.82,7.59,0.229,36.03,1149.1,0.231,3.17,1.77,-1.476895,13.440783,4.53,Alluvium_Unconsolidated,1,Gabon
312.47,1.98,0.475,29.04,963.4,0.331,3.09,1.83,-1.669792,13.762923,3.26,Alluvium_Unconsolidated,0,Gabon
341.25,4.84,0.497,31.11,1052.4,0.356,2.34,2.0,-1.748615,13.609602,1.24,Alluvium_Unconsolidated,1,Gabon
339.69,6.79,0.499,34.31,1113.2,0.349,1.98,2.41,-1.719676,13.506461,3.97,Alluvium_Unconsolidated,0,Gabon
317.33,7.95,0.283,36.87,1204.2,0.255,2.64,1.58,-1.524701,13.320146,2.63,Alluvium_Unconsolidated,1,Gabon
340.51,7.69,0.5,36.26,1220.1,0.352,1.94,2.34,-1.730628,13.274579,0.94,Alluvium_Unconsolidated,0,Gabon
353.97,5.46,0.48,31.97,1069.6,0.36,1.9,1.96,-1.779543,13.580786,4.53,Alluvium_Unconsolidated,0,Gabon
339.17,6.17,0.493,33.13,1091.5,0.342,2.41,2.39,-1.698297,13.543941,0.85,Alluvium_Unconsolidated,1,Gabon
404.38,5.7,0.382,32.34,1076.8,0.223,2.0,1.31,-1.235403,13.568736,4.77,Alluvium_Unconsolidated,0,Gabon
330.92,6.67,0.497,34.05,1108.4,0.346,2.13,2.43,-1.707919,13.514859,2.87,Alluvium_Unconsolidated,0,Gabon
338.2,1.93,0.2,29.03,982.7,0.211,1.6,2.42,-1.421207,13.728011,2.17,Alluvium_Unconsolidated,0,Gabon
372.4,4.48,0.277,30.68,1043.0,0.203,1.75,1.63,-1.30774,13.625313,2.74,Alluvium_Unconsolidated,0,Gabon
327.65,7.34,0.211,35.46,1230.6,0.221,2.79,1.3,-1.453,13.238144,3.75,Alluvium_Unconsolidated,0,Gabon
345.34,7.94,0.318,36.86,1176.7,0.268,2.8,1.92,-1.549483,13.384842,3.83,Alluvium_Unconsolidated,0,Gabon
320.44,7.58,0.438,36.01,1148.5,0.314,2.37,2.42,-1.633683,13.441873,1.01,Alluvium_Unconsolidated,1,Gabon
350.54,1.66,0.498,29.0,970.1,0.355,3.12,1.54,-1.743917,13.750507,5.72,Alluvium_Unconsolidated,1,Gabon
330.14,1.81,0.462,29.02,966.9,0.325,3.04,1.92,-1.655553,13.75642,2.59,Alluvium_Unconsolidated,1,Gabon
385.01,1.66,0.369,29.0,976.9,0.22,2.94,1.72,-1.243635,13.738272,3.84,Alluvium_Unconsolidated,0,Gabon
383.42,7.82,0.38,36.57,1164.5,0.222,1.62,1.46,-1.236829,13.410299,3.98,Alluvium_Unconsolidated,0,Gabon
324.93,6.64,0.391,34.01,1107.6,0.295,3.07,2.46,-1.59819,13.516274,5.52,Alluvium_Unconsolidated,1,Gabon
339.65,7.95,0.5,36.89,1203.5,0.351,1.71,2.43,-1.726602,13.3219,3.22,Alluvium_Unconsolidated,0,Gabon
375.16,2.59,0.242,29.23,950.7,0.2,2.4,2.31,-1.337383,13.786732,5.8,Alluvium_Unconsolidated,0,Gabon
319.33,1.7,0.268,29.01,969.2,0.249,1.85,2.46,-1.51307,13.752167,5.74,Alluvium_Unconsolidated,0,Gabon
319.34,3.97,0.35,30.15,1029.9,0.28,2.96,2.49,-1.570483,13.647049,1.72,Alluvium_Unconsolidated,0,Gabon
329.79,5.01,0.499,31.34,1057.1,0.348,2.59,2.17,-1.716907,13.601669,2.31,Alluvium_Unconsolidated,1,Gabon
320.85,7.99,0.477,36.99,1195.9,0.332,1.63,2.31,-1.671891,13.341004,5.79,Alluvium_Unconsolidated,0,Gabon
364.07,3.77,0.248,29.97,1024.9,0.2,1.73,1.84,-1.331446,13.655472,2.49,Alluvium_Unconsolidated,0,Gabon
355.21,4.22,0.48,30.4,1249.5,0.36,3.2,1.88,-1.779903,13.067164,2.28,Alluvium_Unconsolidated,0,Gabon
324.87,7.69,0.26,36.25,1155.0,0.245,3.19,1.87,-1.506737,13.429405,5.73,Alluvium_Unconsolidated,0,Gabon
329.87,7.97,0.493,36.93,1181.1,0.342,1.63,2.45,-1.696248,13.375233,5.79,Alluvium_Unconsolidated,0,Gabon
327.47,7.85,0.265,36.63,1166.5,0.247,3.13,1.81,-1.510538,13.406226,5.76,Alluvium_Unconsolidated,0,Gabon
366.32,5.11,0.278,31.47,1249.8,0.203,3.15,2.16,-1.306476,13.106503,5.79,Alluvium_Unconsolidated,0,Gabon
328.87,4.01,0.494,30.2,1031.1,0.357,2.51,1.84,-1.755127,13.645153,1.64,Alluvium_Unconsolidated,1,Gabon
337.44,2.98,0.208,29.41,1245.1,0.202,2.09,2.13,-1.379924,13.016345,3.16,Alluvium_Unconsolidated,0,Gabon
371.14,6.49,0.304,33.72,1102.2,0.207,1.6,1.34,-1.287473,13.525619,2.25,Alluvium_Unconsolidated,1,Gabon
400.46,7.68,0.343,36.23,1154.3,0.214,1.65,1.35,-1.261541,13.430694,4.57,Alluvium_Unconsolidated,0,Gabon
343.94,5.54,0.201,32.09,1072.1,0.212,2.1,2.02,-1.426419,13.576713,5.58,Alluvium_Unconsolidated,0,Gabon
309.27,3.47,0.303,29.73,1017.7,0.262,2.58,2.5,-1.538617,13.667632,3.2,Alluvium_Unconsolidated,0,Gabon
338.09,2.17,0.283,29.09,959.3,0.204,2.62,2.12,-1.30294,13.770381,5.5,Alluvium_Unconsolidated,0,Gabon
353.4,2.03,0.258,29.05,984.9,0.201,2.14,2.05,-1.322454,13.724037,5.39,Alluvium_Unconsolidated,0,Gabon
336.88,2.61,0.339,29.23,997.8,0.276,2.6,2.43,-1.563684,13.701617,3.04,Alluvium_Unconsolidated,0,Gabon
311.35,4.05,0.294,30.23,1249.2,0.259,1.64,1.37,-1.532207,13.059657,4.38,Alluvium_Unconsolidated,0,Gabon
346.8,1.52,0.302,29.0,973.1,0.206,2.59,1.96,-1.289204,13.74509,5.57,Alluvium_Unconsolidated,1,Gabon
318.27,7.64,0.268,36.13,1151.8,0.248,3.18,1.92,-1.512586,13.435584,5.75,Alluvium_Unconsolidated,1,Gabon
368.95,2.91,0.284,29.38,944.3,0.204,2.8,2.21,-1.302263,13.79912,4.79,Alluvium_Unconsolidated,0,Gabon
392.1,7.45,0.407,35.69,1228.0,0.23,2.19,2.08,-1.217366,13.247709,5.3,Alluvium_Unconsolidated,0,Gabon
331.27,5.35,0.2,31.8,1066.4,0.208,1.93,1.98,-1.412649,13.586138,5.8,Alluvium_Unconsolidated,0,Gabon
334.24,7.03,0.472,34.78,1122.3,0.36,1.6,2.22,-1.789786,13.490314,5.53,Alluvium_Unconsolidated,0,Gabon
341.65,2.19,0.5,29.09,959.1,0.352,3.19,1.54,-1.730189,13.770869,5.67,Alluvium_Unconsolidated,0,Gabon
330.31,7.89,0.499,36.74,1209.2,0.349,1.72,2.37,-1.718104,13.306603,3.11,Alluvium_Unconsolidated,0,Gabon
340.06,2.07,0.499,29.06,985.9,0.347,3.16,1.76,-1.714115,13.722401,5.8,Alluvium_Unconsolidated,0,Gabon
331.32,6.03,0.29,32.89,1246.6,0.257,1.69,1.3,-1.529387,13.151953,5.71,Alluvium_Unconsolidated,0,Gabon
346.06,4.51,0.278,30.71,1249.9,0.203,3.07,2.24,-1.306429,13.079274,5.53,Alluvium_Unconsolidated,0,Gabon
333.68,7.93,0.5,36.83,1175.1,0.351,1.6,2.5,-1.725948,13.388245,5.42,Alluvium_Unconsolidated,0,Gabon
345.39,3.94,0.202,30.12,1248.9,0.214,1.89,1.75,-1.431153,13.05516,4.63,Alluvium_Unconsolidated,0,Gabon
334.21,8.0,0.201,37.0,1193.4,0.207,3.14,1.31,-1.404913,13.346979,4.03,Alluvium_Unconsolidated,1,Gabon
321.32,4.67,0.5,30.9,1250.0,0.352,3.02,1.71,-1.730013,13.086455,5.53,Alluvium_Unconsolidated,0,Gabon
346.49,6.47,0.202,33.68,1101.5,0.205,2.12,1.7,-1.396018,13.526823,5.51,Alluvium_Unconsolidated,0,Gabon
356.2,1.55,0.49,29.0,972.5,0.358,2.98,1.48,-1.765491,13.746267,5.07,Alluvium_Unconsolidated,1,Gabon
335.04,5.11,0.5,31.46,1249.8,0.351,2.91,1.77,-1.727004,13.10612,5.78,Alluvium_Unconsolidated,0,Gabon
342.25,5.4,0.206,31.88,1249.2,0.218,2.15,1.5,-1.442853,13.120072,2.74,Alluvium_Unconsolidated,0,Gabon
354.67,7.48,0.217,35.78,1227.0,0.201,3.2,1.43,-1.366154,13.251422,5.2,Alluvium_Unconsolidated,0,Gabon
387.93,7.65,0.38,36.16,1221.7,0.222,2.23,1.92,-1.236603,13.269333,5.13,Alluvium_Unconsolidated,1,Gabon
311.15,5.97,0.358,32.78,1246.9,0.283,1.61,1.35,-1.576148,13.148684,5.09,Alluvium_Unconsolidated,0,Gabon
340.75,3.68,0.433,29.9,1248.1,0.312,2.42,1.31,-1.629799,13.044409,4.45,Alluvium_Unconsolidated,1,Gabon
361.44,5.35,0.251,31.81,1066.6,0.201,1.6,1.6,-1.328759,13.58582,2.34,Alluvium_Unconsolidated,1,Gabon
343.65,1.69,0.217,29.01,977.6,0.201,1.86,2.27,-1.365551,13.737117,3.82,Alluvium_Unconsolidated,0,Gabon
313.7,7.22,0.458,35.2,1233.1,0.323,1.66,1.84,-1.651187,13.228178,4.02,Alluvium_Unconsolidated,0,Gabon
307.0,7.3,0.317,35.37,1134.1,0.268,3.15,2.2,-1.54846,13.468993,5.79,Alluvium_Unconsolidated,1,Gabon
330.24,5.31,0.492,31.75,1065.4,0.358,2.1,2.02,-1.7608,13.587931,3.15,Alluvium_Unconsolidated,0,Gabon
321.76,4.25,0.219,30.44,1249.6,0.226,1.73,1.57,-1.464365,13.068449,5.52,Alluvium_Unconsolidated,0,Gabon
342.09,1.73,0.5,29.01,968.6,0.352,3.17,1.58,-1.732224,13.753242,5.8,Alluvium_Unconsolidated,0,Gabon
317.27,4.13,0.312,30.31,1034.0,0.266,2.8,2.5,-1.545218,13.640195,1.43,Alluvium_Unconsolidated,0,Gabon
338.61,5.55,0.496,32.11,1072.4,0.356,2.11,2.11,-1.751232,13.576151,3.03,Alluvium_Unconsolidated,1,Gabon
319.76,1.92,0.218,29.03,982.6,0.226,1.67,2.49,-1.463769,13.728146,4.76,Alluvium_Unconsolidated,0,Gabon
323.89,7.34,0.347,35.46,1136.1,0.279,3.04,2.27,-1.568906,13.465231,5.39,Alluvium_Unconsolidated,1,Gabon
367.12,6.84,0.311,34.4,1239.2,0.208,3.03,1.94,-1.282845,13.200177,2.46,Alluvium_Unconsolidated,1,Gabon
375.96,7.81,0.398,36.55,1214.5,0.228,1.99,1.9,-1.223752,13.291755,5.77,Alluvium_Unconsolidated,0,Gabon
312.47,8.0,0.446,37.0,1192.2,0.317,1.8,2.21,-1.639943,13.349953,5.15,Alluvium_Unconsolidated,0,Gabon
311.4,2.45,0.293,29.17,994.2,0.258,2.26,2.48,-1.531743,13.707838,5.02,Alluvium_Unconsolidated,0,Gabon
364.59,8.0,0.311,37.0,1190.2,0.208,2.13,1.45,-1.282804,13.354684,5.47,Alluvium_Unconsolidated,0,Gabon
366.76,7.99,0.38,36.99,1186.8,0.222,1.75,1.6,-1.236624,13.362412,5.39,Alluvium_Unconsolidated,0,Gabon
300.45,6.88,0.41,34.49,1116.6,0.303,2.91,2.46,-1.611715,13.500418,4.63,Alluvium_Unconsolidated,0,Gabon
341.23,7.62,0.201,36.1,1150.9,0.207,2.76,1.47,-1.405472,13.437363,1.76,Alluvium_Unconsolidated,0,Gabon
344.53,7.96,0.471,36.9,1202.9,0.36,2.19,2.5,-1.791497,13.323605,2.98,Alluvium_Unconsolidated,0,Gabon
343.3,5.96,0.2,32.76,1084.7,0.208,2.07,1.86,-1.409086,13.55547,5.64,Alluvium_Unconsolidated,0,Gabon
390.25,1.62,0.406,29.0,970.9,0.23,3.12,1.65,-1.218532,13.749164,1.63,Alluvium_Unconsolidated,0,Gabon
355.56,4.11,0.219,30.29,1249.3,0.201,2.55,2.06,-1.362427,13.062347,1.95,Alluvium_Unconsolidated,1,Gabon
340.86,7.56,0.204,35.96,1224.7,0.216,3.01,1.3,-1.437232,13.259354,5.21,Alluvium_Unconsolidated,0,Gabon
321.78,7.17,0.303,35.08,1234.1,0.262,1.92,1.39,-1.538609,13.223794,4.38,Alluvium_Unconsolidated,1,Gabon
320.74,1.84,0.231,29.02,980.7,0.232,1.73,2.5,-1.479431,13.731563,5.29,Alluvium_Unconsolidated,0,Gabon
333.69,2.46,0.493,29.17,994.4,0.357,2.85,1.62,-1.758144,13.707541,4.2,Alluvium_Unconsolidated,0,Gabon
327.04,7.82,0.5,36.57,1213.8,0.351,1.83,2.37,-1.727157,13.293543,1.86,Alluvium_Unconsolidated,0,Gabon
328.42,5.34,0.238,31.8,1249.3,0.236,1.79,1.38,-1.486579,13.117257,5.21,Alluvium_Unconsolidated,0,Gabon
321.95,3.91,0.5,30.1,1248.8,0.353,3.14,1.62,-1.732961,13.053892,4.63,Alluvium_Unconsolidated,0,Gabon
358.29,5.26,0.5,31.67,1063.9,0.351,2.43,2.17,-1.726843,13.590359,1.03,Alluvium_Unconsolidated,0,Gabon
324.37,6.76,0.388,34.25,1240.2,0.294,1.6,1.5,-1.596098,13.195018,5.45,Alluvium_Unconsolidated,0,Gabon
312.9,2.41,0.414,29.16,993.4,0.304,2.98,2.26,-1.614744,13.709272,1.92,Alluvium_Unconsolidated,1,Gabon
381.89,3.66,0.267,29.89,1022.4,0.202,1.85,1.78,-1.315034,13.659634,3.75,Alluvium_Unconsolidated,0,Gabon
320.37,7.04,0.376,34.81,1122.8,0.29,3.02,2.39,-1.588509,13.489391,5.28,Alluvium_Unconsolidated,0,Gabon
381.1,6.36,0.427,33.47,1097.6,0.237,2.08,1.32,-1.202567,13.533479,5.16,Alluvium_Unconsolidated,0,Gabon
362.68,2.3,0.31,29.12,956.7,0.208,2.82,2.04,-1.2836,13.775368,4.66,Alluvium_Unconsolidated,0,Gabon
309.28,6.54,0.443,33.81,1242.6,0.316,1.74,1.62,-1.637682,13.18089,2.88,Alluvium_Unconsolidated,0,Gabon
337.77,5.79,0.477,32.49,1247.8,0.332,2.22,1.63,-1.672261,13.139319,3.22,Alluvium_Unconsolidated,0,Gabon
356.6,2.89,0.469,29.36,1244.7,0.36,3.03,1.75,-1.792877,13.012801,2.92,Alluvium_Unconsolidated,0,Gabon
342.14,5.85,0.493,32.58,1247.5,0.357,2.97,2.04,-1.75831,13.142263,5.7,Alluvium_Unconsolidated,0,Gabon
326.87,8.0,0.2,37.0,1191.4,0.21,3.18,1.34,-1.420327,13.351886,4.66,Alluvium_Unconsolidated,0,Gabon
389.72,5.88,0.354,32.64,1247.4,0.216,3.07,2.26,-1.254193,13.144165,3.06,Alluvium_Unconsolidated,0,Gabon
349.7,3.74,0.49,29.95,1024.2,0.358,2.48,1.75,-1.765502,13.656666,1.44,Alluvium_Unconsolidated,0,Gabon
386.29,6.78,0.403,34.28,1239.9,0.229,2.55,2.23,-1.22085,13.19614,3.42,Alluvium_Unconsolidated,0,Gabon
312.61,3.89,0.285,30.08,1028.0,0.255,2.57,2.49,-1.526239,13.650356,3.25,Alluvium_Unconsolidated,0,Gabon
357.2,5.43,0.293,31.93,1068.9,0.205,1.67,1.46,-1.295843,13.582,1.51,Alluvium_Unconsolidated,0,Gabon
346.32,7.62,0.5,36.09,1222.8,0.351,1.97,2.3,-1.727552,13.265967,1.14,Alluvium_Unconsolidated,1,Gabon
328.8,4.11,0.5,30.29,1249.3,0.351,3.1,1.62,-1.727906,13.062324,5.09,Alluvium_Unconsolidated,0,Gabon
337.86,6.36,0.201,33.46,1097.5,0.212,2.34,1.85,-1.424004,13.533608,4.65,Alluvium_Unconsolidated,1,Gabon
367.11,5.81,0.282,32.52,1247.7,0.204,3.2,2.06,-1.303759,13.140493,5.54,Alluvium_Unconsolidated,0,Gabon
318.24,6.46,0.223,33.65,1101.0,0.228,2.8,2.05,-1.4695,13.527679,1.48,Alluvium_Unconsolidated,0,Gabon
314.57,1.8,0.203,29.02,967.1,0.214,1.61,2.48,-1.433279,13.755999,1.69,Alluvium_Unconsolidated,0,Gabon
311.92,2.74,0.282,29.29,947.8,0.254,1.75,2.36,-1.523756,13.79239,5.41,Alluvium_Unconsolidated,0,Gabon
323.9,5.28,0.438,31.71,1249.5,0.314,2.02,1.42,-1.633147,13.114454,1.63,Alluvium_Unconsolidated,1,Gabon
375.03,2.76,0.332,29.3,1244.0,0.211,3.01,2.48,-1.268881,13.007897,5.23,Alluvium_Unconsolidated,0,Gabon
318.65,7.97,0.35,36.92,1201.8,0.28,2.24,1.81,-1.570957,13.326284,2.07,Alluvium_Unconsolidated,0,Gabon
314.79,4.22,0.39,30.4,1249.5,0.295,1.99,1.3,-1.597866,13.067109,1.35,Alluvium_Unconsolidated,0,Gabon
318.21,7.59,0.302,36.03,1149.0,0.262,3.12,2.06,-1.538051,13.440907,5.71,Alluvium_Unconsolidated,0,Gabon
352.62,5.84,0.302,32.56,1247.6,0.206,3.19,2.12,-1.289147,13.141654,5.06,Alluvium_Unconsolidated,0,Gabon
399.77,6.03,0.43,32.89,1246.5,0.238,2.63,2.41,-1.200282,13.151991,2.83,Alluvium_Unconsolidated,1,Gabon
316.09,3.39,0.436,29.67,1015.8,0.313,3.18,2.3,-1.632,13.670882,4.62,Alluvium_Unconsolidated,0,Gabon
336.04,5.88,0.213,32.63,1082.1,0.222,2.47,2.09,-1.455466,13.559854,3.9,Alluvium_Unconsolidated,0,Gabon
345.71,3.74,0.5,29.95,1024.4,0.353,2.76,1.9,-1.735017,13.656426,3.55,Alluvium_Unconsolidated,1,Gabon
346.32,5.13,0.475,31.49,1249.7,0.36,3.19,2.05,-1.785853,13.107117,3.67,Alluvium_Unconsolidated,0,Gabon
329.42,6.53,0.373,33.79,1103.5,0.289,3.14,2.45,-1.586121,13.523308,5.78,Alluvium_Unconsolidated,0,Gabon
342.49,3.89,0.202,30.09,1248.8,0.213,1.9,1.77,-1.428282,13.053391,4.54,Alluvium_Unconsolidated,0,Gabon
356.33,2.67,0.5,29.26,999.1,0.349,3.07,1.82,-1.720077,13.699407,5.52,Alluvium_Unconsolidated,0,Gabon
301.52,2.26,0.416,29.11,957.6,0.305,2.65,2.04,-1.616644,13.773649,2.7,Alluvium_Unconsolidated,0,Gabon
386.0,2.37,0.391,29.14,992.5,0.226,2.91,1.57,-1.228879,13.710762,4.04,Alluvium_Unconsolidated,0,Gabon
368.37,7.84,0.265,36.6,1165.7,0.202,2.12,1.3,-1.316602,13.407957,5.52,Alluvium_Unconsolidated,0,Gabon
332.63,6.98,0.499,34.7,1120.6,0.348,1.94,2.44,-1.715816,13.493384,4.24,Alluvium_Unconsolidated,0,Gabon
355.42,7.62,0.474,36.08,1150.4,0.36,1.65,2.37,-1.787783,13.438244,4.21,Alluvium_Unconsolidated,0,Gabon
337.92,7.14,0.462,35.01,1126.8,0.324,2.43,2.5,-1.65491,13.482182,1.01,Alluvium_Unconsolidated,1,Gabon
346.08,6.97,0.492,34.67,1237.3,0.358,2.61,2.27,-1.76008,13.209269,5.31,Alluvium_Unconsolidated,1,Gabon
327.78,7.1,0.442,34.93,1125.2,0.315,2.62,2.48,-1.636468,13.485031,2.5,Alluvium_Unconsolidated,0,Gabon
342.52,8.0,0.202,37.0,1192.5,0.213,3.19,1.35,-1.428508,13.349167,5.09,Alluvium_Unconsolidated,0,Gabon
386.34,2.14,0.39,29.08,960.1,0.225,3.13,1.77,-1.229629,13.768978,1.47,Alluvium_Unconsolidated,0,Gabon
337.21,2.16,0.2,29.08,959.7,0.209,1.7,2.47,-1.413966,13.769721,2.03,Alluvium_Unconsolidated,0,Gabon
326.46,8.0,0.491,36.99,1188.3,0.34,1.61,2.41,-1.692493,13.359087,5.72,Alluvium_Unconsolidated,0,Gabon
326.34,6.49,0.21,33.72,1243.1,0.22,2.44,1.36,-1.450554,13.177983,1.13,Alluvium_Unconsolidated,0,Gabon
322.92,3.53,0.492,29.78,1019.1,0.341,3.08,2.05,-1.695747,13.665226,5.56,Alluvium_Unconsolidated,0,Gabon
374.08,7.95,0.397,36.88,1203.9,0.227,1.85,1.79,-1.224989,13.32078,5.73,Alluvium_Unconsolidated,0,Gabon
313.06,2.36,0.277,29.14,992.3,0.252,2.13,2.49,-1.519954,13.711116,5.49,Alluvium_Unconsolidated,0,Gabon
346.66,8.0,0.239,36.99,1188.6,0.2,2.65,1.32,-1.339904,13.358337,2.69,Alluvium_Unconsolidated,1,Gabon
340.87,7.41,0.488,35.61,1139.4,0.359,1.6,2.38,-1.767805,13.459087,5.56,Alluvium_Unconsolidated,0,Gabon
320.46,5.93,0.326,32.72,1247.1,0.271,1.61,1.31,-1.554518,13.146608,5.66,Alluvium_Unconsolidated,0,Gabon
370.27,2.03,0.414,29.05,984.9,0.233,3.07,1.55,-1.212577,13.724157,2.41,Alluvium_Unconsolidated,0,Gabon
374.86,5.38,0.357,31.84,1067.3,0.217,1.95,1.35,-1.252018,13.58476,4.48,Alluvium_Unconsolidated,0,Gabon
329.31,4.47,0.263,30.67,1042.6,0.247,2.57,2.45,-1.509304,13.625835,3.29,Alluvium_Unconsolidated,0,Gabon
349.01,1.54,0.488,29.0,974.2,0.358,2.96,1.48,-1.767418,13.743068,4.91,Alluvium_Unconsolidated,0,Gabon
331.53,7.68,0.455,36.24,1220.5,0.321,1.6,1.99,-1.648075,13.273372,5.46,Alluvium_Unconsolidated,0,Gabon
332.5,4.54,0.2,30.75,1249.9,0.21,2.12,1.72,-1.4193,13.080606,2.93,Alluvium_Unconsolidated,0,Gabon
316.95,3.92,0.464,30.1,1248.9,0.326,2.62,1.37,-1.657562,13.054247,5.33,Alluvium_Unconsolidated,0,Gabon
312.62,6.62,0.237,33.96,1241.8,0.235,2.16,1.3,-1.485045,13.185683,2.63,Alluvium_Unconsolidated,0,Gabon
306.39,3.77,0.344,29.98,1025.2,0.278,2.9,2.49,-1.567079,13.655087,1.06,Alluvium_Unconsolidated,1,Gabon
385.6,7.95,0.349,36.88,1203.7,0.215,2.1,1.64,-1.257318,13.321517,5.56,Alluvium_Unconsolidated,0,Gabon
318.14,5.44,0.278,31.94,1249.1,0.252,1.64,1.31,-1.520624,13.122005,5.8,Alluvium_Unconsolidated,0,Gabon
352.85,2.7,0.474,29.27,1243.6,0.36,3.03,1.7,-1.788186,13.005536,2.93,Alluvium_Unconsolidated,1,Gabon
330.21,7.85,0.47,36.64,1212.1,0.328,1.6,2.15,-1.66381,13.298464,5.48,Alluvium_Unconsolidated,0,Gabon
355.7,4.18,0.327,30.36,1249.5,0.211,3.17,2.39,-1.27235,13.065503,5.8,Alluvium_Unconsolidated,0,Gabon
327.33,7.63,0.399,36.11,1151.2,0.299,2.62,2.32,-1.604382,13.436766,2.5,Alluvium_Unconsolidated,0,Gabon
307.59,2.79,0.379,29.31,1001.9,0.291,2.87,2.38,-1.590277,13.694565,0.83,Alluvium_Unconsolidated,1,Gabon
336.92,7.97,0.497,36.92,1180.4,0.356,1.65,2.5,-1.747095,13.376865,4.2,Alluvium_Unconsolidated,0,Gabon
373.83,7.97,0.323,36.93,1181.2,0.21,1.95,1.42,-1.275034,13.375126,5.8,Alluvium_Unconsolidated,0,Gabon
333.83,3.74,0.248,29.95,1024.3,0.24,2.25,2.47,-1.496139,13.656564,5.08,Alluvium_Unconsolidated,0,Gabon
366.72,2.61,0.271,29.23,950.4,0.202,2.64,2.21,-1.311826,13.787276,5.43,Alluvium_Unconsolidated,0,Gabon
346.86,3.01,0.208,29.43,1006.9,0.202,1.62,2.18,-1.381234,13.685915,1.29,Alluvium_Unconsolidated,0,Gabon
327.63,1.95,0.495,29.04,983.2,0.343,3.19,1.81,-1.701435,13.727033,5.68,Alluvium_Unconsolidated,1,Gabon
352.93,4.35,0.204,30.54,1039.7,0.204,1.64,2.04,-1.391468,13.630787,4.4,Alluvium_Unconsolidated,0,Gabon
347.68,4.04,0.208,30.22,1249.2,0.202,2.35,1.98,-1.381053,13.059355,1.19,Alluvium_Unconsolidated,1,Gabon
335.19,6.26,0.27,33.29,1245.0,0.249,1.81,1.3,-1.514781,13.164482,5.09,Alluvium_Unconsolidated,0,Gabon
344.05,4.66,0.483,30.9,1250.0,0.359,3.19,1.93,-1.776272,13.086189,3.39,Alluvium_Unconsolidated,1,Gabon
320.55,5.19,0.373,31.57,1249.6,0.289,1.72,1.32,-1.586009,13.109852,3.17,Alluvium_Unconsolidated,0,Gabon
340.91,4.38,0.21,30.57,1040.3,0.202,1.61,1.97,-1.37641,13.62969,3.57,Alluvium_Unconsolidated,0,Gabon
314.03,2.49,0.419,29.19,995.2,0.306,3.02,2.25,-1.618967,13.706144,2.37,Alluvium_Unconsolidated,1,Gabon
374.64,6.59,0.247,33.9,1105.6,0.2,1.7,1.43,-1.332039,13.51968,5.07,Alluvium_Unconsolidated,0,Gabon
363.75,2.96,0.259,29.41,1005.9,0.201,1.94,1.92,-1.322201,13.687676,4.4,Alluvium_Unconsolidated,0,Gabon
353.81,2.91,0.499,29.38,1244.8,0.354,3.2,1.52,-1.737844,13.01378,2.74,Alluvium_Unconsolidated,0,Gabon
311.69,1.91,0.405,29.03,982.3,0.301,2.83,2.23,-1.608161,13.72866,1.13,Alluvium_Unconsolidated,0,Gabon
327.4,7.4,0.425,35.6,1229.1,0.309,1.6,1.77,-1.623472,13.243848,5.58,Alluvium_Unconsolidated,0,Gabon
350.59,5.62,0.31,32.22,1074.5,0.208,1.7,1.4,-1.283806,13.572636,1.94,Alluvium_Unconsolidated,0,Gabon
340.63,7.67,0.476,36.21,1153.9,0.36,1.65,2.39,-1.785585,13.431495,4.09,Alluvium_Unconsolidated,0,Gabon
344.84,4.37,0.201,30.56,1040.0,0.211,1.79,2.18,-1.421936,13.630281,5.57,Alluvium_Unconsolidated,0,Gabon
318.75,2.47,0.27,29.18,953.1,0.249,1.74,2.41,-1.514177,13.782086,5.32,Alluvium_Unconsolidated,0,Gabon
342.79,7.13,0.204,34.99,1234.8,0.204,3.11,1.42,-1.391371,13.22063,5.71,Alluvium_Unconsolidated,0,Gabon
342.98,5.83,0.202,32.55,1247.6,0.213,2.42,1.5,-1.428199,13.141455,0.98,Alluvium_Unconsolidated,0,Gabon
314.75,4.79,0.431,31.05,1051.0,0.311,3.19,2.44,-1.628169,13.611909,5.73,Alluvium_Unconsolidated,1,Gabon
379.87,5.09,0.308,31.44,1249.8,0.207,3.19,2.25,-1.284994,13.105424,5.64,Alluvium_Unconsolidated,0,Gabon
348.44,6.77,0.494,34.25,1112.1,0.343,2.16,2.45,-1.700586,13.508313,2.66,Alluvium_Unconsolidated,0,Gabon
340.1,5.86,0.205,32.61,1081.7,0.203,1.88,1.78,-1.388501,13.560428,5.77,Alluvium_Unconsolidated,0,Gabon
324.73,6.96,0.493,34.64,1237.6,0.342,2.04,1.99,-1.697818,13.208105,1.8,Alluvium_Unconsolidated,0,Gabon
388.76,3.28,0.381,29.6,1246.6,0.223,3.19,2.5,-1.235483,13.028389,5.67,Alluvium_Unconsolidated,1,Gabon
317.73,6.49,0.282,33.71,1243.1,0.254,1.81,1.31,-1.523575,13.177853,5.09,Alluvium_Unconsolidated,0,Gabon
330.21,1.73,0.243,29.01,968.5,0.238,1.72,2.49,-1.491687,13.753505,5.21,Alluvium_Unconsolidated,0,Gabon
340.75,5.74,0.22,32.4,1248.0,0.2,2.97,1.79,-1.362008,13.136687,4.96,Alluvium_Unconsolidated,0,Gabon
381.78,7.99,0.408,36.98,1196.7,0.231,1.72,1.76,-1.216673,13.339165,5.25,Alluvium_Unconsolidated,0,Gabon
329.14,1.79,0.204,29.02,967.2,0.216,1.61,2.49,-1.437299,13.755761,1.99,Alluvium_Unconsolidated,0,Gabon
325.67,5.95,0.376,32.75,1084.4,0.29,3.19,2.49,-1.587973,13.555909,5.69,Alluvium_Unconsolidated,1,Gabon
325.1,2.23,0.216,29.1,989.4,0.224,1.69,2.48,-1.460884,13.716172,4.98,Alluvium_Unconsolidated,0,Gabon
317.14,6.82,0.49,34.35,1114.0,0.34,2.22,2.47,-1.691658,13.504972,2.19,Alluvium_Unconsolidated,1,Gabon
363.7,7.53,0.279,35.89,1225.6,0.203,2.93,1.64,-1.305581,13.256291,1.39,Alluvium_Unconsolidated,1,Gabon
362.01,7.39,0.25,35.58,1229.3,0.201,3.12,1.58,-1.329412,13.24301,3.66,Alluvium_Unconsolidated,0,Gabon
357.47,2.32,0.49,29.13,991.3,0.358,2.83,1.57,-1.764736,13.712811,4.03,Alluvium_Unconsolidated,0,Gabon
341.99,1.94,0.5,29.04,964.2,0.351,3.19,1.59,-1.725278,13.761414,5.69,Alluvium_Unconsolidated,1,Gabon
310.74,7.16,0.221,35.07,1128.0,0.227,3.01,1.86,-1.466656,13.479948,2.27,Alluvium_Unconsolidated,0,Gabon
368.34,5.06,0.338,31.4,1249.8,0.213,3.19,2.33,-1.264842,13.104048,5.09,Alluvium_Unconsolidated,0,Gabon
324.84,7.38,0.23,35.54,1137.8,0.232,3.13,1.85,-1.478342,13.462116,3.83,Alluvium_Unconsolidated,0,Gabon
376.71,1.75,0.341,29.01,968.2,0.213,2.88,1.87,-1.26239,13.754036,4.3,Alluvium_Unconsolidated,0,Gabon
340.05,6.35,0.245,33.46,1097.4,0.239,2.95,2.17,-1.493046,13.533792,1.57,Alluvium_Unconsolidated,0,Gabon
354.36,1.7,0.483,29.01,969.2,0.359,2.94,1.43,-1.776576,13.752244,4.77,Alluvium_Unconsolidated,0,Gabon
346.75,5.52,0.494,32.07,1071.6,0.357,2.07,2.08,-1.75666,13.57757,3.33,Alluvium_Unconsolidated,0,Gabon
364.85,7.95,0.493,36.89,1203.5,0.357,1.91,2.48,-1.758214,13.321825,0.95,Alluvium_Unconsolidated,1,Gabon
349.09,4.26,0.206,30.45,1037.3,0.203,1.62,2.03,-1.384972,13.634719,3.89,Alluvium_Unconsolidated,0,Gabon
316.7,7.01,0.297,34.74,1236.8,0.26,1.89,1.36,-1.534974,13.21165,4.6,Alluvium_Unconsolidated,0,Gabon
344.25,4.01,0.202,30.2,1031.0,0.205,1.63,2.11,-1.395903,13.645244,4.12,Alluvium_Unconsolidated,0,Gabon
349.63,5.47,0.483,31.98,1249.0,0.359,3.13,2.06,-1.775852,13.123237,4.78,Alluvium_Unconsolidated,0,Gabon
361.97,1.85,0.289,29.02,966.0,0.204,2.58,2.05,-1.298729,13.757965,5.59,Alluvium_Unconsolidated,0,Gabon
300.82,4.5,0.36,30.7,1043.4,0.284,3.09,2.5,-1.57736,13.624633,3.25,Alluvium_Unconsolidated,0,Gabon
334.73,7.94,0.323,36.84,1205.6,0.27,2.35,1.69,-1.55267,13.316527,1.2,Alluvium_Unconsolidated,0,Gabon
337.36,5.0,0.49,31.31,1056.6,0.358,2.16,1.96,-1.763662,13.602494,2.68,Alluvium_Unconsolidated,0,Gabon
376.41,6.3,0.299,33.37,1095.8,0.206,1.61,1.36,-1.291469,13.53656,2.01,Alluvium_Unconsolidated,1,Gabon
338.64,1.94,0.498,29.04,964.1,0.355,3.14,1.51,-1.744209,13.761551,5.79,Alluvium_Unconsolidated,0,Gabon
331.11,7.51,0.494,35.85,1144.7,0.343,1.84,2.5,-1.699655,13.449146,4.89,Alluvium_Unconsolidated,0,Gabon
362.83,7.91,0.209,36.77,1172.2,0.202,2.78,1.33,-1.378716,13.394385,1.63,Alluvium_Unconsolidated,0,Gabon
371.9,7.47,0.386,35.75,1227.3,0.224,2.31,2.0,-1.232322,13.250199,4.78,Alluvium_Unconsolidated,0,Gabon
334.61,7.54,0.487,35.91,1146.3,0.338,1.93,2.5,-1.686589,13.4462,4.36,Alluvium_Unconsolidated,0,Gabon
345.32,5.7,0.463,32.33,1076.6,0.36,1.72,1.9,-1.799897,13.569026,5.57,Alluvium_Unconsolidated,0,Gabon
367.77,2.56,0.218,29.21,951.4,0.201,2.13,2.39,-1.364736,13.785457,5.35,Alluvium_Unconsolidated,0,Gabon
378.01,2.65,0.421,29.25,1243.3,0.235,3.2,2.48,-1.207066,13.003666,5.4,Alluvium_Unconsolidated,0,Gabon
323.24,5.16,0.253,31.53,1061.1,0.242,2.67,2.37,-1.50007,13.595125,2.53,Alluvium_Unconsolidated,0,Gabon
389.69,3.39,0.358,29.68,1247.1,0.217,3.17,2.48,-1.251382,13.032965,5.8,Alluvium_Unconsolidated,0,Gabon
338.33,6.41,0.483,33.57,1099.4,0.359,1.71,2.15,-1.776647,13.530368,5.62,Alluvium_Unconsolidated,0,Gabon
375.3,7.82,0.382,36.56,1214.3,0.223,2.08,1.84,-1.235454,13.292349,5.61,Alluvium_Unconsolidated,0,Gabon
346.49,3.81,0.219,30.01,1248.6,0.2,2.47,2.1,-1.362309,13.05007,1.35,Alluvium_Unconsolidated,1,Gabon
333.96,5.36,0.232,31.82,1249.3,0.232,1.84,1.39,-1.479885,13.118061,4.93,Alluvium_Unconsolidated,1,Gabon
374.01,2.5,0.351,29.19,995.4,0.215,2.65,1.67,-1.256233,13.705764,5.4,Alluvium_Unconsolidated,0,Gabon
309.57,1.51,0.394,29.0,973.7,0.296,2.68,2.21,-1.600235,13.744041,2.47,Alluvium_Unconsolidated,0,Gabon
304.34,7.43,0.291,35.66,1140.4,0.258,3.18,2.08,-1.530361,13.457164,5.78,Alluvium_Unconsolidated,0,Gabon
339.18,7.95,0.499,36.88,1177.8,0.354,1.62,2.5,-1.740239,13.382568,4.74,Alluvium_Unconsolidated,0,Gabon
368.12,2.85,0.3,29.34,1003.2,0.206,2.24,1.78,-1.29077,13.692308,5.65,Alluvium_Unconsolidated,0,Gabon
385.1,8.0,0.351,37.0,1189.8,0.216,1.9,1.54,-1.255888,13.355654,5.79,Alluvium_Unconsolidated,0,Gabon
345.68,7.74,0.497,36.36,1218.3,0.356,2.06,2.4,-1.748686,13.280264,2.0,Alluvium_Unconsolidated,0,Gabon
354.92,5.77,0.308,32.45,1247.9,0.207,3.19,2.15,-1.28502,13.138195,4.98,Alluvium_Unconsolidated,1,Gabon
390.24,6.03,0.348,32.89,1087.1,0.215,1.76,1.32,-1.2581,13.551452,2.77,Alluvium_Unconsolidated,0,Gabon
317.2,6.46,0.389,33.67,1243.3,0.295,1.61,1.45,-1.597053,13.176361,4.99,Alluvium_Unconsolidated,0,Gabon
319.64,7.93,0.224,36.82,1174.6,0.229,3.2,1.58,-1.471409,13.389297,5.58,Alluvium_Unconsolidated,0,Gabon
394.89,7.61,0.372,36.07,1150.2,0.221,1.6,1.39,-1.241607,13.43856,3.1,Alluvium_Unconsolidated,0,Gabon
347.62,4.13,0.217,30.31,1034.1,0.201,1.6,1.95,-1.36574,13.64016,2.39,Alluvium_Unconsolidated,0,Gabon
330.51,2.59,0.241,29.22,950.8,0.237,1.63,2.46,-1.489098,13.786493,4.06,Alluvium_Unconsolidated,0,Gabon
313.49,2.21,0.27,29.09,958.6,0.249,1.78,2.43,-1.514506,13.771728,5.53,Alluvium_Unconsolidated,0,Gabon
311.21,4.93,0.366,31.23,1249.9,0.286,1.73,1.31,-1.581393,13.09803,2.95,Alluvium_Unconsolidated,0,Gabon
319.42,6.66,0.334,34.04,1241.4,0.274,1.66,1.38,-1.560278,13.188249,5.78,Alluvium_Unconsolidated,0,Gabon
349.75,6.69,0.497,34.1,1109.3,0.356,1.81,2.31,-1.748061,13.513157,5.12,Alluvium_Unconsolidated,1,Gabon
373.76,8.0,0.314,37.0,1192.4,0.208,2.15,1.47,-1.281121,13.349557,5.43,Alluvium_Unconsolidated,0,Gabon
326.28,7.7,0.305,36.28,1219.8,0.263,2.21,1.51,-1.540147,13.275613,2.29,Alluvium_Unconsolidated,0,Gabon
334.44,4.21,0.283,30.39,1249.5,0.255,1.61,1.38,-1.524676,13.066493,4.95,Alluvium_Unconsolidated,0,Gabon
423.57,7.16,0.234,35.06,1125.2,0.204,2.07,1.44,-5.880243,-50.136918,5.13,Alluvium_Unconsolidated,0,Brazil
418.13,3.52,0.2,29.78,852.4,0.202,3.14,2.46,-5.804273,-50.737313,3.93,Alluvium_Unconsolidated,0,Brazil
355.65,7.9,0.374,36.75,1076.4,0.36,2.81,2.49,-6.267294,-50.221386,3.94,Alluvium_Unconsolidated,0,Brazil
421.09,2.42,0.48,29.16,1241.9,0.288,2.13,2.28,-6.073324,-49.837354,5.36,Alluvium_Unconsolidated,0,Brazil
431.91,4.33,0.401,30.52,850.3,0.25,1.89,2.22,-6.003394,-50.770968,4.58,Alluvium_Unconsolidated,0,Brazil
350.78,7.94,0.201,36.84,1028.9,0.321,1.69,2.24,-6.42976,-50.300701,3.59,Alluvium_Unconsolidated,0,Brazil
447.38,2.03,0.337,29.05,860.9,0.229,2.83,2.11,-5.960115,-50.678529,4.08,Alluvium_Unconsolidated,0,Brazil
413.47,7.83,0.485,36.6,1083.8,0.337,3.18,2.41,-6.171242,-50.208889,4.71,Alluvium_Unconsolidated,0,Brazil
440.27,2.31,0.312,29.12,873.2,0.222,3.14,2.0,-5.943588,-50.62705,5.78,Alluvium_Unconsolidated,0,Brazil
354.81,1.96,0.243,29.04,1230.4,0.348,3.11,1.32,-6.362282,-49.890502,3.53,Alluvium_Unconsolidated,0,Brazil
403.05,2.72,0.45,29.28,1243.7,0.35,1.64,1.62,-6.210128,-49.825612,4.35,Alluvium_Unconsolidated,0,Brazil
437.87,3.85,0.326,30.05,1206.7,0.226,2.46,2.3,-5.953086,-49.965286,5.78,Alluvium_Unconsolidated,0,Brazil
359.9,3.11,0.385,29.49,1217.2,0.268,1.71,1.3,-5.631032,-49.935367,3.27,Alluvium_Unconsolidated,0,Brazil
335.53,2.59,0.2,29.22,1242.9,0.316,3.2,1.45,-6.441661,-49.830659,5.4,Alluvium_Unconsolidated,0,Brazil
431.96,7.62,0.33,36.1,1100.8,0.227,1.6,1.59,-5.955592,-50.179963,3.26,Alluvium_Unconsolidated,0,Brazil
435.66,6.18,0.429,33.15,1158.7,0.261,1.6,2.26,-6.024292,-50.073896,3.13,Alluvium_Unconsolidated,0,Brazil
426.35,7.2,0.462,35.15,1123.6,0.277,1.94,2.18,-6.053749,-50.139945,5.8,Alluvium_Unconsolidated,0,Brazil
375.54,2.91,0.294,29.38,1219.8,0.236,2.12,1.36,-5.693407,-49.927568,2.47,Alluvium_Unconsolidated,0,Brazil
361.09,2.26,0.262,29.11,1227.4,0.353,3.06,1.36,-6.345525,-49.901893,2.93,Alluvium_Unconsolidated,1,Brazil
441.74,3.99,0.229,30.17,895.4,0.203,2.85,2.09,-5.875354,-50.560015,0.95,Alluvium_Unconsolidated,1,Brazil
428.98,6.38,0.235,33.51,1153.0,0.204,2.39,1.58,-5.881144,-50.085227,5.8,Alluvium_Unconsolidated,0,Brazil
411.01,3.51,0.43,29.76,888.2,0.261,2.84,1.49,-6.024968,-50.579726,4.14,Alluvium_Unconsolidated,0,Brazil
365.75,7.8,0.29,36.51,1012.9,0.357,1.73,2.5,-6.324293,-50.327738,5.53,Alluvium_Unconsolidated,0,Brazil
335.01,7.22,0.5,35.19,977.3,0.335,3.09,2.35,-5.500991,-50.389495,5.18,Alluvium_Unconsolidated,0,Brazil
336.43,7.99,0.206,36.98,1042.8,0.302,1.81,2.0,-6.467546,-50.277551,2.06,Alluvium_Unconsolidated,0,Brazil
414.54,7.67,0.316,36.21,1097.4,0.243,3.2,1.7,-5.677771,-50.185673,3.0,Alluvium_Unconsolidated,0,Brazil
446.47,4.25,0.217,30.43,899.7,0.201,2.65,2.12,-5.859303,-50.548925,2.66,Alluvium_Unconsolidated,1,Brazil
396.02,2.39,0.468,29.15,858.3,0.345,1.82,1.31,-6.193002,-50.692433,1.91,Alluvium_Unconsolidated,0,Brazil
435.96,7.99,0.335,36.99,1043.8,0.229,1.91,1.37,-5.959343,-50.275814,5.8,Alluvium_Unconsolidated,0,Brazil
360.58,7.8,0.474,36.51,1012.7,0.308,3.15,2.5,-5.558123,-50.328013,4.48,Alluvium_Unconsolidated,0,Brazil
379.58,2.06,0.219,29.06,860.7,0.21,2.55,2.46,-5.761023,-50.679613,3.41,Alluvium_Unconsolidated,0,Brazil
417.51,6.94,0.492,34.6,1134.3,0.299,2.17,2.38,-6.093779,-50.120455,5.36,Alluvium_Unconsolidated,0,Brazil
417.79,6.44,0.202,33.62,948.7,0.203,1.63,2.04,-5.797188,-50.442517,4.26,Alluvium_Unconsolidated,0,Brazil
351.13,1.88,0.45,29.03,862.1,0.296,1.68,1.78,-5.581589,-50.672739,1.64,Alluvium_Unconsolidated,0,Brazil
326.87,3.5,0.214,29.75,1212.0,0.293,2.48,1.34,-6.484325,-49.950823,1.45,Alluvium_Unconsolidated,1,Brazil
426.01,1.99,0.223,29.05,861.2,0.212,2.49,2.45,-5.75629,-50.677107,3.81,Alluvium_Unconsolidated,0,Brazil
445.35,5.89,0.441,32.66,933.6,0.267,3.18,1.3,-6.034567,-50.472618,5.78,Alluvium_Unconsolidated,0,Brazil
316.42,7.45,0.5,35.71,988.9,0.335,3.01,2.4,-5.501242,-50.368955,5.57,Alluvium_Unconsolidated,1,Brazil
443.31,3.21,0.246,29.55,1216.0,0.207,3.08,2.14,-5.892697,-49.939164,2.3,Alluvium_Unconsolidated,1,Brazil
458.13,6.11,0.299,33.02,1160.8,0.219,1.99,1.87,-5.934579,-50.069838,4.72,Alluvium_Unconsolidated,0,Brazil
350.06,5.88,0.264,32.63,1166.9,0.353,3.04,1.8,-6.344204,-50.057462,5.39,Alluvium_Unconsolidated,1,Brazil
431.14,1.58,0.235,29.0,1234.1,0.204,3.2,2.28,-5.881354,-49.875743,3.2,Alluvium_Unconsolidated,1,Brazil
454.25,4.89,0.29,31.18,850.0,0.216,2.42,2.48,-5.927725,-50.795404,0.96,Alluvium_Unconsolidated,1,Brazil
398.95,6.61,0.264,33.94,954.0,0.226,1.82,2.34,-5.71572,-50.432338,3.46,Alluvium_Unconsolidated,0,Brazil
352.01,1.75,0.448,29.01,863.1,0.294,1.68,1.81,-5.583994,-50.667704,1.71,Alluvium_Unconsolidated,0,Brazil
358.36,7.95,0.236,36.87,1030.8,0.346,1.63,2.43,-6.369649,-50.297506,5.79,Alluvium_Unconsolidated,0,Brazil
456.34,3.56,0.485,29.8,888.9,0.293,2.34,1.34,-6.08137,-50.577747,1.28,Alluvium_Unconsolidated,0,Brazil
413.35,4.63,0.492,30.86,906.4,0.332,1.92,1.39,-6.159451,-50.532397,4.43,Alluvium_Unconsolidated,0,Brazil
378.47,4.06,0.369,30.24,850.8,0.36,2.89,1.3,-6.270434,-50.759344,5.8,Alluvium_Unconsolidated,0,Brazil
396.68,3.65,0.305,29.87,890.2,0.24,1.6,2.46,-5.685006,-50.573965,2.73,Alluvium_Unconsolidated,0,Brazil
325.53,5.68,0.2,32.31,1171.7,0.318,2.33,1.41,-6.436251,-50.047366,1.37,Alluvium_Unconsolidated,1,Brazil
433.35,5.71,0.475,32.35,1171.1,0.285,1.66,2.45,-6.066995,-50.048725,4.63,Alluvium_Unconsolidated,0,Brazil
402.97,3.74,0.435,29.95,891.6,0.353,1.61,1.5,-6.222827,-50.570147,5.01,Alluvium_Unconsolidated,0,Brazil
401.4,2.03,0.488,29.05,1239.1,0.335,1.6,1.92,-6.166417,-49.85238,2.75,Alluvium_Unconsolidated,0,Brazil
437.39,6.79,0.5,34.3,1139.7,0.316,2.41,2.47,-6.125903,-50.110414,4.27,Alluvium_Unconsolidated,0,Brazil
450.89,2.75,0.25,29.29,856.1,0.207,3.12,2.41,-5.896182,-50.706431,5.72,Alluvium_Unconsolidated,0,Brazil
431.47,7.96,0.201,36.9,1033.2,0.2,1.72,1.44,-5.825147,-50.293534,2.31,Alluvium_Unconsolidated,0,Brazil
446.03,7.8,0.41,36.52,1086.9,0.253,1.93,1.75,-6.009851,-50.203558,5.8,Alluvium_Unconsolidated,0,Brazil
367.15,6.34,0.45,33.44,1154.2,0.295,2.05,1.78,-5.582158,-50.082827,1.91,Alluvium_Unconsolidated,0,Brazil
351.03,2.58,0.204,29.22,857.1,0.304,2.87,2.14,-6.464769,-50.699827,4.33,Alluvium_Unconsolidated,0,Brazil
428.72,5.25,0.2,31.66,918.5,0.201,1.94,2.19,-5.811048,-50.504556,5.8,Alluvium_Unconsolidated,0,Brazil
448.29,8.0,0.489,37.0,1051.9,0.296,2.96,1.92,-6.088244,-50.262362,1.73,Alluvium_Unconsolidated,0,Brazil
379.46,2.57,0.332,29.22,1223.9,0.249,1.83,1.33,-5.666747,-49.913961,1.77,Alluvium_Unconsolidated,1,Brazil
404.67,2.57,0.484,29.22,1223.9,0.337,1.73,2.1,-6.17329,-49.914165,5.3,Alluvium_Unconsolidated,0,Brazil
419.85,1.82,0.491,29.02,1237.5,0.298,1.86,2.28,-6.090877,-49.860569,3.83,Alluvium_Unconsolidated,0,Brazil
368.62,1.98,0.31,29.04,861.2,0.359,2.77,1.52,-6.310453,-50.676788,5.71,Alluvium_Unconsolidated,1,Brazil
421.98,4.46,0.483,30.66,1196.6,0.291,1.6,2.5,-6.077799,-49.991167,3.02,Alluvium_Unconsolidated,0,Brazil
351.86,7.21,0.232,35.18,1123.0,0.344,2.32,1.96,-6.374123,-50.141005,1.4,Alluvium_Unconsolidated,0,Brazil
430.81,4.49,0.431,30.69,1196.2,0.262,1.72,2.45,-6.026138,-49.992161,2.3,Alluvium_Unconsolidated,0,Brazil
432.26,3.67,0.377,29.9,890.6,0.242,3.11,1.61,-5.98714,-50.572889,5.7,Alluvium_Unconsolidated,0,Brazil
438.73,4.28,0.228,30.46,850.4,0.203,3.02,2.5,-5.873954,-50.768579,5.27,Alluvium_Unconsolidated,1,Brazil
428.7,7.68,0.217,36.23,1096.9,0.201,1.96,1.32,-5.860228,-50.186602,4.56,Alluvium_Unconsolidated,0,Brazil
314.67,3.88,0.221,30.07,893.7,0.288,3.18,2.5,-6.493992,-50.564437,1.46,Alluvium_Unconsolidated,0,Brazil
323.48,4.03,0.202,30.21,850.9,0.309,2.62,1.89,-6.455291,-50.758236,5.51,Alluvium_Unconsolidated,0,Brazil
422.16,6.43,0.5,33.61,1151.4,0.315,2.25,2.49,-6.123631,-50.088303,5.07,Alluvium_Unconsolidated,0,Brazil
354.2,4.01,0.438,30.19,895.8,0.29,2.13,2.22,-5.592421,-50.559023,5.35,Alluvium_Unconsolidated,0,Brazil
382.59,2.16,0.366,29.08,1240.0,0.261,1.6,1.38,-5.644338,-49.847548,5.45,Alluvium_Unconsolidated,0,Brazil
404.69,4.49,0.253,30.69,850.1,0.222,2.81,2.09,-5.725251,-50.777607,1.33,Alluvium_Unconsolidated,1,Brazil
434.67,2.05,0.456,29.06,870.4,0.274,2.28,1.56,-6.047507,-50.637033,1.7,Alluvium_Unconsolidated,1,Brazil
421.91,2.34,0.221,29.13,1226.5,0.202,3.2,2.13,-5.865762,-49.905272,2.92,Alluvium_Unconsolidated,1,Brazil
445.35,3.67,0.44,29.89,1209.5,0.266,1.81,2.49,-6.033093,-49.957772,3.39,Alluvium_Unconsolidated,0,Brazil
414.44,5.95,0.499,32.75,1165.0,0.323,2.22,2.5,-6.139083,-50.061222,5.17,Alluvium_Unconsolidated,0,Brazil
402.11,6.35,0.474,33.46,946.1,0.342,2.17,1.72,-6.185589,-50.447566,2.55,Alluvium_Unconsolidated,1,Brazil
391.35,7.99,0.404,36.98,1042.8,0.357,2.67,2.46,-6.24637,-50.2775,2.89,Alluvium_Unconsolidated,1,Brazil
390.7,3.89,0.243,30.08,893.9,0.219,1.71,2.5,-5.734736,-50.564052,5.12,Alluvium_Unconsolidated,0,Brazil
414.73,3.15,0.498,29.52,883.3,0.309,1.97,1.31,-6.111068,-50.593833,4.03,Alluvium_Unconsolidated,0,Brazil
389.07,6.96,0.374,34.65,966.8,0.359,1.75,2.23,-6.267045,-50.408534,5.44,Alluvium_Unconsolidated,0,Brazil
361.31,7.74,0.255,36.37,1007.6,0.351,1.61,2.5,-6.35181,-50.33667,5.73,Alluvium_Unconsolidated,0,Brazil
321.39,3.18,0.202,29.53,1216.3,0.309,2.82,1.31,-6.455235,-49.938147,3.99,Alluvium_Unconsolidated,1,Brazil
362.78,7.68,0.277,36.22,1097.2,0.355,2.42,2.28,-6.334193,-50.186104,0.94,Alluvium_Unconsolidated,0,Brazil
446.0,1.54,0.324,29.0,864.9,0.225,2.99,2.08,-5.951391,-50.659764,5.1,Alluvium_Unconsolidated,0,Brazil
402.37,3.98,0.241,30.16,1204.7,0.218,2.79,1.38,-5.736267,-49.970662,5.74,Alluvium_Unconsolidated,0,Brazil
423.4,3.44,0.314,29.71,887.2,0.223,3.2,1.84,-5.944613,-50.582416,5.52,Alluvium_Unconsolidated,0,Brazil
441.23,3.0,0.28,29.43,1218.7,0.214,2.94,2.28,-5.920808,-49.930965,3.8,Alluvium_Unconsolidated,0,Brazil
450.6,7.16,0.469,35.06,1125.3,0.281,1.97,2.22,-6.060452,-50.136816,5.78,Alluvium_Unconsolidated,0,Brazil
378.65,7.69,0.485,36.26,1095.8,0.316,2.35,2.31,-5.543566,-50.188453,4.03,Alluvium_Unconsolidated,1,Brazil
415.14,4.18,0.219,30.36,1201.4,0.202,3.09,1.86,-5.863037,-49.979149,2.08,Alluvium_Unconsolidated,0,Brazil
362.04,7.31,0.273,35.4,1118.2,0.354,2.62,2.16,-6.336779,-50.149514,2.54,Alluvium_Unconsolidated,0,Brazil
420.25,6.55,0.499,33.83,952.2,0.323,2.68,1.56,-6.140157,-50.435847,2.94,Alluvium_Unconsolidated,0,Brazil
441.13,1.53,0.474,29.0,865.0,0.284,1.99,1.56,-6.06577,-50.659295,3.93,Alluvium_Unconsolidated,0,Brazil
442.14,4.14,0.258,30.32,897.9,0.209,3.02,1.93,-5.902997,-50.553612,2.37,Alluvium_Unconsolidated,0,Brazil
328.36,7.29,0.222,35.35,980.7,0.287,2.67,2.23,-6.494692,-50.383447,5.48,Alluvium_Unconsolidated,0,Brazil
439.71,6.14,0.244,33.07,940.0,0.206,2.39,1.66,-5.890698,-50.459522,4.41,Alluvium_Unconsolidated,0,Brazil
432.17,7.69,0.405,36.27,1095.8,0.252,1.83,1.79,-6.006806,-50.188497,5.7,Alluvium_Unconsolidated,0,Brazil
434.26,6.98,0.497,34.69,967.5,0.327,2.78,1.69,-6.147581,-50.407203,3.69,Alluvium_Unconsolidated,1,Brazil
343.28,6.99,0.2,34.7,967.6,0.315,2.32,2.45,-6.442779,-50.407033,3.9,Alluvium_Unconsolidated,0,Brazil
396.4,2.55,0.264,29.21,875.9,0.226,1.8,2.46,-5.71594,-50.617545,5.61,Alluvium_Unconsolidated,0,Brazil
408.84,7.77,0.202,36.45,1010.3,0.2,1.62,1.53,-5.826854,-50.332108,1.32,Alluvium_Unconsolidated,0,Brazil
397.71,2.59,0.398,29.23,1243.0,0.358,1.87,1.48,-6.250419,-49.830562,5.76,Alluvium_Unconsolidated,0,Brazil
418.41,7.78,0.493,36.46,1010.7,0.33,3.07,1.99,-6.156104,-50.331425,5.54,Alluvium_Unconsolidated,0,Brazil
380.97,6.68,0.423,34.09,1143.4,0.355,3.16,2.41,-6.232641,-50.103478,4.26,Alluvium_Unconsolidated,0,Brazil
394.95,7.61,0.446,36.08,998.6,0.351,2.51,2.18,-6.213707,-50.3522,1.67,Alluvium_Unconsolidated,0,Brazil
444.13,4.0,0.411,30.18,850.9,0.254,1.91,2.14,-6.010665,-50.75685,4.48,Alluvium_Unconsolidated,1,Brazil
425.81,1.85,0.204,29.02,862.3,0.2,3.08,2.48,-5.835589,-50.671719,3.15,Alluvium_Unconsolidated,0,Brazil
345.94,5.95,0.494,32.75,1165.0,0.324,1.63,1.97,-5.526981,-50.06135,4.45,Alluvium_Unconsolidated,0,Brazil
376.79,5.36,0.386,31.82,920.9,0.268,2.14,2.47,-5.630932,-50.499377,5.39,Alluvium_Unconsolidated,0,Brazil
434.45,6.58,0.496,33.89,1146.7,0.305,2.12,2.45,-6.103638,-50.097305,5.52,Alluvium_Unconsolidated,0,Brazil
381.46,2.36,0.356,29.14,873.7,0.36,2.16,1.55,-6.279368,-50.62506,2.73,Alluvium_Unconsolidated,0,Brazil
439.56,2.9,0.313,29.37,1219.9,0.223,2.78,2.37,-5.944402,-49.927126,4.89,Alluvium_Unconsolidated,0,Brazil
333.28,7.05,0.499,34.84,970.2,0.333,3.15,2.34,-5.507095,-50.402204,4.55,Alluvium_Unconsolidated,0,Brazil
392.62,6.92,0.2,34.56,1134.9,0.201,2.77,1.32,-5.816634,-50.119346,4.91,Alluvium_Unconsolidated,0,Brazil
428.48,7.28,0.201,35.33,1119.6,0.2,2.54,1.31,-5.823508,-50.14699,5.67,Alluvium_Unconsolidated,0,Brazil
332.77,5.98,0.5,32.8,1164.3,0.336,1.6,2.1,-5.500279,-50.062762,5.47,Alluvium_Unconsolidated,0,Brazil
411.8,7.38,0.395,35.56,1114.7,0.358,3.16,2.45,-6.252538,-50.155746,5.8,Alluvium_Unconsolidated,0,Brazil
443.98,1.97,0.216,29.04,1238.7,0.201,3.09,2.26,-5.859014,-49.854591,5.13,Alluvium_Unconsolidated,1,Brazil
353.85,3.53,0.228,29.78,852.4,0.343,3.18,1.61,-6.378217,-50.737411,1.49,Alluvium_Unconsolidated,0,Brazil
400.33,6.9,0.423,34.52,964.3,0.355,1.97,2.07,-6.232626,-50.413175,4.09,Alluvium_Unconsolidated,1,Brazil
440.17,1.94,0.271,29.04,869.3,0.212,3.19,2.19,-5.913935,-50.641275,5.69,Alluvium_Unconsolidated,0,Brazil
366.65,2.79,0.442,29.32,855.9,0.352,2.1,1.3,-6.217343,-50.708259,2.27,Alluvium_Unconsolidated,0,Brazil
342.39,1.68,0.493,29.01,866.9,0.323,2.16,1.61,-5.528058,-50.651212,5.44,Alluvium_Unconsolidated,0,Brazil
416.09,7.53,0.205,35.88,1106.7,0.205,2.75,1.32,-5.785184,-50.169653,5.0,Alluvium_Unconsolidated,0,Brazil
431.13,4.93,0.254,31.23,912.1,0.208,2.83,1.83,-5.899202,-50.519174,1.21,Alluvium_Unconsolidated,0,Brazil
441.51,3.1,0.201,29.48,882.6,0.202,2.39,2.44,-5.800055,-50.596026,4.39,Alluvium_Unconsolidated,0,Brazil
393.98,1.96,0.418,29.04,869.5,0.356,1.88,1.38,-6.23586,-50.640526,1.3,Alluvium_Unconsolidated,0,Brazil
351.15,3.6,0.21,29.83,852.1,0.297,2.52,2.07,-6.477807,-50.740294,5.71,Alluvium_Unconsolidated,0,Brazil
418.39,3.07,0.207,29.47,1245.6,0.205,2.22,2.06,-5.78132,-49.811737,3.2,Alluvium_Unconsolidated,0,Brazil
354.9,2.22,0.254,29.1,1227.8,0.351,3.1,1.35,-6.352681,-49.900485,3.35,Alluvium_Unconsolidated,0,Brazil
368.4,4.1,0.315,30.28,897.2,0.359,1.99,1.91,-6.306911,-50.555212,1.36,Alluvium_Unconsolidated,1,Brazil
372.91,7.93,0.317,36.82,1027.7,0.359,1.97,2.5,-6.305161,-50.302772,4.03,Alluvium_Unconsolidated,0,Brazil
381.03,3.36,0.295,29.65,853.1,0.236,2.22,2.1,-5.692317,-50.73066,5.19,Alluvium_Unconsolidated,0,Brazil
436.15,4.58,0.459,30.8,1194.6,0.276,1.62,2.48,-6.050754,-49.996159,1.32,Alluvium_Unconsolidated,0,Brazil
422.56,6.44,0.469,33.63,948.9,0.281,3.16,1.33,-6.061082,-50.442159,5.8,Alluvium_Unconsolidated,0,Brazil
420.03,6.86,0.2,34.44,1137.2,0.201,2.81,1.33,-5.8146,-50.115042,4.69,Alluvium_Unconsolidated,0,Brazil
359.12,7.8,0.239,36.5,1012.5,0.347,1.6,2.47,-6.366862,-50.328427,5.56,Alluvium_Unconsolidated,0,Brazil
324.8,7.47,0.212,35.74,1110.3,0.295,1.6,1.55,-6.480185,-50.163346,5.47,Alluvium_Unconsolidated,0,Brazil
347.17,2.81,0.481,29.32,1221.0,0.313,1.72,1.43,-5.549062,-49.923489,5.58,Alluvium_Unconsolidated,0,Brazil
347.89,7.41,0.211,35.61,986.7,0.334,1.8,2.47,-6.401935,-50.372866,2.21,Alluvium_Unconsolidated,1,Brazil
347.09,5.6,0.496,32.18,926.3,0.326,3.11,2.15,-5.521421,-50.487715,1.89,Alluvium_Unconsolidated,1,Brazil
368.02,4.12,0.365,30.3,1202.4,0.261,1.99,1.32,-5.644939,-49.976683,1.32,Alluvium_Unconsolidated,1,Brazil
385.86,6.93,0.23,34.59,1134.5,0.214,3.17,1.32,-5.74796,-50.120109,1.09,Alluvium_Unconsolidated,1,Brazil
335.67,8.0,0.491,36.99,1054.2,0.321,2.68,2.47,-5.532761,-50.258503,5.53,Alluvium_Unconsolidated,1,Brazil
338.88,7.4,0.491,35.59,1113.8,0.321,2.05,2.26,-5.53251,-50.157197,1.91,Alluvium_Unconsolidated,0,Brazil
393.78,6.93,0.434,34.58,1134.6,0.353,3.16,2.45,-6.223422,-50.119922,4.35,Alluvium_Unconsolidated,0,Brazil
447.17,6.87,0.278,34.45,963.0,0.214,2.38,1.43,-5.918887,-50.41543,4.47,Alluvium_Unconsolidated,1,Brazil
414.2,4.23,0.209,30.41,850.5,0.2,3.15,2.49,-5.84769,-50.766417,5.79,Alluvium_Unconsolidated,0,Brazil
353.69,3.24,0.247,29.58,853.6,0.349,3.19,1.57,-6.358929,-50.72609,3.37,Alluvium_Unconsolidated,0,Brazil
433.71,7.48,0.216,35.76,1109.7,0.201,2.1,1.34,-5.859234,-50.164398,5.23,Alluvium_Unconsolidated,0,Brazil
332.9,7.56,0.21,35.95,995.2,0.333,1.75,2.45,-6.404465,-50.35803,2.73,Alluvium_Unconsolidated,1,Brazil
427.15,2.21,0.5,29.09,859.6,0.32,1.6,1.4,-6.133275,-50.68539,5.44,Alluvium_Unconsolidated,0,Brazil
353.41,7.14,0.492,35.02,973.8,0.322,3.19,2.42,-5.531483,-50.395839,3.4,Alluvium_Unconsolidated,1,Brazil
390.59,3.62,0.42,29.85,852.1,0.355,2.46,1.3,-6.23434,-50.741064,4.66,Alluvium_Unconsolidated,0,Brazil
341.75,8.0,0.202,36.99,1055.5,0.324,1.6,2.13,-6.424385,-50.256298,5.29,Alluvium_Unconsolidated,0,Brazil
371.67,3.13,0.32,29.5,1217.0,0.359,2.95,1.58,-6.303612,-49.936119,1.57,Alluvium_Unconsolidated,0,Brazil
441.84,1.75,0.494,29.01,1236.9,0.329,1.6,2.02,-6.153324,-49.863341,2.34,Alluvium_Unconsolidated,0,Brazil
345.42,4.76,0.494,31.01,850.0,0.324,1.61,1.32,-5.527063,-50.789344,1.69,Alluvium_Unconsolidated,0,Brazil
424.69,2.49,0.321,29.19,857.7,0.225,2.82,2.21,-5.949712,-50.696475,3.99,Alluvium_Unconsolidated,0,Brazil
439.25,6.34,0.243,33.43,1154.3,0.206,2.33,1.62,-5.889337,-50.082584,5.77,Alluvium_Unconsolidated,1,Brazil
335.02,6.99,0.204,34.7,967.6,0.304,2.53,2.39,-6.464728,-50.407007,5.0,Alluvium_Unconsolidated,0,Brazil
356.47,3.74,0.259,29.95,1208.5,0.352,3.2,1.48,-6.34861,-49.960604,5.2,Alluvium_Unconsolidated,0,Brazil
409.29,7.81,0.23,36.55,1014.2,0.214,2.13,1.86,-5.747837,-50.325546,5.36,Alluvium_Unconsolidated,1,Brazil
374.34,3.54,0.325,29.78,888.6,0.247,1.61,2.43,-5.671355,-50.578532,1.97,Alluvium_Unconsolidated,1,Brazil
385.06,2.52,0.483,29.2,875.5,0.338,1.6,1.31,-6.174665,-50.618927,5.52,Alluvium_Unconsolidated,0,Brazil
430.91,7.04,0.49,34.8,1130.4,0.297,2.18,2.35,-6.090236,-50.127515,5.33,Alluvium_Unconsolidated,0,Brazil
416.38,7.66,0.428,36.19,1098.1,0.26,1.93,1.89,-6.023468,-50.184516,5.8,Alluvium_Unconsolidated,1,Brazil
412.62,6.6,0.202,33.93,1146.1,0.203,3.02,1.32,-5.797177,-50.098352,3.03,Alluvium_Unconsolidated,0,Brazil
424.45,2.77,0.201,29.31,1221.5,0.202,3.02,1.77,-5.801239,-49.921936,5.53,Alluvium_Unconsolidated,0,Brazil
350.16,5.94,0.217,32.74,934.8,0.338,2.25,2.46,-6.392919,-50.470045,3.41,Alluvium_Unconsolidated,1,Brazil
460.08,7.8,0.315,36.5,1087.5,0.223,1.61,1.49,-5.945365,-50.202606,3.57,Alluvium_Unconsolidated,0,Brazil
425.8,3.14,0.499,29.51,854.0,0.323,1.65,1.46,-6.139661,-50.722019,4.13,Alluvium_Unconsolidated,0,Brazil
360.79,6.98,0.286,34.69,967.4,0.356,1.6,2.43,-6.327176,-50.407308,5.17,Alluvium_Unconsolidated,0,Brazil
443.34,2.4,0.452,29.15,858.3,0.272,1.98,1.76,-6.044208,-50.692779,3.98,Alluvium_Unconsolidated,0,Brazil
442.65,3.26,0.218,29.59,853.5,0.201,3.18,2.49,-5.862092,-50.726684,5.76,Alluvium_Unconsolidated,1,Brazil
414.45,2.03,0.2,29.05,870.3,0.201,2.72,2.48,-5.807869,-50.637782,2.11,Alluvium_Unconsolidated,0,Brazil
426.89,6.92,0.223,34.57,965.2,0.202,1.9,1.61,-5.867707,-50.411427,5.79,Alluvium_Unconsolidated,0,Brazil
423.09,6.13,0.202,33.06,1160.2,0.203,3.12,1.35,-5.796752,-50.070892,1.71,Alluvium_Unconsolidated,1,Brazil
369.52,4.04,0.458,30.22,850.8,0.3,1.61,1.48,-5.574113,-50.758451,3.53,Alluvium_Unconsolidated,0,Brazil
444.05,4.1,0.447,30.28,850.7,0.269,1.71,2.03,-6.039636,-50.761243,5.62,Alluvium_Unconsolidated,0,Brazil
377.76,3.31,0.425,29.62,853.3,0.284,1.63,1.68,-5.602629,-50.728746,4.05,Alluvium_Unconsolidated,0,Brazil
441.79,7.2,0.346,35.15,976.5,0.232,2.67,1.31,-5.966191,-50.390905,2.56,Alluvium_Unconsolidated,0,Brazil
397.43,4.74,0.257,30.99,1191.6,0.224,2.85,1.31,-5.721808,-50.003253,5.79,Alluvium_Unconsolidated,0,Brazil
339.57,6.25,0.208,33.27,1156.8,0.332,2.41,1.59,-6.406932,-50.077664,0.91,Alluvium_Unconsolidated,0,Brazil
417.46,7.99,0.206,36.97,1040.2,0.205,2.08,1.56,-5.782556,-50.281846,5.17,Alluvium_Unconsolidated,0,Brazil
389.74,7.96,0.41,36.91,1034.0,0.357,2.62,2.43,-6.241834,-50.292157,2.53,Alluvium_Unconsolidated,0,Brazil
443.02,2.35,0.204,29.14,1241.4,0.2,2.89,2.21,-5.83631,-49.840002,5.8,Alluvium_Unconsolidated,0,Brazil
333.27,5.91,0.454,32.68,1166.1,0.298,1.89,1.72,-5.577884,-50.059077,1.19,Alluvium_Unconsolidated,0,Brazil
369.42,3.57,0.382,29.81,852.2,0.267,1.79,1.79,-5.633674,-50.739351,5.59,Alluvium_Unconsolidated,0,Brazil
360.38,2.3,0.456,29.12,1241.0,0.299,1.89,1.3,-5.575921,-49.842119,4.61,Alluvium_Unconsolidated,0,Brazil
361.92,6.83,0.293,34.39,961.9,0.357,1.61,2.4,-6.322266,-50.417585,5.1,Alluvium_Unconsolidated,0,Brazil
355.62,4.94,0.202,31.24,1187.8,0.324,2.67,1.37,-6.423819,-50.012102,2.86,Alluvium_Unconsolidated,0,Brazil
404.96,3.79,0.443,30.0,892.4,0.351,1.6,1.48,-6.216514,-50.568054,5.29,Alluvium_Unconsolidated,1,Brazil
402.45,4.86,0.22,31.14,1189.4,0.211,3.11,1.37,-5.760057,-50.008524,4.98,Alluvium_Unconsolidated,0,Brazil
368.15,7.71,0.389,36.31,1094.3,0.359,3.03,2.48,-6.257028,-50.19102,5.34,Alluvium_Unconsolidated,0,Brazil
373.25,1.96,0.29,29.04,861.4,0.357,2.87,1.58,-6.324034,-50.675939,5.8,Alluvium_Unconsolidated,0,Brazil
402.05,4.28,0.242,30.47,1199.7,0.219,2.85,1.36,-5.735086,-49.983457,5.79,Alluvium_Unconsolidated,0,Brazil
436.79,2.98,0.462,29.41,1219.0,0.277,1.8,2.49,-6.053149,-49.930025,3.29,Alluvium_Unconsolidated,0,Brazil
358.55,2.07,0.202,29.06,870.6,0.323,3.2,2.18,-6.425673,-50.636366,2.92,Alluvium_Unconsolidated,0,Brazil
392.9,2.77,0.242,29.3,878.5,0.219,1.89,2.49,-5.734792,-50.609071,5.78,Alluvium_Unconsolidated,0,Brazil
430.53,7.12,0.435,34.97,972.9,0.263,3.13,1.33,-6.028999,-50.397412,3.82,Alluvium_Unconsolidated,0,Brazil
433.0,4.39,0.474,30.58,902.1,0.284,2.69,1.32,-6.066813,-50.542897,3.07,Alluvium_Unconsolidated,1,Brazil
367.57,2.16,0.233,29.08,871.6,0.345,3.01,1.95,-6.373038,-50.632822,5.56,Alluvium_Unconsolidated,0,Brazil
420.2,4.01,0.474,30.19,1204.2,0.284,1.62,2.5,-6.066511,-49.97197,1.29,Alluvium_Unconsolidated,0,Brazil
342.57,7.21,0.205,35.17,1123.2,0.328,1.96,1.76,-6.41483,-50.140663,4.12,Alluvium_Unconsolidated,1,Brazil
375.77,2.73,0.342,29.29,1243.8,0.36,2.15,1.36,-6.288696,-49.825253,5.42,Alluvium_Unconsolidated,0,Brazil
385.55,2.35,0.299,29.14,1241.4,0.358,2.52,1.33,-6.317789,-49.840144,3.59,Alluvium_Unconsolidated,1,Brazil
394.01,4.12,0.248,30.3,850.7,0.22,2.76,2.16,-5.729849,-50.762001,1.76,Alluvium_Unconsolidated,1,Brazil
395.68,6.65,0.424,34.03,955.6,0.355,1.89,2.0,-6.231588,-50.429322,4.6,Alluvium_Unconsolidated,0,Brazil
379.46,6.9,0.314,34.53,1135.6,0.243,3.07,1.49,-5.679077,-50.118139,5.28,Alluvium_Unconsolidated,0,Brazil
394.98,7.28,0.476,35.33,980.2,0.341,2.59,1.94,-6.183982,-50.384285,2.28,Alluvium_Unconsolidated,0,Brazil
368.64,4.18,0.351,30.36,898.5,0.256,1.72,2.44,-5.654175,-50.552049,2.21,Alluvium_Unconsolidated,0,Brazil
362.04,4.08,0.224,30.26,850.7,0.341,3.12,1.56,-6.382459,-50.760346,1.57,Alluvium_Unconsolidated,1,Brazil
363.69,7.71,0.428,36.3,1005.5,0.286,3.17,2.46,-5.599823,-50.34032,1.19,Alluvium_Unconsolidated,0,Brazil
323.42,6.28,0.217,33.33,1155.9,0.29,1.74,1.34,-6.488837,-50.079386,5.5,Alluvium_Unconsolidated,0,Brazil
423.04,5.58,0.476,32.15,926.0,0.341,1.96,1.58,-6.182987,-50.488502,4.12,Alluvium_Unconsolidated,0,Brazil
341.4,7.69,0.202,36.26,1004.2,0.307,2.07,2.26,-6.458129,-50.342512,2.05,Alluvium_Unconsolidated,1,Brazil
375.91,7.76,0.368,36.43,1009.8,0.36,2.09,2.43,-6.271445,-50.332965,3.19,Alluvium_Unconsolidated,0,Brazil
380.94,5.22,0.318,31.62,917.9,0.359,1.75,2.08,-6.30488,-50.505879,2.8,Alluvium_Unconsolidated,1,Brazil
353.67,7.99,0.46,36.98,1057.1,0.301,2.97,2.37,-5.572154,-50.253659,5.69,Alluvium_Unconsolidated,0,Brazil
432.13,2.39,0.203,29.15,1225.9,0.203,2.89,1.78,-5.792129,-49.907104,5.79,Alluvium_Unconsolidated,1,Brazil
348.04,4.89,0.227,31.18,911.3,0.342,2.45,2.33,-6.37965,-50.521006,4.59,Alluvium_Unconsolidated,0,Brazil
396.63,2.51,0.205,29.19,1224.6,0.2,3.16,1.97,-5.837142,-49.911781,4.4,Alluvium_Unconsolidated,0,Brazil
414.08,5.32,0.434,31.77,1179.8,0.353,2.81,2.26,-6.223442,-50.030051,1.34,Alluvium_Unconsolidated,1,Brazil
391.2,7.23,0.425,35.23,978.1,0.355,2.12,2.14,-6.231185,-50.388065,2.96,Alluvium_Unconsolidated,0,Brazil
399.02,7.98,0.366,36.94,1037.3,0.36,2.36,2.49,-6.272707,-50.286698,1.07,Alluvium_Unconsolidated,1,Brazil
404.23,5.05,0.224,31.38,1185.6,0.212,3.11,1.35,-5.75444,-50.017079,4.98,Alluvium_Unconsolidated,0,Brazil
385.95,6.37,0.372,33.49,946.6,0.263,2.39,2.5,-5.640186,-50.446611,5.8,Alluvium_Unconsolidated,1,Brazil
340.61,7.94,0.5,36.86,1030.4,0.334,2.66,2.49,-5.503778,-50.298232,5.47,Alluvium_Unconsolidated,1,Brazil
409.76,7.99,0.217,36.97,1059.6,0.21,2.46,1.54,-5.763732,-50.249544,5.78,Alluvium_Unconsolidated,0,Brazil
374.89,5.06,0.356,31.4,1185.3,0.257,2.29,1.35,-5.651164,-50.01774,3.66,Alluvium_Unconsolidated,0,Brazil
396.5,2.13,0.401,29.07,1228.7,0.358,2.22,1.69,-6.248463,-49.897019,5.17,Alluvium_Unconsolidated,0,Brazil
422.14,1.92,0.437,29.03,1230.9,0.264,2.21,2.48,-6.030738,-49.888785,5.58,Alluvium_Unconsolidated,0,Brazil
361.84,1.67,0.219,29.01,866.8,0.339,3.15,1.96,-6.389335,-50.651563,4.49,Alluvium_Unconsolidated,0,Brazil
375.97,5.53,0.389,32.07,924.8,0.27,2.22,2.47,-5.628354,-50.491032,5.6,Alluvium_Unconsolidated,1,Brazil
352.7,4.4,0.249,30.59,902.3,0.35,2.37,2.19,-6.356678,-50.542507,4.14,Alluvium_Unconsolidated,0,Brazil
409.0,7.91,0.5,36.78,1075.2,0.316,3.03,2.22,-6.125258,-50.223371,2.52,Alluvium_Unconsolidated,0,Brazil
327.94,7.49,0.2,35.8,991.2,0.318,2.02,2.38,-6.437031,-50.364943,1.6,Alluvium_Unconsolidated,1,Brazil
353.23,4.38,0.2,30.57,901.9,0.32,3.02,2.44,-6.433033,-50.543364,5.56,Alluvium_Unconsolidated,0,Brazil
352.7,7.54,0.218,35.9,1106.2,0.338,1.99,1.98,-6.390766,-50.170602,3.88,Alluvium_Unconsolidated,0,Brazil
370.18,7.02,0.428,34.77,1131.0,0.286,2.49,1.85,-5.599978,-50.126476,4.8,Alluvium_Unconsolidated,0,Brazil
419.8,5.0,0.207,31.32,913.4,0.206,1.78,2.34,-5.780406,-50.516018,5.54,Alluvium_Unconsolidated,0,Brazil
407.75,4.48,0.215,30.68,903.7,0.209,1.79,2.42,-5.767585,-50.538984,5.6,Alluvium_Unconsolidated,0,Brazil
409.92,6.05,0.227,32.91,937.5,0.213,1.6,2.31,-5.750811,-50.464555,2.22,Alluvium_Unconsolidated,0,Brazil
391.76,8.0,0.386,37.0,1049.1,0.359,2.62,2.49,-6.258858,-50.266947,2.52,Alluvium_Unconsolidated,1,Brazil
458.19,5.96,0.301,32.77,1164.6,0.219,2.03,1.91,-5.935745,-50.062074,4.9,Alluvium_Unconsolidated,0,Brazil
336.55,5.32,0.219,31.77,920.2,0.339,2.42,2.41,-6.389995,-50.500992,4.44,Alluvium_Unconsolidated,1,Brazil
442.78,7.02,0.266,34.76,968.8,0.211,2.22,1.43,-5.909841,-50.404802,5.17,Alluvium_Unconsolidated,1,Brazil
355.6,6.01,0.275,32.84,936.4,0.355,1.77,2.32,-6.335579,-50.466739,2.48,Alluvium_Unconsolidated,0,Brazil
451.34,2.71,0.434,29.28,877.7,0.263,2.62,1.56,-6.028833,-50.611423,2.54,Alluvium_Unconsolidated,1,Brazil
350.79,3.45,0.259,29.72,887.4,0.352,2.53,2.01,-6.348127,-50.581824,5.0,Alluvium_Unconsolidated,0,Brazil
356.96,2.64,0.434,29.25,856.7,0.288,1.6,1.74,-5.595529,-50.702448,2.46,Alluvium_Unconsolidated,1,Brazil
432.98,2.59,0.2,29.23,1223.6,0.2,3.1,1.88,-5.819652,-49.915022,5.09,Alluvium_Unconsolidated,1,Brazil
454.26,3.14,0.417,29.51,1216.9,0.256,2.06,2.49,-6.015112,-49.936426,5.08,Alluvium_Unconsolidated,0,Brazil
402.51,3.45,0.246,29.72,852.7,0.22,2.61,2.25,-5.731468,-50.734218,2.96,Alluvium_Unconsolidated,1,Brazil
440.88,3.04,0.364,29.45,881.8,0.237,3.07,1.74,-5.978666,-50.598489,5.53,Alluvium_Unconsolidated,0,Brazil
391.84,7.99,0.282,36.98,1057.0,0.232,2.97,1.82,-5.701813,-50.25377,3.57,Alluvium_Unconsolidated,0,Brazil
349.46,4.42,0.232,30.62,902.7,0.345,2.52,2.26,-6.373575,-50.541517,4.94,Alluvium_Unconsolidated,0,Brazil
428.44,3.16,0.492,29.52,1246.1,0.3,2.12,2.1,-6.094323,-49.808215,5.31,Alluvium_Unconsolidated,0,Brazil
432.6,6.24,0.253,33.26,943.0,0.208,2.43,1.61,-5.898663,-50.453697,4.19,Alluvium_Unconsolidated,0,Brazil
407.89,7.84,0.262,36.61,1016.7,0.225,2.45,1.99,-5.717348,-50.321175,5.79,Alluvium_Unconsolidated,0,Brazil
441.69,6.91,0.457,34.53,1135.5,0.274,1.8,2.23,-6.048667,-50.118264,5.61,Alluvium_Unconsolidated,0,Brazil
452.34,6.12,0.362,33.05,939.6,0.237,3.08,1.37,-5.977085,-50.460397,3.19,Alluvium_Unconsolidated,0,Brazil
352.97,5.27,0.206,31.69,1180.9,0.33,2.69,1.44,-6.410732,-50.027556,3.05,Alluvium_Unconsolidated,0,Brazil
362.54,3.03,0.297,29.44,881.7,0.357,2.37,1.82,-6.319535,-50.598783,4.16,Alluvium_Unconsolidated,1,Brazil
432.62,6.8,0.206,34.31,960.6,0.205,1.6,2.03,-5.782538,-50.420019,2.37,Alluvium_Unconsolidated,0,Brazil
364.61,3.98,0.431,30.16,895.3,0.287,2.08,2.24,-5.597816,-50.560306,5.13,Alluvium_Unconsolidated,0,Brazil
430.81,2.87,0.49,29.35,879.7,0.297,2.09,1.36,-6.090028,-50.605234,3.2,Alluvium_Unconsolidated,0,Brazil
416.62,2.22,0.487,29.1,872.2,0.294,1.99,1.42,-6.084813,-50.630412,3.92,Alluvium_Unconsolidated,0,Brazil
352.42,7.93,0.202,36.83,1071.8,0.324,1.61,2.03,-6.425214,-50.229125,5.7,Alluvium_Unconsolidated,0,Brazil
430.3,7.48,0.201,35.77,1109.5,0.202,2.62,1.3,-5.803249,-50.164867,5.49,Alluvium_Unconsolidated,0,Brazil
351.02,2.72,0.476,29.28,856.3,0.31,1.7,1.56,-5.554811,-50.705302,2.01,Alluvium_Unconsolidated,0,Brazil
441.09,1.75,0.305,29.01,863.1,0.22,3.04,2.17,-5.93824,-50.667675,5.37,Alluvium_Unconsolidated,0,Brazil
431.09,3.5,0.204,29.76,1211.9,0.204,3.06,1.61,-5.78767,-49.950989,5.37,Alluvium_Unconsolidated,1,Brazil
384.39,5.13,0.393,31.49,1184.0,0.358,2.99,2.1,-6.25422,-50.020694,2.08,Alluvium_Unconsolidated,0,Brazil
407.45,3.0,0.243,29.43,881.4,0.219,1.84,2.5,-5.733878,-50.599799,5.72,Alluvium_Unconsolidated,0,Brazil
335.87,4.54,0.2,30.75,850.1,0.313,2.55,1.78,-6.447783,-50.779937,5.66,Alluvium_Unconsolidated,0,Brazil
363.42,2.62,0.337,29.24,1223.3,0.251,1.82,1.32,-5.663515,-49.916106,1.9,Alluvium_Unconsolidated,0,Brazil
412.04,7.77,0.481,36.45,1089.7,0.289,2.49,2.08,-6.075244,-50.198954,3.8,Alluvium_Unconsolidated,0,Brazil
391.42,3.18,0.396,29.54,1216.3,0.358,2.52,1.81,-6.252185,-49.938186,3.61,Alluvium_Unconsolidated,0,Brazil
328.69,1.61,0.22,29.0,1233.8,0.288,2.85,1.51,-6.492605,-49.876907,4.19,Alluvium_Unconsolidated,0,Brazil
414.51,3.52,0.49,29.77,888.4,0.334,1.7,1.33,-6.163633,-50.579155,5.67,Alluvium_Unconsolidated,0,Brazil
369.5,2.14,0.407,29.08,1228.6,0.277,1.6,1.3,-5.615591,-49.897331,5.32,Alluvium_Unconsolidated,0,Brazil
385.93,1.83,0.36,29.02,1231.7,0.259,1.64,1.33,-5.647941,-49.885392,4.26,Alluvium_Unconsolidated,0,Brazil
386.63,3.39,0.277,29.68,886.6,0.23,1.64,2.48,-5.706049,-50.584229,4.43,Alluvium_Unconsolidated,0,Brazil
343.02,7.44,0.207,35.69,1111.5,0.331,1.9,1.87,-6.408686,-50.16134,4.53,Alluvium_Unconsolidated,0,Brazil
385.03,6.02,0.348,32.87,936.9,0.36,1.6,2.12,-6.28455,-50.465906,5.29,Alluvium_Unconsolidated,0,Brazil
364.27,6.2,0.238,33.18,1158.3,0.346,2.79,1.75,-6.367929,-50.074665,3.77,Alluvium_Unconsolidated,1,Brazil
357.4,2.57,0.269,29.22,1242.8,0.354,2.68,1.3,-6.340313,-49.831501,2.47,Alluvium_Unconsolidated,1,Brazil
418.85,2.31,0.477,29.13,873.2,0.341,1.6,1.31,-6.18214,-50.626761,5.12,Alluvium_Unconsolidated,0,Brazil
420.25,7.36,0.208,35.5,984.1,0.2,1.65,1.59,-5.845503,-50.377373,4.51,Alluvium_Unconsolidated,0,Brazil
346.88,3.28,0.482,29.6,853.4,0.314,1.67,1.47,-5.546952,-50.727607,1.49,Alluvium_Unconsolidated,1,Brazil
443.58,7.92,0.279,36.8,1026.1,0.214,1.77,1.3,-5.919841,-50.305329,5.51,Alluvium_Unconsolidated,1,Brazil
417.04,3.13,0.204,29.5,883.0,0.2,2.72,2.35,-5.836187,-50.594714,2.14,Alluvium_Unconsolidated,0,Brazil
401.66,7.31,0.209,35.39,1118.4,0.206,2.93,1.31,-5.776554,-50.149074,3.87,Alluvium_Unconsolidated,0,Brazil
364.57,7.97,0.262,36.94,1036.5,0.352,1.76,2.46,-6.346082,-50.288007,5.4,Alluvium_Unconsolidated,0,Brazil
357.27,5.11,0.383,31.46,915.6,0.267,2.06,2.45,-5.632534,-50.511093,5.06,Alluvium_Unconsolidated,0,Brazil
442.97,6.08,0.323,32.97,938.4,0.225,2.94,1.44,-5.95124,-50.462871,1.48,Alluvium_Unconsolidated,1,Brazil
416.71,6.98,0.21,34.68,1132.7,0.207,3.05,1.3,-5.774963,-50.123314,2.65,Alluvium_Unconsolidated,1,Brazil
414.6,3.8,0.471,30.0,892.5,0.343,1.63,1.4,-6.189041,-50.567859,5.8,Alluvium_Unconsolidated,0,Brazil
329.41,2.72,0.203,29.28,877.9,0.306,3.19,2.37,-6.459505,-50.611056,1.71,Alluvium_Unconsolidated,0,Brazil
350.52,5.03,0.234,31.36,1185.9,0.345,3.04,1.55,-6.371351,-50.016364,5.4,Alluvium_Unconsolidated,0,Brazil
430.08,3.66,0.5,29.89,851.9,0.318,1.66,1.55,-6.12918,-50.743006,3.93,Alluvium_Unconsolidated,0,Brazil
339.01,2.15,0.48,29.08,860.0,0.313,1.81,1.6,-5.549687,-50.683265,3.38,Alluvium_Unconsolidated,0,Brazil
365.18,6.6,0.438,33.92,953.7,0.29,2.9,2.48,-5.592047,-50.432856,4.14,Alluvium_Unconsolidated,0,Brazil
371.02,3.77,0.477,29.98,1208.0,0.311,1.61,1.51,-5.553754,-49.961939,5.74,Alluvium_Unconsolidated,0,Brazil
379.25,4.3,0.347,30.49,850.3,0.254,2.13,1.79,-5.65696,-50.769691,5.48,Alluvium_Unconsolidated,0,Brazil
410.07,6.84,0.246,34.4,1138.0,0.22,3.2,1.34,-5.731352,-50.113683,2.61,Alluvium_Unconsolidated,0,Brazil
367.96,5.87,0.446,32.62,1167.0,0.294,1.94,1.68,-5.585026,-50.057196,0.86,Alluvium_Unconsolidated,0,Brazil
384.74,4.89,0.435,31.18,1188.6,0.353,2.7,2.2,-6.223182,-50.010171,2.33,Alluvium_Unconsolidated,1,Brazil
398.6,4.54,0.255,30.75,904.7,0.223,1.61,2.49,-5.723676,-50.536441,3.62,Alluvium_Unconsolidated,0,Brazil
406.84,4.32,0.404,30.51,900.9,0.357,1.62,1.66,-6.246443,-50.545872,4.68,Alluvium_Unconsolidated,1,Brazil
365.34,3.23,0.281,29.56,853.6,0.356,3.12,1.47,-6.331152,-50.725407,4.91,Alluvium_Unconsolidated,0,Brazil
378.2,7.91,0.276,36.79,1025.6,0.355,1.75,2.49,-6.334698,-50.306305,5.42,Alluvium_Unconsolidated,0,Brazil
416.69,3.74,0.499,29.95,1208.4,0.311,1.63,2.43,-6.116307,-49.960843,4.15,Alluvium_Unconsolidated,0,Brazil
376.38,7.99,0.49,36.97,1041.3,0.32,2.82,2.49,-5.534557,-50.280016,5.78,Alluvium_Unconsolidated,1,Brazil
435.04,2.95,0.202,29.4,1245.0,0.2,2.71,2.26,-5.830079,-49.816612,5.59,Alluvium_Unconsolidated,1,Brazil
442.13,3.58,0.258,29.82,852.2,0.209,2.96,2.45,-5.902941,-50.739596,4.9,Alluvium_Unconsolidated,0,Brazil
337.09,7.61,0.207,36.08,998.6,0.331,1.76,2.43,-6.409435,-50.352174,2.66,Alluvium_Unconsolidated,0,Brazil
363.9,2.97,0.46,29.41,1219.0,0.301,1.62,1.38,-5.572484,-49.929847,5.76,Alluvium_Unconsolidated,0,Brazil
408.27,7.92,0.453,36.81,1026.8,0.349,2.85,2.3,-6.207608,-50.304181,4.2,Alluvium_Unconsolidated,0,Brazil
443.24,7.65,0.273,36.16,1000.9,0.213,1.94,1.33,-5.915352,-50.348203,5.8,Alluvium_Unconsolidated,1,Brazil
333.3,7.35,0.499,35.48,983.7,0.333,3.08,2.4,-5.507598,-50.378176,5.21,Alluvium_Unconsolidated,0,Brazil
316.94,2.81,0.211,29.33,855.8,0.296,2.7,2.18,-6.479541,-50.70895,5.25,Alluvium_Unconsolidated,0,Brazil
418.8,3.38,0.433,29.67,1213.7,0.263,1.91,2.49,-6.027405,-49.945986,4.2,Alluvium_Unconsolidated,0,Brazil
437.54,2.85,0.407,29.34,1220.6,0.252,2.2,2.49,-6.007987,-49.924914,5.55,Alluvium_Unconsolidated,0,Brazil
401.71,6.94,0.482,34.61,1134.0,0.338,2.91,2.5,-6.175227,-50.120956,1.18,Alluvium_Unconsolidated,1,Brazil
443.11,7.53,0.24,35.89,1106.4,0.205,1.85,1.39,-5.886438,-50.170147,3.71,Alluvium_Unconsolidated,0,Brazil
392.4,7.39,0.376,35.57,985.6,0.265,2.85,2.44,-5.637447,-50.374686,4.49,Alluvium_Unconsolidated,0,Brazil
405.88,2.74,0.234,29.29,878.1,0.216,1.97,2.5,-5.743732,-50.610196,5.79,Alluvium_Unconsolidated,0,Brazil
365.25,7.98,0.266,36.96,1039.1,0.353,1.79,2.46,-6.342979,-50.283643,5.21,Alluvium_Unconsolidated,0,Brazil
378.01,4.42,0.348,30.62,1197.4,0.36,3.05,1.84,-6.284699,-49.989291,2.76,Alluvium_Unconsolidated,0,Brazil
383.6,4.56,0.346,30.77,1194.9,0.36,3.08,1.86,-6.286135,-49.995291,3.13,Alluvium_Unconsolidated,1,Brazil
338.76,7.94,0.202,36.84,1071.1,0.324,1.61,2.03,-6.424804,-50.230171,5.7,Alluvium_Unconsolidated,0,Brazil
390.32,2.11,0.409,29.07,1239.7,0.357,1.9,1.56,-6.242882,-49.84911,5.79,Alluvium_Unconsolidated,0,Brazil
360.01,2.59,0.474,29.22,1242.9,0.309,2.1,1.3,-5.557473,-49.830785,3.09,Alluvium_Unconsolidated,0,Brazil
402.44,2.49,0.272,29.18,1242.3,0.229,1.77,1.65,-5.709895,-49.834672,2.47,Alluvium_Unconsolidated,0,Brazil
384.77,4.45,0.335,30.65,1196.9,0.36,3.1,1.81,-6.292903,-49.990507,3.36,Alluvium_Unconsolidated,0,Brazil
368.32,1.72,0.373,29.01,863.3,0.36,2.31,1.41,-6.268056,-50.666611,3.8,Alluvium_Unconsolidated,0,Brazil
409.24,2.5,0.488,29.19,857.6,0.335,1.69,1.34,-6.16623,-50.696724,3.55,Alluvium_Unconsolidated,0,Brazil
344.04,2.48,0.225,29.18,875.1,0.342,3.02,2.04,-6.382013,-50.620221,5.55,Alluvium_Unconsolidated,0,Brazil
430.53,6.38,0.362,33.51,947.1,0.237,3.03,1.35,-5.976866,-50.445714,2.51,Alluvium_Unconsolidated,1,Brazil
417.68,7.21,0.204,35.18,1122.8,0.204,2.87,1.3,-5.7903,-50.141227,4.35,Alluvium_Unconsolidated,0,Brazil
373.09,7.35,0.338,35.48,1116.3,0.251,3.11,1.65,-5.663006,-50.152908,5.02,Alluvium_Unconsolidated,0,Brazil
403.44,2.49,0.242,29.19,857.7,0.219,2.41,2.36,-5.734821,-50.696538,4.29,Alluvium_Unconsolidated,0,Brazil
338.94,2.24,0.478,29.1,872.5,0.311,2.06,1.8,-5.553008,-50.62955,5.08,Alluvium_Unconsolidated,0,Brazil
318.83,4.93,0.203,31.23,912.1,0.307,3.07,2.5,-6.458798,-50.519176,5.28,Alluvium_Unconsolidated,0,Brazil
427.36,8.0,0.282,37.0,1051.3,0.214,1.65,1.32,-5.921623,-50.26331,4.52,Alluvium_Unconsolidated,0,Brazil
350.25,7.02,0.2,34.77,969.0,0.313,2.35,2.43,-6.447053,-50.404535,4.05,Alluvium_Unconsolidated,0,Brazil
368.02,3.73,0.354,29.94,891.4,0.257,1.67,2.4,-5.6521,-50.5707,1.45,Alluvium_Unconsolidated,0,Brazil
357.35,2.41,0.498,29.16,858.2,0.33,2.04,1.44,-5.512675,-50.693439,4.99,Alluvium_Unconsolidated,0,Brazil
380.78,2.8,0.352,29.32,1221.2,0.36,2.7,1.63,-6.281819,-49.923005,2.3,Alluvium_Unconsolidated,1,Brazil
435.25,7.86,0.281,36.66,1081.1,0.214,1.6,1.39,-5.920992,-50.213366,2.42,Alluvium_Unconsolidated,0,Brazil
339.25,4.6,0.201,30.82,1194.2,0.322,2.71,1.34,-6.42923,-49.996962,3.17,Alluvium_Unconsolidated,1,Brazil
440.35,2.64,0.418,29.24,876.9,0.256,2.73,1.62,-6.015752,-50.614237,3.3,Alluvium_Unconsolidated,1,Brazil
434.72,3.37,0.427,29.66,853.0,0.26,1.95,2.0,-6.023147,-50.731057,4.23,Alluvium_Unconsolidated,0,Brazil
440.98,4.25,0.436,30.43,899.7,0.264,2.95,1.4,-6.030489,-50.548957,4.88,Alluvium_Unconsolidated,1,Brazil
432.97,3.73,0.287,29.94,891.4,0.216,3.17,1.89,-5.92571,-50.570836,4.5,Alluvium_Unconsolidated,0,Brazil
311.41,1.89,0.221,29.03,1231.2,0.288,2.78,1.49,-6.493466,-49.88766,3.72,Alluvium_Unconsolidated,0,Brazil
414.85,5.26,0.467,31.67,918.7,0.28,2.97,1.3,-6.058113,-50.50416,4.98,Alluvium_Unconsolidated,0,Brazil
319.74,2.92,0.22,29.38,855.1,0.288,2.55,2.22,-6.492629,-50.713326,5.66,Alluvium_Unconsolidated,0,Brazil
328.24,3.47,0.5,29.73,887.6,0.335,2.84,1.72,-5.500569,-50.581284,4.54,Alluvium_Unconsolidated,1,Brazil
379.69,7.84,0.349,36.61,1016.7,0.255,2.98,2.26,-5.65537,-50.321162,3.47,Alluvium_Unconsolidated,0,Brazil
432.29,7.71,0.2,36.31,1094.5,0.201,2.33,1.31,-5.816853,-50.19071,5.77,Alluvium_Unconsolidated,1,Brazil
358.29,1.74,0.482,29.01,1232.6,0.314,1.91,1.36,-5.546774,-49.882008,4.48,Alluvium_Unconsolidated,0,Brazil
431.94,7.05,0.205,34.82,970.0,0.2,1.69,1.7,-5.838798,-50.402631,4.98,Alluvium_Unconsolidated,0,Brazil
460.12,7.94,0.313,36.85,1029.6,0.222,1.91,1.32,-5.944077,-50.299547,5.8,Alluvium_Unconsolidated,0,Brazil
386.86,7.86,0.375,36.67,1019.2,0.264,3.09,2.31,-5.638168,-50.317001,2.11,Alluvium_Unconsolidated,1,Brazil
377.65,2.66,0.328,29.26,856.6,0.248,1.87,2.09,-5.669507,-50.703191,5.77,Alluvium_Unconsolidated,0,Brazil
452.18,7.66,0.497,36.19,1002.0,0.306,3.2,1.7,-6.105233,-50.346199,5.59,Alluvium_Unconsolidated,0,Brazil
339.87,6.94,0.489,34.6,1134.3,0.319,1.89,2.13,-5.536504,-50.120494,1.22,Alluvium_Unconsolidated,0,Brazil
369.75,3.1,0.301,29.48,1217.4,0.358,3.03,1.52,-6.316625,-49.934899,2.45,Alluvium_Unconsolidated,0,Brazil
397.14,5.28,0.24,31.71,1180.7,0.218,3.06,1.31,-5.736717,-50.028002,5.36,Alluvium_Unconsolidated,1,Brazil
374.62,7.96,0.428,36.89,1067.6,0.286,3.07,2.23,-5.60013,-50.236062,5.29,Alluvium_Unconsolidated,0,Brazil
398.59,1.67,0.436,29.01,866.7,0.353,1.84,1.33,-6.222512,-50.651752,1.74,Alluvium_Unconsolidated,0,Brazil
378.14,6.73,0.341,34.19,1141.7,0.36,3.15,2.22,-6.289112,-50.106732,5.79,Alluvium_Unconsolidated,0,Brazil
422.34,3.26,0.484,29.58,853.5,0.292,1.64,1.71,-6.0796,-50.726552,5.8,Alluvium_Unconsolidated,0,Brazil
446.76,6.83,0.467,34.38,1138.2,0.28,1.84,2.28,-6.058365,-50.113219,5.72,Alluvium_Unconsolidated,0,Brazil
411.32,4.33,0.202,30.52,901.1,0.203,2.04,2.36,-5.795988,-50.54549,5.7,Alluvium_Unconsolidated,0,Brazil
427.97,7.38,0.493,35.54,985.0,0.331,2.87,1.84,-6.157845,-50.375743,4.31,Alluvium_Unconsolidated,0,Brazil
328.54,6.78,0.484,34.29,1139.9,0.315,1.9,2.06,-5.544562,-50.110074,1.14,Alluvium_Unconsolidated,0,Brazil
450.23,7.99,0.456,36.97,1059.7,0.274,2.55,1.77,-6.047763,-50.249241,3.42,Alluvium_Unconsolidated,0,Brazil
362.9,7.95,0.466,36.88,1068.1,0.304,2.84,2.35,-5.566733,-50.235203,5.79,Alluvium_Unconsolidated,0,Brazil
336.58,7.93,0.206,36.82,1027.7,0.301,1.95,2.08,-6.469784,-50.302684,0.95,Alluvium_Unconsolidated,0,Brazil
354.45,1.99,0.256,29.05,869.9,0.351,2.89,1.82,-6.350878,-50.639264,5.8,Alluvium_Unconsolidated,0,Brazil
363.52,7.97,0.222,36.93,1064.5,0.34,1.71,2.24,-6.385313,-50.241323,5.6,Alluvium_Unconsolidated,0,Brazil
422.45,3.99,0.234,30.18,1204.5,0.216,2.85,1.4,-5.74332,-49.971262,5.8,Alluvium_Unconsolidated,1,Brazil
363.51,7.79,0.292,36.49,1088.2,0.357,2.43,2.36,-6.322824,-50.201355,1.03,Alluvium_Unconsolidated,0,Brazil
369.83,7.49,0.447,35.79,1109.1,0.35,3.2,2.5,-6.212714,-50.165455,5.22,Alluvium_Unconsolidated,0,Brazil
393.4,6.96,0.438,34.64,966.5,0.352,2.09,2.03,-6.220799,-50.409013,3.19,Alluvium_Unconsolidated,0,Brazil
354.31,7.87,0.204,36.68,1019.9,0.327,1.68,2.33,-6.417061,-50.315826,3.75,Alluvium_Unconsolidated,0,Brazil
335.39,2.9,0.2,29.37,1244.7,0.315,3.2,1.49,-6.44229,-49.818641,5.16,Alluvium_Unconsolidated,0,Brazil
360.61,7.1,0.496,34.95,1127.6,0.327,1.82,2.24,-5.519484,-50.13262,1.88,Alluvium_Unconsolidated,0,Brazil
429.06,5.71,0.213,32.35,929.0,0.201,2.18,1.91,-5.854191,-50.482162,5.31,Alluvium_Unconsolidated,0,Brazil
339.96,2.0,0.498,29.05,1238.9,0.331,2.39,1.39,-5.512109,-49.853485,0.91,Alluvium_Unconsolidated,0,Brazil
365.99,2.22,0.236,29.1,872.2,0.346,2.98,1.94,-6.369268,-50.630412,5.67,Alluvium_Unconsolidated,1,Brazil
347.52,1.57,0.499,29.0,865.9,0.333,2.34,1.51,-5.506233,-50.65542,5.78,Alluvium_Unconsolidated,1,Brazil
424.71,4.06,0.249,30.24,1203.4,0.207,2.92,2.03,-5.89489,-49.974086,3.97,Alluvium_Unconsolidated,0,Brazil
381.97,6.32,0.337,33.4,1154.8,0.251,2.8,1.45,-5.663476,-50.081686,5.75,Alluvium_Unconsolidated,1,Brazil
388.04,7.91,0.414,36.78,1075.2,0.356,3.01,2.5,-6.23933,-50.223424,5.21,Alluvium_Unconsolidated,0,Brazil
382.68,7.91,0.344,36.77,1024.5,0.253,3.01,2.21,-5.658958,-50.308084,3.14,Alluvium_Unconsolidated,0,Brazil
347.0,3.3,0.2,29.62,853.3,0.319,2.96,1.9,-6.433876,-50.728421,3.65,Alluvium_Unconsolidated,0,Brazil
428.31,8.0,0.498,36.99,1054.3,0.309,3.08,2.04,-6.111493,-50.258259,3.17,Alluvium_Unconsolidated,0,Brazil
341.84,7.9,0.225,36.76,1076.3,0.285,1.77,1.65,-6.499241,-50.221554,2.47,Alluvium_Unconsolidated,0,Brazil
435.1,6.37,0.421,33.49,1153.4,0.257,1.6,2.21,-6.018038,-50.084386,3.18,Alluvium_Unconsolidated,0,Brazil
433.02,7.69,0.256,36.27,1004.2,0.209,1.81,1.34,-5.900934,-50.342428,5.64,Alluvium_Unconsolidated,0,Brazil
449.68,7.82,0.235,36.56,1014.8,0.204,1.65,1.35,-5.88195,-50.324389,4.57,Alluvium_Unconsolidated,1,Brazil
460.69,4.89,0.455,31.18,850.0,0.273,1.61,2.11,-6.046922,-50.795515,5.71,Alluvium_Unconsolidated,0,Brazil
416.26,1.88,0.201,29.03,1237.9,0.2,2.86,2.09,-5.820592,-49.858222,5.8,Alluvium_Unconsolidated,0,Brazil
445.08,5.4,0.431,31.87,1178.2,0.262,1.62,2.37,-6.026137,-50.033481,1.34,Alluvium_Unconsolidated,1,Brazil
349.85,7.03,0.484,34.79,969.4,0.316,3.2,2.44,-5.544009,-50.403697,2.19,Alluvium_Unconsolidated,0,Brazil
461.32,5.24,0.25,31.65,918.4,0.207,2.72,1.79,-5.895688,-50.504864,2.17,Alluvium_Unconsolidated,0,Brazil
386.62,7.81,0.416,36.54,1086.0,0.356,3.09,2.5,-6.237336,-50.205082,5.61,Alluvium_Unconsolidated,0,Brazil
328.12,7.19,0.492,35.12,1124.0,0.322,1.93,2.21,-5.530296,-50.139063,0.84,Alluvium_Unconsolidated,0,Brazil
352.77,4.21,0.489,30.39,850.5,0.32,1.63,1.36,-5.535706,-50.765641,1.16,Alluvium_Unconsolidated,0,Brazil
417.13,5.08,0.201,31.43,1184.9,0.203,3.2,1.46,-5.797875,-50.018811,2.38,Alluvium_Unconsolidated,0,Brazil
426.6,2.2,0.2,29.09,859.6,0.201,3.03,2.5,-5.817227,-50.685226,2.51,Alluvium_Unconsolidated,0,Brazil
359.62,1.79,0.216,29.02,862.8,0.338,3.19,1.92,-6.392953,-50.669252,3.62,Alluvium_Unconsolidated,0,Brazil
438.42,2.31,0.413,29.13,873.2,0.255,2.68,1.68,-6.012602,-50.626827,2.95,Alluvium_Unconsolidated,0,Brazil
416.92,2.47,0.217,29.18,1242.2,0.21,2.2,1.9,-5.763947,-49.835263,3.09,Alluvium_Unconsolidated,0,Brazil
452.94,7.72,0.449,36.31,1005.8,0.27,2.99,1.46,-6.04076,-50.339767,2.03,Alluvium_Unconsolidated,1,Brazil
434.7,3.39,0.493,29.68,1213.4,0.3,1.6,2.45,-6.09565,-49.946704,2.19,Alluvium_Unconsolidated,1,Brazil
343.74,2.44,0.207,29.17,1242.0,0.3,3.14,1.54,-6.471279,-49.836604,5.77,Alluvium_Unconsolidated,0,Brazil
336.9,4.24,0.203,30.43,850.4,0.326,2.87,1.7,-6.419943,-50.767138,4.33,Alluvium_Unconsolidated,0,Brazil
362.59,6.28,0.252,33.33,944.0,0.35,1.83,2.41,-6.354351,-50.451585,1.86,Alluvium_Unconsolidated,0,Brazil
339.66,7.66,0.496,36.18,1098.5,0.326,2.11,2.37,-5.521608,-50.183823,2.4,Alluvium_Unconsolidated,1,Brazil
385.13,3.69,0.318,29.91,890.8,0.244,1.61,2.45,-5.676611,-50.572263,2.05,Alluvium_Unconsolidated,0,Brazil
427.33,7.15,0.214,35.04,1125.7,0.201,2.31,1.37,-5.855055,-50.136168,5.75,Alluvium_Unconsolidated,1,Brazil
367.24,5.69,0.229,32.33,928.6,0.343,2.18,2.41,-6.37722,-50.482887,2.94,Alluvium_Unconsolidated,0,Brazil
352.74,1.68,0.484,29.01,863.6,0.316,1.94,1.63,-5.543984,-50.665277,4.41,Alluvium_Unconsolidated,0,Brazil
362.09,7.56,0.438,35.95,995.1,0.29,3.16,2.49,-5.592495,-50.358207,0.84,Alluvium_Unconsolidated,0,Brazil
415.39,6.15,0.392,33.09,940.3,0.247,3.16,1.33,-5.99719,-50.458958,4.34,Alluvium_Unconsolidated,0,Brazil
427.67,2.12,0.438,29.07,1228.8,0.265,2.15,2.49,-6.031537,-49.896712,5.42,Alluvium_Unconsolidated,0,Brazil
349.98,6.22,0.447,33.23,1157.6,0.294,2.03,1.75,-5.584182,-50.076176,1.74,Alluvium_Unconsolidated,0,Brazil
437.83,4.56,0.211,30.78,905.1,0.2,2.48,2.12,-5.84995,-50.53555,3.85,Alluvium_Unconsolidated,0,Brazil
381.43,7.38,0.362,35.55,985.1,0.36,1.84,2.35,-6.274962,-50.375584,4.95,Alluvium_Unconsolidated,0,Brazil
387.28,6.62,0.448,33.96,1145.6,0.35,3.06,2.45,-6.212184,-50.099293,2.81,Alluvium_Unconsolidated,0,Brazil
416.59,6.91,0.498,34.53,1135.5,0.324,2.61,2.48,-6.141384,-50.118327,3.01,Alluvium_Unconsolidated,0,Brazil
352.44,7.88,0.438,36.71,1078.7,0.29,2.95,2.2,-5.592425,-50.217541,5.74,Alluvium_Unconsolidated,0,Brazil
409.52,6.62,0.22,33.97,1145.3,0.211,3.18,1.3,-5.759602,-50.099832,1.23,Alluvium_Unconsolidated,1,Brazil
384.36,1.6,0.402,29.0,1233.9,0.275,1.6,1.31,-5.619159,-49.876663,5.59,Alluvium_Unconsolidated,0,Brazil
352.48,4.02,0.481,30.21,1204.0,0.313,1.61,1.56,-5.548793,-49.972456,5.71,Alluvium_Unconsolidated,0,Brazil
445.31,4.39,0.336,30.59,1197.9,0.229,2.26,2.26,-5.95961,-49.988145,5.67,Alluvium_Unconsolidated,0,Brazil
445.13,6.3,0.427,33.36,1155.5,0.26,1.6,2.24,-6.022654,-50.08032,3.3,Alluvium_Unconsolidated,0,Brazil
420.71,3.05,0.5,29.46,1245.5,0.319,1.81,1.94,-6.130522,-49.812404,3.36,Alluvium_Unconsolidated,0,Brazil
437.03,5.08,0.252,31.42,1185.0,0.208,2.65,1.88,-5.897812,-50.018438,5.41,Alluvium_Unconsolidated,0,Brazil
355.94,3.46,0.203,29.73,1212.4,0.326,3.01,1.31,-6.420956,-49.949528,5.24,Alluvium_Unconsolidated,0,Brazil
443.54,7.59,0.232,36.02,1103.0,0.204,1.88,1.36,-5.878674,-50.175997,3.94,Alluvium_Unconsolidated,0,Brazil
430.56,5.84,0.227,32.57,1167.8,0.203,2.65,1.64,-5.87288,-50.055611,5.41,Alluvium_Unconsolidated,0,Brazil
381.81,6.49,0.346,33.71,1149.8,0.254,2.8,1.49,-5.65774,-50.091342,5.76,Alluvium_Unconsolidated,0,Brazil
390.24,2.62,0.277,29.24,876.7,0.23,1.73,2.44,-5.705628,-50.614964,5.29,Alluvium_Unconsolidated,0,Brazil
417.99,2.51,0.202,29.19,1224.5,0.203,2.96,1.79,-5.797718,-49.911926,5.72,Alluvium_Unconsolidated,0,Brazil
410.71,6.88,0.227,34.47,1136.6,0.213,3.17,1.31,-5.751151,-50.116239,1.04,Alluvium_Unconsolidated,0,Brazil
416.81,2.38,0.202,29.15,1241.6,0.203,2.51,2.03,-5.793998,-49.838721,4.9,Alluvium_Unconsolidated,0,Brazil
358.39,6.97,0.336,34.66,966.9,0.36,1.64,2.33,-6.2925,-50.408259,5.8,Alluvium_Unconsolidated,0,Brazil
389.43,1.51,0.363,29.0,865.3,0.36,2.32,1.45,-6.274784,-50.657764,3.85,Alluvium_Unconsolidated,0,Brazil
430.75,6.55,0.208,33.84,952.4,0.2,1.85,1.79,-5.845337,-50.43545,5.74,Alluvium_Unconsolidated,0,Brazil
326.34,7.2,0.204,35.14,1123.6,0.305,1.67,1.55,-6.46238,-50.139818,5.75,Alluvium_Unconsolidated,0,Brazil
394.85,3.64,0.252,29.87,890.1,0.222,1.7,2.5,-5.726172,-50.574416,5.05,Alluvium_Unconsolidated,0,Brazil
436.84,5.34,0.361,31.8,920.6,0.237,3.18,1.45,-5.97668,-50.499941,4.68,Alluvium_Unconsolidated,0,Brazil
390.79,7.49,0.312,35.8,991.3,0.359,1.69,2.46,-6.309066,-50.364793,5.71,Alluvium_Unconsolidated,0,Brazil
432.0,6.46,0.287,33.65,949.3,0.216,2.6,1.47,-5.925556,-50.441378,3.04,Alluvium_Unconsolidated,1,Brazil
444.06,7.36,0.248,35.5,984.0,0.207,1.93,1.42,-5.894227,-50.37755,5.8,Alluvium_Unconsolidated,0,Brazil
432.87,3.45,0.495,29.72,852.7,0.303,1.6,1.64,-6.100567,-50.734165,5.45,Alluvium_Unconsolidated,0,Brazil
344.51,2.04,0.204,29.06,1239.2,0.304,3.13,1.47,-6.463351,-49.85186,5.75,Alluvium_Unconsolidated,0,Brazil
433.68,2.66,0.22,29.26,877.2,0.202,3.03,2.3,-5.86431,-50.613221,2.45,Alluvium_Unconsolidated,1,Brazil
443.13,3.83,0.206,30.03,851.4,0.2,3.19,2.49,-5.839479,-50.749823,5.66,Alluvium_Unconsolidated,1,Brazil
404.5,5.13,0.475,31.49,916.0,0.342,1.84,1.52,-6.184648,-50.510259,4.92,Alluvium_Unconsolidated,0,Brazil
368.8,5.92,0.369,32.7,1165.7,0.262,2.47,1.46,-5.642108,-50.059768,4.69,Alluvium_Unconsolidated,0,Brazil
436.93,6.25,0.363,33.27,1156.9,0.237,1.68,2.05,-5.977557,-50.077421,1.7,Alluvium_Unconsolidated,0,Brazil
335.37,2.33,0.493,29.13,873.4,0.323,2.31,1.7,-5.528731,-50.626116,5.75,Alluvium_Unconsolidated,0,Brazil
408.86,5.8,0.454,32.51,1168.7,0.349,2.8,2.38,-6.206264,-50.053682,1.45,Alluvium_Unconsolidated,0,Brazil
350.72,2.94,0.203,29.39,1219.4,0.326,3.09,1.3,-6.420254,-49.928698,5.63,Alluvium_Unconsolidated,0,Brazil
433.95,2.21,0.248,29.1,872.2,0.207,3.19,2.23,-5.893984,-50.630636,4.88,Alluvium_Unconsolidated,0,Brazil
361.39,4.04,0.287,30.22,1203.7,0.356,3.18,1.6,-6.326576,-49.97325,4.62,Alluvium_Unconsolidated,0,Brazil
402.83,7.72,0.42,36.33,1093.6,0.355,3.14,2.5,-6.234265,-50.192292,5.77,Alluvium_Unconsolidated,0,Brazil
402.64,1.72,0.272,29.01,867.2,0.229,1.91,2.39,-5.709811,-50.649776,5.79,Alluvium_Unconsolidated,0,Brazil
338.75,2.39,0.2,29.15,1241.6,0.318,3.2,1.42,-6.437286,-49.838625,5.43,Alluvium_Unconsolidated,1,Brazil
397.98,2.9,0.245,29.37,1219.9,0.22,2.49,1.47,-5.732372,-49.927237,4.78,Alluvium_Unconsolidated,0,Brazil
368.61,2.85,0.289,29.35,1244.5,0.357,2.46,1.31,-6.324861,-49.820365,3.96,Alluvium_Unconsolidated,0,Brazil
405.95,2.68,0.2,29.26,856.5,0.202,3.03,2.49,-5.804001,-50.703858,2.46,Alluvium_Unconsolidated,1,Brazil
412.33,1.81,0.2,29.02,868.0,0.201,2.84,2.48,-5.816102,-50.646444,1.08,Alluvium_Unconsolidated,0,Brazil
394.0,6.25,0.456,33.28,943.2,0.348,1.98,1.79,-6.204383,-50.453206,4.0,Alluvium_Unconsolidated,0,Brazil
438.58,4.22,0.235,30.4,899.2,0.204,2.85,2.02,-5.881356,-50.550085,1.0,Alluvium_Unconsolidated,1,Brazil
372.77,3.36,0.255,29.65,886.1,0.351,2.59,2.02,-6.3514,-50.58576,5.22,Alluvium_Unconsolidated,0,Brazil
436.07,7.77,0.493,36.44,1090.0,0.301,2.68,2.17,-6.09595,-50.198348,2.46,Alluvium_Unconsolidated,1,Brazil
429.46,1.55,0.2,29.0,865.7,0.201,2.89,2.49,-5.815724,-50.656279,0.99,Alluvium_Unconsolidated,0,Brazil
333.39,2.56,0.211,29.21,876.0,0.296,3.12,2.41,-6.478528,-50.617191,1.62,Alluvium_Unconsolidated,0,Brazil
372.2,3.08,0.409,29.47,1217.6,0.277,1.64,1.31,-5.614774,-49.934157,4.29,Alluvium_Unconsolidated,0,Brazil
340.72,2.55,0.455,29.21,857.3,0.298,1.63,1.67,-5.577179,-50.698715,0.93,Alluvium_Unconsolidated,0,Brazil
323.41,2.19,0.205,29.09,871.9,0.304,3.14,2.34,-6.464864,-50.631499,1.31,Alluvium_Unconsolidated,0,Brazil
355.2,7.93,0.287,36.82,1072.7,0.356,2.23,2.4,-6.326445,-50.227587,2.13,Alluvium_Unconsolidated,1,Brazil
379.7,6.47,0.318,33.68,949.8,0.244,2.09,2.46,-5.67648,-50.440473,5.18,Alluvium_Unconsolidated,0,Brazil
420.08,5.6,0.202,32.18,926.3,0.203,1.77,2.19,-5.797749,-50.487791,5.5,Alluvium_Unconsolidated,0,Brazil
439.78,1.82,0.323,29.02,1237.5,0.225,3.05,2.48,-5.951156,-49.860416,2.72,Alluvium_Unconsolidated,1,Brazil
357.21,7.76,0.216,36.43,1090.3,0.337,1.83,2.07,-6.393643,-50.197838,4.95,Alluvium_Unconsolidated,0,Brazil
339.94,3.07,0.314,29.47,1245.6,0.359,2.24,1.31,-6.307604,-49.81168,5.09,Alluvium_Unconsolidated,0,Brazil
334.73,1.87,0.222,29.03,1231.3,0.287,2.77,1.49,-6.495666,-49.887063,3.61,Alluvium_Unconsolidated,0,Brazil
446.19,4.94,0.393,31.24,912.2,0.247,3.19,1.43,-5.997957,-50.518802,5.72,Alluvium_Unconsolidated,0,Brazil
388.63,6.2,0.39,33.17,1158.4,0.359,3.17,2.26,-6.256176,-50.074572,4.48,Alluvium_Unconsolidated,1,Brazil
326.37,3.32,0.218,29.63,885.6,0.29,3.15,2.48,-6.489912,-50.587066,0.97,Alluvium_Unconsolidated,0,Brazil
453.78,3.8,0.238,30.0,892.5,0.205,2.96,2.07,-5.884867,-50.567803,1.74,Alluvium_Unconsolidated,1,Brazil
353.28,7.17,0.265,35.09,975.3,0.353,1.61,2.48,-6.343612,-50.393149,4.89,Alluvium_Unconsolidated,0,Brazil
416.18,7.82,0.495,36.56,1085.2,0.328,3.11,2.36,-6.151414,-50.206481,3.52,Alluvium_Unconsolidated,0,Brazil
417.51,3.45,0.495,29.72,887.4,0.303,2.13,1.31,-6.100595,-50.582027,2.87,Alluvium_Unconsolidated,1,Brazil
395.02,1.67,0.419,29.01,1236.2,0.356,1.93,1.64,-6.235136,-49.866258,5.8,Alluvium_Unconsolidated,0,Brazil
391.52,7.84,0.266,36.61,1083.1,0.227,3.07,1.62,-5.714147,-50.210102,2.45,Alluvium_Unconsolidated,0,Brazil
427.05,7.74,0.2,36.38,1092.1,0.201,2.33,1.31,-5.813942,-50.194831,5.77,Alluvium_Unconsolidated,0,Brazil
434.94,7.85,0.203,36.63,1017.5,0.203,1.81,1.63,-5.792342,-50.319891,3.35,Alluvium_Unconsolidated,0,Brazil
434.27,7.83,0.272,36.6,1083.8,0.212,1.61,1.38,-5.914729,-50.208829,1.74,Alluvium_Unconsolidated,0,Brazil
426.08,7.97,0.456,36.92,1034.8,0.274,2.79,1.63,-6.047485,-50.2908,1.5,Alluvium_Unconsolidated,0,Brazil
402.73,2.6,0.242,29.23,857.0,0.219,2.44,2.35,-5.735004,-50.700845,4.13,Alluvium_Unconsolidated,0,Brazil
413.58,2.36,0.5,29.14,873.7,0.316,1.74,1.32,-6.124785,-50.625072,5.5,Alluvium_Unconsolidated,0,Brazil
332.17,3.29,0.202,29.61,885.1,0.309,3.2,2.41,-6.454636,-50.588478,3.12,Alluvium_Unconsolidated,0,Brazil
414.0,7.93,0.424,36.83,1071.6,0.259,2.16,1.71,-6.020527,-50.229365,5.38,Alluvium_Unconsolidated,0,Brazil
344.21,2.89,0.269,29.37,1220.1,0.354,3.12,1.42,-6.340536,-49.926655,3.68,Alluvium_Unconsolidated,0,Brazil
408.28,7.17,0.499,35.08,1124.9,0.322,2.69,2.45,-6.137467,-50.137545,2.39,Alluvium_Unconsolidated,0,Brazil
395.0,1.65,0.268,29.0,863.9,0.227,2.01,2.37,-5.713023,-50.664054,5.75,Alluvium_Unconsolidated,1,Brazil
409.83,6.7,0.24,34.13,1142.7,0.218,3.2,1.32,-5.737292,-50.104822,2.61,Alluvium_Unconsolidated,1,Brazil
437.75,7.12,0.335,34.98,1126.9,0.229,1.62,1.76,-5.958902,-50.13387,1.31,Alluvium_Unconsolidated,0,Brazil
376.51,1.68,0.37,29.01,1236.3,0.262,1.6,1.35,-5.641554,-49.866011,5.14,Alluvium_Unconsolidated,0,Brazil
420.95,5.28,0.5,31.7,1180.8,0.318,1.94,2.49,-6.12929,-50.027866,5.8,Alluvium_Unconsolidated,0,Brazil
415.24,3.88,0.5,30.07,1206.3,0.314,1.66,2.43,-6.121029,-49.966433,4.59,Alluvium_Unconsolidated,0,Brazil
352.28,7.11,0.274,34.96,1127.3,0.354,2.72,2.11,-6.336493,-50.133242,3.3,Alluvium_Unconsolidated,1,Brazil
375.25,3.76,0.308,29.97,851.6,0.241,2.23,2.0,-5.682936,-50.747087,5.13,Alluvium_Unconsolidated,0,Brazil
343.42,7.45,0.211,35.71,1111.1,0.296,1.6,1.56,-6.477958,-50.161997,5.55,Alluvium_Unconsolidated,0,Brazil
433.55,2.04,0.201,29.06,1239.2,0.202,2.65,2.01,-5.800544,-49.851803,5.44,Alluvium_Unconsolidated,1,Brazil
381.31,1.97,0.372,29.04,1230.3,0.263,1.63,1.32,-5.640066,-49.891032,4.47,Alluvium_Unconsolidated,0,Brazil
378.37,4.35,0.328,30.53,901.3,0.248,1.67,2.47,-5.669494,-50.544888,1.44,Alluvium_Unconsolidated,1,Brazil
353.01,4.53,0.282,30.74,1195.5,0.356,3.2,1.65,-6.330199,-49.993976,5.33,Alluvium_Unconsolidated,0,Brazil
440.02,7.72,0.402,36.32,1006.1,0.25,2.7,1.36,-6.004396,-50.339248,2.29,Alluvium_Unconsolidated,0,Brazil
362.06,6.78,0.282,34.27,959.8,0.356,1.62,2.41,-6.330484,-50.421447,4.63,Alluvium_Unconsolidated,0,Brazil
399.94,6.79,0.225,34.3,1139.7,0.212,3.17,1.31,-5.753859,-50.110474,1.13,Alluvium_Unconsolidated,1,Brazil
317.9,4.81,0.21,31.08,909.8,0.297,3.16,2.5,-6.476714,-50.52441,4.36,Alluvium_Unconsolidated,0,Brazil
442.44,6.95,0.204,34.62,966.0,0.2,1.69,1.74,-5.835232,-50.409878,5.03,Alluvium_Unconsolidated,0,Brazil
397.14,8.0,0.287,37.0,1051.5,0.234,2.95,1.87,-5.69823,-50.262981,3.73,Alluvium_Unconsolidated,0,Brazil
435.85,3.49,0.308,29.75,1212.0,0.221,2.67,2.29,-5.940359,-49.950637,5.33,Alluvium_Unconsolidated,0,Brazil
442.78,3.08,0.219,29.47,854.4,0.202,3.19,2.49,-5.86296,-50.719396,5.71,Alluvium_Unconsolidated,1,Brazil
348.43,8.0,0.248,37.0,1053.3,0.349,1.8,2.38,-6.35808,-50.259919,5.18,Alluvium_Unconsolidated,0,Brazil
356.39,3.31,0.452,29.62,1214.6,0.297,1.6,1.39,-5.579985,-49.94323,5.47,Alluvium_Unconsolidated,0,Brazil
444.95,4.36,0.206,30.55,850.3,0.2,3.16,2.47,-5.840023,-50.771936,5.8,Alluvium_Unconsolidated,0,Brazil
330.81,1.96,0.5,29.04,1230.4,0.335,2.25,1.51,-5.501117,-49.890654,1.93,Alluvium_Unconsolidated,1,Brazil
359.25,7.04,0.447,34.81,969.8,0.294,3.07,2.5,-5.584971,-50.403009,2.41,Alluvium_Unconsolidated,0,Brazil
418.22,5.55,0.235,32.1,1174.8,0.216,3.13,1.31,-5.742371,-50.040823,4.82,Alluvium_Unconsolidated,0,Brazil
344.84,6.81,0.495,34.34,1139.0,0.326,1.76,2.16,-5.522377,-50.111771,2.67,Alluvium_Unconsolidated,1,Brazil
350.97,7.79,0.214,36.49,1011.9,0.336,1.64,2.42,-6.396768,-50.329447,4.38,Alluvium_Unconsolidated,0,Brazil
366.78,1.6,0.484,29.0,1233.9,0.315,1.95,1.36,-5.544642,-49.876543,4.17,Alluvium_Unconsolidated,0,Brazil
346.8,6.73,0.201,34.18,1141.7,0.312,1.88,1.51,-6.448442,-50.106668,4.69,Alluvium_Unconsolidated,0,Brazil
456.21,6.51,0.398,33.76,1148.9,0.249,1.6,2.11,-6.001933,-50.093032,2.47,Alluvium_Unconsolidated,0,Brazil
452.35,2.6,0.34,29.23,876.4,0.23,3.09,1.88,-5.962108,-50.615841,5.63,Alluvium_Unconsolidated,0,Brazil
332.82,2.0,0.5,29.05,861.1,0.334,2.21,1.45,-5.504908,-50.677492,5.58,Alluvium_Unconsolidated,0,Brazil
448.05,7.22,0.5,35.19,1122.7,0.316,2.61,2.42,-6.125838,-50.141485,3.01,Alluvium_Unconsolidated,0,Brazil
423.57,3.28,0.499,29.6,1215.0,0.312,1.61,2.39,-6.116839,-49.942143,3.43,Alluvium_Unconsolidated,0,Brazil
365.58,3.02,0.457,29.43,1218.5,0.299,1.61,1.38,-5.575339,-49.931621,5.72,Alluvium_Unconsolidated,0,Brazil
372.82,4.16,0.273,30.34,850.6,0.354,3.2,1.4,-6.33674,-50.763685,3.19,Alluvium_Unconsolidated,0,Brazil
447.4,5.61,0.368,32.2,926.6,0.239,3.17,1.41,-5.981094,-50.487097,4.48,Alluvium_Unconsolidated,1,Brazil
349.91,6.5,0.466,33.72,1149.5,0.304,1.97,1.89,-5.566705,-50.091897,1.22,Alluvium_Unconsolidated,1,Brazil
410.32,1.91,0.493,29.03,1231.0,0.331,1.61,2.09,-6.156722,-49.888488,3.69,Alluvium_Unconsolidated,0,Brazil
315.18,2.89,0.209,29.37,1244.7,0.299,3.17,1.61,-6.47421,-49.818872,5.8,Alluvium_Unconsolidated,0,Brazil
383.84,5.42,0.298,31.91,922.3,0.237,1.72,2.49,-5.690322,-50.496327,2.28,Alluvium_Unconsolidated,1,Brazil
427.56,7.36,0.201,35.5,1115.8,0.2,2.51,1.3,-5.822625,-50.153724,5.73,Alluvium_Unconsolidated,0,Brazil
354.56,2.69,0.448,29.27,1222.5,0.295,1.61,1.34,-5.583537,-49.918702,5.72,Alluvium_Unconsolidated,0,Brazil
382.57,7.41,0.43,35.61,1113.3,0.354,3.2,2.49,-6.227121,-50.158126,5.51,Alluvium_Unconsolidated,0,Brazil
333.62,7.73,0.495,36.35,1006.8,0.325,3.03,2.49,-5.524288,-50.337978,5.52,Alluvium_Unconsolidated,1,Brazil
383.63,7.03,0.364,34.78,1130.8,0.36,3.15,2.34,-6.274147,-50.126814,5.79,Alluvium_Unconsolidated,0,Brazil
348.23,5.74,0.407,32.4,1170.4,0.277,2.16,1.53,-5.615736,-50.050242,2.76,Alluvium_Unconsolidated,1,Brazil
433.03,2.56,0.287,29.21,1242.7,0.216,3.2,2.48,-5.925787,-49.831924,2.14,Alluvium_Unconsolidated,1,Brazil
442.41,7.95,0.442,36.87,1069.1,0.267,2.33,1.77,-6.034855,-50.233672,4.72,Alluvium_Unconsolidated,0,Brazil
368.6,1.9,0.275,29.03,1231.1,0.355,2.95,1.36,-6.335586,-49.888143,1.57,Alluvium_Unconsolidated,1,Brazil
367.6,7.79,0.429,36.49,1011.8,0.286,3.19,2.45,-5.599302,-50.329542,1.76,Alluvium_Unconsolidated,0,Brazil
432.09,6.99,0.495,34.71,967.9,0.302,3.1,1.49,-6.099393,-50.406452,5.68,Alluvium_Unconsolidated,0,Brazil
362.32,5.6,0.276,32.18,926.4,0.355,1.86,2.26,-6.334649,-50.487515,1.54,Alluvium_Unconsolidated,0,Brazil
345.93,7.78,0.259,36.46,1010.7,0.352,1.63,2.5,-6.348011,-50.331432,5.79,Alluvium_Unconsolidated,0,Brazil
425.09,6.64,0.5,34.01,1144.8,0.317,2.36,2.48,-6.12719,-50.100883,4.54,Alluvium_Unconsolidated,0,Brazil
433.29,5.54,0.475,32.09,1175.0,0.285,1.64,2.46,-6.067475,-50.040524,4.38,Alluvium_Unconsolidated,0,Brazil
342.39,7.11,0.201,34.96,972.6,0.31,2.37,2.41,-6.453029,-50.397978,4.14,Alluvium_Unconsolidated,0,Brazil
368.94,3.69,0.385,29.91,1209.1,0.359,2.71,1.85,-6.259436,-49.958819,2.19,Alluvium_Unconsolidated,1,Brazil
411.27,3.03,0.49,29.44,1218.3,0.333,1.74,2.2,-6.163249,-49.932112,5.36,Alluvium_Unconsolidated,0,Brazil
438.14,6.03,0.488,32.89,937.2,0.295,2.96,1.34,-6.085401,-50.465323,4.92,Alluvium_Unconsolidated,0,Brazil
440.7,5.98,0.336,32.8,935.8,0.229,3.02,1.43,-5.959932,-50.468037,2.36,Alluvium_Unconsolidated,1,Brazil
397.71,3.49,0.321,29.75,1212.1,0.245,2.09,1.31,-5.674361,-49.950611,2.21,Alluvium_Unconsolidated,0,Brazil
422.44,7.33,0.2,35.44,982.7,0.201,1.6,1.73,-5.815608,-50.379794,2.81,Alluvium_Unconsolidated,1,Brazil
392.65,4.52,0.294,30.73,850.1,0.236,2.53,1.93,-5.692882,-50.778994,3.53,Alluvium_Unconsolidated,0,Brazil
432.78,7.9,0.412,36.75,1023.3,0.254,2.59,1.44,-6.011803,-50.310036,3.12,Alluvium_Unconsolidated,0,Brazil
444.68,3.6,0.461,29.83,1210.5,0.276,1.72,2.5,-6.052089,-49.954882,2.23,Alluvium_Unconsolidated,0,Brazil
426.98,2.01,0.458,29.05,861.0,0.275,2.02,1.68,-6.049261,-50.677849,3.68,Alluvium_Unconsolidated,0,Brazil
392.36,5.88,0.355,32.63,933.2,0.257,2.11,2.5,-5.651714,-50.473397,5.28,Alluvium_Unconsolidated,0,Brazil
407.62,7.23,0.205,35.22,978.0,0.204,1.63,1.9,-5.786637,-50.388164,1.11,Alluvium_Unconsolidated,0,Brazil
409.51,5.19,0.293,31.58,1182.7,0.217,2.31,2.02,-5.929849,-50.023714,5.75,Alluvium_Unconsolidated,0,Brazil
449.34,7.87,0.205,36.67,1080.5,0.2,1.99,1.3,-5.838474,-50.214498,4.71,Alluvium_Unconsolidated,0,Brazil
421.93,2.79,0.49,29.31,855.9,0.333,1.71,1.37,-6.16265,-50.708076,3.3,Alluvium_Unconsolidated,0,Brazil
364.83,7.7,0.453,36.29,1004.9,0.297,3.2,2.49,-5.579117,-50.341374,2.64,Alluvium_Unconsolidated,1,Brazil
344.57,3.71,0.201,29.92,851.8,0.312,2.75,1.91,-6.449274,-50.744841,5.01,Alluvium_Unconsolidated,0,Brazil
340.44,2.5,0.498,29.19,1242.4,0.33,2.49,1.35,-5.514205,-49.834075,1.5,Alluvium_Unconsolidated,0,Brazil
418.92,3.58,0.212,29.82,852.2,0.208,2.97,2.38,-5.771877,-50.739792,1.87,Alluvium_Unconsolidated,0,Brazil
348.55,1.67,0.208,29.01,1233.2,0.331,3.2,1.31,-6.408155,-49.87945,5.38,Alluvium_Unconsolidated,0,Brazil
397.65,1.82,0.423,29.02,868.2,0.355,1.88,1.36,-6.232206,-50.645936,1.31,Alluvium_Unconsolidated,0,Brazil
433.94,6.26,0.294,33.29,943.4,0.217,2.72,1.48,-5.930447,-50.452914,2.16,Alluvium_Unconsolidated,0,Brazil
439.43,6.27,0.211,33.3,943.6,0.201,1.98,1.82,-5.851116,-50.452443,5.77,Alluvium_Unconsolidated,0,Brazil
403.22,6.78,0.418,34.28,1140.0,0.356,3.18,2.41,-6.236074,-50.109959,4.65,Alluvium_Unconsolidated,0,Brazil
429.33,6.83,0.41,34.38,1138.2,0.253,1.62,2.08,-6.009994,-50.113168,3.87,Alluvium_Unconsolidated,0,Brazil
393.27,1.71,0.426,29.01,867.2,0.355,1.88,1.35,-6.230155,-50.649913,1.26,Alluvium_Unconsolidated,1,Brazil
416.08,2.03,0.5,29.05,870.3,0.318,1.67,1.33,-6.129992,-50.637609,5.75,Alluvium_Unconsolidated,0,Brazil
442.69,7.08,0.284,34.89,1128.7,0.215,1.78,1.61,-5.923229,-50.130701,3.04,Alluvium_Unconsolidated,0,Brazil
429.1,3.06,0.468,29.46,882.1,0.281,2.42,1.42,-6.060071,-50.597567,0.93,Alluvium_Unconsolidated,0,Brazil
354.77,7.99,0.488,36.97,1041.2,0.319,2.85,2.48,-5.537782,-50.280158,5.8,Alluvium_Unconsolidated,0,Brazil
445.71,2.33,0.317,29.13,858.7,0.224,2.88,2.2,-5.946976,-50.690122,4.38,Alluvium_Unconsolidated,0,Brazil
432.84,7.0,0.429,34.72,968.1,0.261,3.14,1.32,-6.02472,-50.406206,3.91,Alluvium_Unconsolidated,0,Brazil
339.2,1.69,0.496,29.01,1236.4,0.326,2.22,1.39,-5.521513,-49.865449,2.19,Alluvium_Unconsolidated,0,Brazil
370.11,7.57,0.379,35.98,1104.1,0.266,3.04,1.85,-5.635206,-50.174251,5.47,Alluvium_Unconsolidated,0,Brazil
428.89,6.1,0.2,33.01,1160.9,0.201,3.06,1.38,-5.809969,-50.069477,2.59,Alluvium_Unconsolidated,1,Brazil
405.68,4.56,0.497,30.77,1194.9,0.326,1.91,2.42,-6.146726,-49.995353,5.8,Alluvium_Unconsolidated,0,Brazil
418.39,5.87,0.207,32.62,1166.9,0.205,3.19,1.34,-5.7818,-50.057334,1.68,Alluvium_Unconsolidated,1,Brazil
364.07,6.37,0.444,33.49,946.7,0.293,2.87,2.46,-5.587193,-50.446388,4.37,Alluvium_Unconsolidated,0,Brazil
446.08,7.51,0.414,35.84,1107.8,0.255,1.78,1.9,-6.0128,-50.167838,5.55,Alluvium_Unconsolidated,0,Brazil
449.47,1.71,0.474,29.01,1236.6,0.284,2.03,2.37,-6.066448,-49.864534,4.95,Alluvium_Unconsolidated,0,Brazil
425.09,2.85,0.321,29.34,879.4,0.225,3.17,1.9,-5.949576,-50.605968,5.8,Alluvium_Unconsolidated,0,Brazil
368.14,1.58,0.273,29.0,1235.4,0.354,2.87,1.33,-6.337158,-49.869894,0.82,Alluvium_Unconsolidated,1,Brazil
447.11,7.64,0.317,36.15,1000.6,0.224,2.22,1.3,-5.946796,-50.348731,5.19,Alluvium_Unconsolidated,0,Brazil
391.04,4.58,0.405,30.79,905.4,0.357,1.61,1.7,-6.245865,-50.53498,5.02,Alluvium_Unconsolidated,0,Brazil
459.4,2.32,0.466,29.13,858.8,0.279,1.89,1.69,-6.057547,-50.689611,4.58,Alluvium_Unconsolidated,0,Brazil
413.36,7.62,0.259,36.09,1100.9,0.209,1.71,1.41,-5.904145,-50.179668,2.09,Alluvium_Unconsolidated,0,Brazil
400.92,6.32,0.467,33.39,1154.9,0.345,2.85,2.45,-6.194178,-50.081409,0.97,Alluvium_Unconsolidated,0,Brazil
342.11,3.03,0.476,29.45,881.8,0.31,2.23,1.92,-5.554868,-50.598649,5.63,Alluvium_Unconsolidated,0,Brazil
443.41,7.95,0.418,36.88,1068.7,0.257,2.16,1.68,-6.016362,-50.234265,5.41,Alluvium_Unconsolidated,0,Brazil
443.4,7.42,0.238,35.63,1112.8,0.205,1.92,1.4,-5.884596,-50.159019,4.25,Alluvium_Unconsolidated,0,Brazil
433.64,2.46,0.442,29.17,1225.2,0.267,2.04,2.49,-6.035178,-49.909692,4.99,Alluvium_Unconsolidated,0,Brazil
343.05,7.12,0.2,34.98,973.0,0.314,2.27,2.43,-6.443907,-50.397217,3.57,Alluvium_Unconsolidated,0,Brazil
434.67,3.08,0.334,29.47,1217.6,0.228,2.61,2.39,-5.958173,-49.93422,5.52,Alluvium_Unconsolidated,0,Brazil
408.17,7.82,0.203,36.56,1014.8,0.204,1.8,1.65,-5.791209,-50.324512,3.22,Alluvium_Unconsolidated,0,Brazil
317.52,7.78,0.205,36.47,1088.9,0.303,1.6,1.73,-6.466622,-50.20017,5.12,Alluvium_Unconsolidated,0,Brazil
355.59,3.64,0.475,29.87,1209.9,0.309,1.62,1.49,-5.556093,-49.956562,5.75,Alluvium_Unconsolidated,0,Brazil
407.81,2.77,0.451,29.31,1221.5,0.35,2.03,1.96,-6.209756,-49.922127,5.72,Alluvium_Unconsolidated,0,Brazil
321.96,3.01,0.201,29.43,854.7,0.311,2.89,2.02,-6.450698,-50.716656,4.18,Alluvium_Unconsolidated,1,Brazil
334.88,2.7,0.497,29.27,1222.3,0.328,1.94,1.53,-5.518216,-49.919265,4.29,Alluvium_Unconsolidated,0,Brazil
365.03,2.49,0.284,29.19,1242.3,0.356,2.59,1.31,-6.328423,-49.834505,3.15,Alluvium_Unconsolidated,0,Brazil
331.58,4.68,0.484,30.92,1192.7,0.316,1.6,1.67,-5.544157,-50.000744,5.4,Alluvium_Unconsolidated,0,Brazil
384.6,7.94,0.276,36.86,1069.8,0.23,3.03,1.73,-5.706089,-50.232406,2.92,Alluvium_Unconsolidated,1,Brazil
427.37,6.04,0.206,32.9,937.4,0.205,1.64,2.17,-5.784299,-50.464847,4.36,Alluvium_Unconsolidated,0,Brazil
440.17,2.11,0.417,29.07,1229.0,0.256,2.31,2.5,-6.01531,-49.896147,5.75,Alluvium_Unconsolidated,0,Brazil
423.47,5.43,0.45,31.93,922.5,0.271,3.09,1.31,-6.04243,-50.495807,5.63,Alluvium_Unconsolidated,0,Brazil
371.38,2.14,0.468,29.08,1228.6,0.305,1.73,1.35,-5.564754,-49.897352,5.55,Alluvium_Unconsolidated,0,Brazil
332.76,2.33,0.206,29.13,1241.3,0.301,3.14,1.52,-6.469121,-49.840584,5.77,Alluvium_Unconsolidated,1,Brazil
407.28,7.5,0.253,35.82,991.6,0.222,2.1,2.1,-5.725278,-50.36424,5.25,Alluvium_Unconsolidated,0,Brazil
383.32,5.99,0.357,32.82,936.0,0.36,1.6,2.09,-6.278724,-50.467592,5.44,Alluvium_Unconsolidated,0,Brazil
417.1,3.02,0.492,29.44,881.5,0.332,1.66,1.31,-6.15965,-50.599334,5.78,Alluvium_Unconsolidated,0,Brazil
336.43,2.79,0.47,29.31,1244.1,0.306,2.1,1.3,-5.562651,-49.822863,3.08,Alluvium_Unconsolidated,0,Brazil
338.87,7.77,0.5,36.44,1009.9,0.335,2.84,2.46,-5.501986,-50.332692,5.79,Alluvium_Unconsolidated,0,Brazil
419.1,2.62,0.485,29.24,856.9,0.293,1.7,1.62,-6.08144,-50.701402,5.66,Alluvium_Unconsolidated,0,Brazil
433.08,3.9,0.42,30.09,894.1,0.257,2.98,1.47,-6.017311,-50.56347,5.03,Alluvium_Unconsolidated,0,Brazil
430.69,1.85,0.499,29.02,862.3,0.31,1.65,1.42,-6.113781,-50.671796,5.79,Alluvium_Unconsolidated,0,Brazil
363.1,6.23,0.489,33.24,942.6,0.319,3.13,2.31,-5.536779,-50.454376,1.39,Alluvium_Unconsolidated,1,Brazil
372.59,3.55,0.371,29.8,852.3,0.263,1.84,1.83,-5.641082,-50.738508,5.71,Alluvium_Unconsolidated,0,Brazil
428.13,4.2,0.266,30.38,1201.1,0.211,2.77,2.08,-5.909799,-49.979956,4.92,Alluvium_Unconsolidated,0,Brazil
439.19,3.01,0.492,29.43,854.7,0.299,1.62,1.62,-6.093676,-50.716874,5.77,Alluvium_Unconsolidated,0,Brazil
420.98,4.18,0.204,30.36,850.6,0.204,3.14,2.37,-5.788298,-50.764254,4.04,Alluvium_Unconsolidated,0,Brazil
413.66,7.08,0.229,34.91,1128.4,0.214,3.15,1.33,-5.748453,-50.131223,1.11,Alluvium_Unconsolidated,1,Brazil
442.04,2.45,0.396,29.17,1242.1,0.248,2.82,2.47,-5.999957,-49.835974,4.66,Alluvium_Unconsolidated,0,Brazil
352.53,2.51,0.499,29.19,857.6,0.333,2.07,1.41,-5.507144,-50.697125,5.11,Alluvium_Unconsolidated,0,Brazil
406.4,4.79,0.286,31.05,1190.6,0.233,2.66,1.3,-5.698869,-50.005545,5.46,Alluvium_Unconsolidated,0,Brazil
348.3,7.83,0.204,36.58,1084.6,0.304,1.61,1.76,-6.464776,-50.207507,5.0,Alluvium_Unconsolidated,0,Brazil
430.13,2.08,0.498,29.06,1239.5,0.308,1.78,2.17,-6.109564,-49.85036,3.07,Alluvium_Unconsolidated,0,Brazil
362.96,6.9,0.403,34.53,1135.6,0.275,2.62,1.73,-5.618737,-50.118073,5.31,Alluvium_Unconsolidated,0,Brazil
433.19,6.59,0.226,33.9,953.4,0.203,2.05,1.66,-5.87167,-50.433494,5.68,Alluvium_Unconsolidated,0,Brazil
436.66,1.75,0.215,29.01,1232.5,0.201,3.16,2.17,-5.857242,-49.882424,4.37,Alluvium_Unconsolidated,0,Brazil
370.85,7.98,0.333,36.95,1037.6,0.36,2.16,2.5,-6.294691,-50.286113,2.65,Alluvium_Unconsolidated,0,Brazil
372.55,5.72,0.287,32.37,1170.8,0.356,3.15,1.86,-6.326497,-50.049243,5.79,Alluvium_Unconsolidated,1,Brazil
348.32,6.82,0.487,34.37,1138.5,0.318,1.87,2.09,-5.53931,-50.112703,1.4,Alluvium_Unconsolidated,0,Brazil
430.06,7.68,0.496,36.23,1096.8,0.305,2.68,2.24,-6.103946,-50.186779,2.44,Alluvium_Unconsolidated,1,Brazil
367.27,4.58,0.37,30.79,905.4,0.263,1.86,2.44,-5.641159,-50.534918,3.84,Alluvium_Unconsolidated,0,Brazil
408.1,3.11,0.496,29.49,1245.8,0.327,1.72,1.85,-6.148129,-49.810085,2.26,Alluvium_Unconsolidated,0,Brazil
360.64,3.41,0.442,29.69,852.8,0.292,1.61,1.61,-5.588617,-50.732877,3.36,Alluvium_Unconsolidated,0,Brazil
385.75,2.93,0.399,29.38,855.1,0.358,2.44,1.31,-6.250053,-50.713464,4.53,Alluvium_Unconsolidated,0,Brazil
400.28,6.72,0.409,34.16,1142.1,0.357,3.19,2.38,-6.242979,-50.105956,4.85,Alluvium_Unconsolidated,0,Brazil
330.38,6.25,0.201,33.27,1156.8,0.311,2.02,1.43,-6.450212,-50.07767,3.73,Alluvium_Unconsolidated,0,Brazil
439.76,2.62,0.332,29.24,876.6,0.228,3.12,1.9,-5.956724,-50.61507,5.73,Alluvium_Unconsolidated,0,Brazil
425.07,5.07,0.206,31.41,914.8,0.205,1.79,2.31,-5.784516,-50.512987,5.59,Alluvium_Unconsolidated,0,Brazil
443.17,2.3,0.374,29.12,858.9,0.24,2.55,2.03,-5.984885,-50.6892,1.98,Alluvium_Unconsolidated,0,Brazil
327.04,1.5,0.203,29.0,865.2,0.326,3.2,2.09,-6.420852,-50.658296,2.23,Alluvium_Unconsolidated,0,Brazil
380.49,4.13,0.384,30.31,850.7,0.268,1.89,1.7,-5.632335,-50.762152,5.78,Alluvium_Unconsolidated,0,Brazil
377.95,2.01,0.284,29.05,1229.9,0.356,2.92,1.38,-6.328832,-49.892517,1.28,Alluvium_Unconsolidated,0,Brazil
439.85,2.76,0.361,29.3,878.3,0.236,3.04,1.78,-5.976513,-50.609459,5.38,Alluvium_Unconsolidated,0,Brazil
406.21,6.63,0.464,33.98,954.7,0.346,2.17,1.83,-6.196824,-50.430959,2.56,Alluvium_Unconsolidated,1,Brazil
396.72,7.97,0.406,36.93,1036.3,0.357,2.62,2.44,-6.244964,-50.288298,2.49,Alluvium_Unconsolidated,1,Brazil
343.75,7.19,0.485,35.14,976.3,0.316,3.2,2.45,-5.542354,-50.391287,2.88,Alluvium_Unconsolidated,1,Brazil
433.3,6.61,0.28,33.94,954.1,0.214,2.5,1.46,-5.920514,-50.43213,3.75,Alluvium_Unconsolidated,0,Brazil
386.35,6.31,0.397,33.37,1155.2,0.358,3.17,2.3,-6.251002,-50.080841,4.43,Alluvium_Unconsolidated,0,Brazil
358.34,7.82,0.466,36.57,1015.1,0.304,3.17,2.49,-5.566663,-50.323925,4.17,Alluvium_Unconsolidated,0,Brazil
368.6,2.49,0.255,29.19,875.2,0.351,2.79,1.89,-6.35147,-50.619964,5.75,Alluvium_Unconsolidated,0,Brazil
431.0,7.91,0.499,36.77,1024.7,0.321,3.19,1.98,-6.134887,-50.307729,5.67,Alluvium_Unconsolidated,0,Brazil
402.21,5.53,0.444,32.08,1175.1,0.351,2.8,2.31,-6.215713,-50.040187,1.42,Alluvium_Unconsolidated,1,Brazil
381.93,1.92,0.333,29.03,861.7,0.249,1.73,2.17,-5.665906,-50.674342,5.28,Alluvium_Unconsolidated,0,Brazil
365.28,6.31,0.411,33.39,1155.0,0.278,2.33,1.63,-5.613306,-50.08124,3.93,Alluvium_Unconsolidated,0,Brazil
349.12,7.15,0.227,35.04,1125.7,0.343,2.3,1.91,-6.379437,-50.136144,1.55,Alluvium_Unconsolidated,1,Brazil
441.38,2.85,0.326,29.35,1220.5,0.226,2.71,2.39,-5.95279,-49.925195,5.18,Alluvium_Unconsolidated,0,Brazil
359.74,4.95,0.284,31.26,912.5,0.356,1.96,2.14,-6.328569,-50.518177,1.13,Alluvium_Unconsolidated,1,Brazil
438.03,4.54,0.334,30.75,1195.3,0.228,2.23,2.24,-5.958026,-49.99449,5.62,Alluvium_Unconsolidated,0,Brazil
440.13,2.8,0.208,29.32,855.8,0.2,3.19,2.5,-5.845771,-50.70853,5.04,Alluvium_Unconsolidated,0,Brazil
407.47,7.95,0.238,36.87,1069.4,0.217,2.79,1.58,-5.739134,-50.233129,4.84,Alluvium_Unconsolidated,0,Brazil
347.86,7.72,0.212,36.33,1006.4,0.334,1.67,2.43,-6.400603,-50.338815,3.81,Alluvium_Unconsolidated,0,Brazil
346.08,6.92,0.241,34.55,964.9,0.347,1.73,2.48,-6.364955,-50.412001,2.97,Alluvium_Unconsolidated,1,Brazil
357.25,5.95,0.208,32.75,935.1,0.332,2.39,2.48,-6.407596,-50.46955,4.26,Alluvium_Unconsolidated,0,Brazil
341.11,5.41,0.491,31.9,922.1,0.322,3.02,2.16,-5.531763,-50.49666,3.04,Alluvium_Unconsolidated,1,Brazil
452.81,3.84,0.466,30.04,893.1,0.28,2.63,1.36,-6.057917,-50.566194,2.62,Alluvium_Unconsolidated,0,Brazil
455.8,7.91,0.363,36.78,1025.3,0.237,2.24,1.36,-5.977477,-50.306823,5.09,Alluvium_Unconsolidated,0,Brazil
438.3,4.81,0.225,31.08,850.0,0.203,2.94,2.49,-5.870846,-50.791889,4.78,Alluvium_Unconsolidated,1,Brazil
406.27,1.56,0.498,29.0,1235.3,0.307,1.71,2.24,-6.108652,-49.870555,2.2,Alluvium_Unconsolidated,0,Brazil
443.72,1.63,0.448,29.0,1233.6,0.269,2.19,2.46,-6.039813,-49.87778,5.54,Alluvium_Unconsolidated,0,Brazil
354.71,1.77,0.257,29.01,867.7,0.351,2.93,1.79,-6.349961,-50.647868,5.77,Alluvium_Unconsolidated,0,Brazil
337.04,5.9,0.241,32.66,933.6,0.347,2.01,2.4,-6.364977,-50.472517,1.57,Alluvium_Unconsolidated,0,Brazil
408.33,5.35,0.492,31.81,920.9,0.332,2.1,1.46,-6.15972,-50.499468,3.14,Alluvium_Unconsolidated,0,Brazil
418.16,5.49,0.204,32.02,923.9,0.2,2.07,2.05,-5.833916,-50.49285,5.65,Alluvium_Unconsolidated,0,Brazil
374.16,5.82,0.314,32.54,931.7,0.359,1.66,2.19,-6.307234,-50.476357,3.91,Alluvium_Unconsolidated,0,Brazil
431.64,1.86,0.349,29.02,868.5,0.233,2.94,1.95,-5.968395,-50.64445,4.81,Alluvium_Unconsolidated,1,Brazil
417.94,2.79,0.219,29.32,1244.1,0.21,2.1,1.93,-5.760586,-49.82274,2.28,Alluvium_Unconsolidated,0,Brazil
375.73,4.79,0.388,31.05,909.3,0.269,2.0,2.42,-5.629401,-50.5255,4.79,Alluvium_Unconsolidated,0,Brazil
355.62,1.65,0.206,29.0,863.9,0.33,3.2,2.02,-6.411458,-50.664031,2.62,Alluvium_Unconsolidated,0,Brazil
403.09,1.98,0.234,29.04,1230.2,0.216,2.36,1.61,-5.743467,-49.891438,4.13,Alluvium_Unconsolidated,1,Brazil
434.5,7.75,0.224,36.39,1091.7,0.202,1.85,1.32,-5.868858,-50.195522,3.75,Alluvium_Unconsolidated,0,Brazil
425.79,7.43,0.486,35.66,987.7,0.293,3.2,1.53,-6.082612,-50.371066,5.44,Alluvium_Unconsolidated,0,Brazil
357.95,7.24,0.395,35.24,978.4,0.272,2.88,2.48,-5.624405,-50.387511,4.26,Alluvium_Unconsolidated,0,Brazil
450.38,2.13,0.291,29.08,1228.7,0.217,3.04,2.39,-5.928366,-49.89722,2.84,Alluvium_Unconsolidated,0,Brazil
377.57,8.0,0.304,36.99,1055.6,0.358,2.16,2.47,-6.314457,-50.25616,2.64,Alluvium_Unconsolidated,0,Brazil
351.78,7.35,0.224,35.48,983.6,0.341,1.71,2.5,-6.383183,-50.378228,3.26,Alluvium_Unconsolidated,0,Brazil
402.36,5.48,0.411,32.0,1176.4,0.357,2.98,2.21,-6.24104,-50.037389,1.93,Alluvium_Unconsolidated,1,Brazil
356.48,7.95,0.423,36.87,1068.8,0.283,3.08,2.2,-5.604331,-50.234062,5.19,Alluvium_Unconsolidated,1,Brazil
409.85,3.81,0.302,30.01,1207.3,0.219,2.63,2.24,-5.936276,-49.963709,5.47,Alluvium_Unconsolidated,0,Brazil
427.83,7.67,0.201,36.2,1097.8,0.2,2.33,1.3,-5.820277,-50.185103,5.77,Alluvium_Unconsolidated,0,Brazil
362.7,3.61,0.422,29.85,889.7,0.283,1.94,2.22,-5.60459,-50.57541,4.37,Alluvium_Unconsolidated,0,Brazil
331.18,6.66,0.203,34.04,955.8,0.325,2.26,2.5,-6.421261,-50.428974,3.47,Alluvium_Unconsolidated,0,Brazil
393.99,1.56,0.28,29.0,865.8,0.231,1.89,2.36,-5.70359,-50.655856,5.78,Alluvium_Unconsolidated,0,Brazil
425.09,4.64,0.495,30.87,906.5,0.303,2.45,1.3,-6.100144,-50.53219,1.19,Alluvium_Unconsolidated,0,Brazil
327.36,7.77,0.202,36.44,1089.9,0.308,1.6,1.77,-6.457018,-50.198569,5.47,Alluvium_Unconsolidated,0,Brazil
389.75,5.8,0.334,32.5,931.2,0.25,1.97,2.5,-5.66547,-50.477397,4.6,Alluvium_Unconsolidated,0,Brazil
450.2,6.23,0.366,33.23,1157.5,0.238,1.68,2.06,-5.979703,-50.076254,1.6,Alluvium_Unconsolidated,1,Brazil
381.42,6.6,0.377,33.93,954.0,0.359,1.68,2.15,-6.265382,-50.432449,5.73,Alluvium_Unconsolidated,0,Brazil
434.09,2.45,0.209,29.17,874.8,0.2,2.95,2.37,-5.84695,-50.621326,1.58,Alluvium_Unconsolidated,0,Brazil
453.33,3.72,0.25,29.94,851.7,0.207,2.98,2.47,-5.895739,-50.745467,5.04,Alluvium_Unconsolidated,0,Brazil
357.54,7.51,0.201,35.83,992.0,0.322,1.94,2.4,-6.428966,-50.363624,0.93,Alluvium_Unconsolidated,0,Brazil
444.62,7.01,0.458,34.75,1131.4,0.275,1.83,2.21,-6.049058,-50.125732,5.7,Alluvium_Unconsolidated,0,Brazil
350.79,2.79,0.471,29.32,1244.1,0.307,2.12,1.3,-5.561089,-49.822749,2.97,Alluvium_Unconsolidated,0,Brazil
451.97,4.64,0.315,30.87,850.0,0.223,2.32,2.44,-5.945329,-50.784412,1.41,Alluvium_Unconsolidated,0,Brazil
421.12,2.74,0.481,29.29,878.1,0.289,2.2,1.4,-6.074751,-50.610097,2.37,Alluvium_Unconsolidated,0,Brazil
377.16,4.77,0.315,31.02,1191.1,0.359,3.18,1.79,-6.306813,-50.004469,4.67,Alluvium_Unconsolidated,1,Brazil
448.56,3.32,0.36,29.62,1246.8,0.236,3.12,2.47,-5.975886,-49.801992,1.7,Alluvium_Unconsolidated,1,Brazil
448.05,7.35,0.382,35.48,983.7,0.243,2.81,1.3,-5.990741,-50.378179,1.39,Alluvium_Unconsolidated,1,Brazil
350.25,1.69,0.234,29.01,866.9,0.345,3.08,1.88,-6.371964,-50.650966,5.25,Alluvium_Unconsolidated,1,Brazil
391.2,2.8,0.412,29.32,855.8,0.356,2.31,1.31,-6.240459,-50.708469,3.82,Alluvium_Unconsolidated,0,Brazil
431.94,4.33,0.204,30.52,850.3,0.204,3.16,2.35,-5.787917,-50.770866,4.27,Alluvium_Unconsolidated,0,Brazil
339.2,2.89,0.223,29.36,1244.7,0.286,3.08,1.71,-6.496481,-49.818983,5.57,Alluvium_Unconsolidated,0,Brazil
413.31,6.36,0.228,33.47,946.3,0.214,1.62,2.26,-5.74933,-50.44721,1.26,Alluvium_Unconsolidated,0,Brazil
414.1,7.98,0.496,36.96,1039.0,0.328,3.19,2.13,-6.150282,-50.28383,5.66,Alluvium_Unconsolidated,0,Brazil
327.55,6.44,0.206,33.61,948.7,0.302,2.78,2.45,-6.467691,-50.442606,5.72,Alluvium_Unconsolidated,0,Brazil
356.71,7.64,0.265,36.14,1099.6,0.353,2.36,2.23,-6.343217,-50.182026,1.13,Alluvium_Unconsolidated,0,Brazil
416.88,3.69,0.493,29.91,890.8,0.3,2.25,1.31,-6.094644,-50.572257,1.99,Alluvium_Unconsolidated,0,Brazil
416.03,2.9,0.457,29.37,880.1,0.274,2.49,1.47,-6.048456,-50.603967,1.48,Alluvium_Unconsolidated,0,Brazil
447.64,6.84,0.5,34.39,1138.0,0.317,2.45,2.47,-6.127748,-50.113642,4.05,Alluvium_Unconsolidated,0,Brazil
432.18,7.75,0.2,36.4,1091.4,0.201,2.3,1.31,-5.81633,-50.195947,5.74,Alluvium_Unconsolidated,1,Brazil
441.92,6.01,0.2,32.86,936.7,0.2,1.82,2.02,-5.819865,-50.466225,5.67,Alluvium_Unconsolidated,1,Brazil
447.43,2.48,0.345,29.18,875.1,0.231,3.06,1.88,-5.965416,-50.620275,5.49,Alluvium_Unconsolidated,0,Brazil
396.89,6.44,0.253,33.63,1151.1,0.222,3.17,1.32,-5.725319,-50.088807,4.06,Alluvium_Unconsolidated,0,Brazil
352.75,4.51,0.231,30.72,904.3,0.344,2.51,2.27,-6.374777,-50.537601,4.88,Alluvium_Unconsolidated,1,Brazil
438.72,2.98,0.437,29.41,854.8,0.265,1.96,1.9,-6.031226,-50.715599,4.1,Alluvium_Unconsolidated,0,Brazil
350.15,2.18,0.269,29.09,1228.2,0.354,3.02,1.37,-6.340049,-49.899144,2.43,Alluvium_Unconsolidated,1,Brazil
405.05,7.28,0.46,35.33,980.3,0.347,2.43,2.02,-6.201062,-50.38406,1.03,Alluvium_Unconsolidated,1,Brazil
347.51,2.0,0.21,29.05,870.0,0.333,3.17,2.07,-6.403665,-50.638876,4.18,Alluvium_Unconsolidated,0,Brazil
437.33,7.97,0.457,36.93,1036.2,0.274,2.79,1.64,-6.048245,-50.288568,1.56,Alluvium_Unconsolidated,1,Brazil
348.69,5.48,0.433,31.99,923.6,0.288,2.51,2.4,-5.596399,-50.493625,5.73,Alluvium_Unconsolidated,1,Brazil
369.23,7.57,0.27,35.98,1104.2,0.354,2.45,2.23,-6.339107,-50.173981,1.18,Alluvium_Unconsolidated,1,Brazil
368.8,3.19,0.37,29.54,883.8,0.262,1.65,2.31,-5.641691,-50.592547,1.14,Alluvium_Unconsolidated,0,Brazil
382.01,6.18,0.43,33.15,1158.8,0.354,3.04,2.36,-6.227014,-50.073684,2.66,Alluvium_Unconsolidated,1,Brazil
374.0,2.27,0.379,29.11,1227.2,0.266,1.64,1.31,-5.635496,-49.902476,4.31,Alluvium_Unconsolidated,0,Brazil
416.47,7.79,0.288,36.5,1012.3,0.234,2.59,2.11,-5.697329,-50.32864,5.57,Alluvium_Unconsolidated,0,Brazil
414.53,7.19,0.492,35.12,1124.1,0.331,2.87,2.48,-6.158261,-50.139052,0.82,Alluvium_Unconsolidated,0,Brazil
436.69,7.82,0.286,36.56,1014.6,0.216,1.9,1.3,-5.925214,-50.324841,5.79,Alluvium_Unconsolidated,0,Brazil
431.25,2.31,0.239,29.12,873.2,0.205,3.16,2.26,-5.885451,-50.626878,4.35,Alluvium_Unconsolidated,1,Brazil
344.23,5.56,0.2,32.11,925.4,0.314,2.84,2.5,-6.443978,-50.489754,5.79,Alluvium_Unconsolidated,0,Brazil
425.06,4.84,0.348,31.11,1189.7,0.232,2.06,2.23,-5.967483,-50.007743,5.09,Alluvium_Unconsolidated,1,Brazil
353.3,1.56,0.221,29.0,1235.3,0.34,3.15,1.3,-6.387253,-49.870394,4.21,Alluvium_Unconsolidated,0,Brazil
424.57,5.37,0.49,31.83,1178.9,0.333,2.26,2.44,-6.16229,-50.032111,5.02,Alluvium_Unconsolidated,0,Brazil
402.94,1.85,0.468,29.02,862.3,0.345,1.74,1.3,-6.192816,-50.671621,2.91,Alluvium_Unconsolidated,0,Brazil
411.95,1.56,0.2,29.0,864.7,0.201,2.9,2.49,-5.814268,-50.66056,1.09,Alluvium_Unconsolidated,0,Brazil
381.41,6.31,0.477,33.38,1155.2,0.31,1.83,1.91,-5.554244,-50.080904,1.86,Alluvium_Unconsolidated,1,Brazil
398.66,7.43,0.412,35.66,987.9,0.357,2.14,2.24,-6.240842,-50.37071,2.83,Alluvium_Unconsolidated,1,Brazil
391.19,3.84,0.323,30.04,851.3,0.246,2.16,1.94,-5.672885,-50.750434,5.39,Alluvium_Unconsolidated,0,Brazil
347.0,7.1,0.456,34.93,1127.9,0.299,2.3,1.99,-5.575979,-50.132076,3.72,Alluvium_Unconsolidated,0,Brazil
452.01,6.81,0.437,34.34,961.0,0.264,3.18,1.31,-6.030556,-50.419216,4.68,Alluvium_Unconsolidated,0,Brazil
384.73,2.25,0.41,29.11,872.6,0.357,1.87,1.41,-6.241748,-50.629249,1.43,Alluvium_Unconsolidated,0,Brazil
318.8,4.41,0.223,30.61,850.2,0.286,2.13,2.03,-6.496328,-50.774433,5.34,Alluvium_Unconsolidated,0,Brazil
431.5,4.03,0.201,30.21,896.1,0.2,2.4,2.29,-5.825806,-50.558142,4.36,Alluvium_Unconsolidated,0,Brazil
436.29,2.97,0.268,29.41,880.9,0.211,3.18,2.07,-5.910928,-50.601341,4.77,Alluvium_Unconsolidated,1,Brazil
391.07,3.57,0.428,29.81,852.2,0.354,2.4,1.31,-6.228747,-50.739366,4.32,Alluvium_Unconsolidated,0,Brazil
440.98,6.82,0.477,34.36,1138.5,0.287,1.93,2.32,-6.070577,-50.112654,5.8,Alluvium_Unconsolidated,0,Brazil
307.78,3.08,0.214,29.47,854.3,0.293,2.6,2.16,-6.483408,-50.719478,5.56,Alluvium_Unconsolidated,0,Brazil
428.4,7.13,0.2,35.01,1126.4,0.2,2.66,1.31,-5.818706,-50.134818,5.37,Alluvium_Unconsolidated,0,Brazil
432.09,6.26,0.345,33.29,1156.6,0.231,1.74,1.99,-5.965646,-50.078057,2.53,Alluvium_Unconsolidated,0,Brazil
396.92,2.34,0.255,29.13,1226.5,0.223,2.26,1.49,-5.723532,-49.905196,3.49,Alluvium_Unconsolidated,0,Brazil
411.68,4.71,0.202,30.95,907.8,0.203,1.96,2.31,-5.797558,-50.529196,5.79,Alluvium_Unconsolidated,0,Brazil
430.08,3.07,0.23,29.47,854.4,0.203,3.16,2.47,-5.876342,-50.719081,5.8,Alluvium_Unconsolidated,1,Brazil
384.36,3.32,0.291,29.63,1214.4,0.235,2.24,1.34,-5.695645,-49.943727,3.35,Alluvium_Unconsolidated,0,Brazil
357.12,1.91,0.439,29.03,861.8,0.29,1.64,1.82,-5.591228,-50.674004,0.85,Alluvium_Unconsolidated,1,Brazil
407.47,6.69,0.237,34.09,1143.3,0.217,3.2,1.32,-5.739826,-50.10368,2.48,Alluvium_Unconsolidated,1,Brazil
404.72,2.3,0.312,29.12,1226.9,0.242,1.88,1.37,-5.680609,-49.903818,1.24,Alluvium_Unconsolidated,0,Brazil
386.26,6.76,0.379,34.25,1140.6,0.359,3.2,2.33,-6.263523,-50.108778,5.59,Alluvium_Unconsolidated,0,Brazil
402.03,2.25,0.224,29.11,1240.7,0.212,2.17,1.82,-5.754867,-49.843854,2.86,Alluvium_Unconsolidated,1,Brazil
392.32,7.09,0.364,34.91,971.7,0.26,2.63,2.46,-5.645791,-50.399543,5.47,Alluvium_Unconsolidated,1,Brazil
408.3,7.69,0.203,36.25,1096.2,0.204,2.6,1.33,-5.790711,-50.187716,5.56,Alluvium_Unconsolidated,0,Brazil
403.81,4.32,0.212,30.5,900.9,0.208,1.85,2.43,-5.771011,-50.546032,5.73,Alluvium_Unconsolidated,0,Brazil
425.03,5.99,0.34,32.82,1164.0,0.23,1.82,2.03,-5.962535,-50.06339,3.4,Alluvium_Unconsolidated,1,Brazil
343.53,1.67,0.5,29.01,866.8,0.333,2.36,1.52,-5.505825,-50.651652,5.79,Alluvium_Unconsolidated,1,Brazil
424.13,3.05,0.241,29.45,1218.0,0.205,3.12,2.13,-5.887559,-49.932947,1.62,Alluvium_Unconsolidated,0,Brazil
398.17,2.91,0.466,29.38,855.2,0.345,1.93,1.32,-6.194378,-50.712866,0.8,Alluvium_Unconsolidated,0,Brazil
351.45,4.39,0.488,30.58,902.1,0.319,2.74,2.04,-5.538171,-50.543027,5.07,Alluvium_Unconsolidated,0,Brazil
429.56,7.82,0.49,36.56,1014.7,0.297,3.17,1.7,-6.088981,-50.324593,4.45,Alluvium_Unconsolidated,1,Brazil
400.19,4.94,0.26,31.24,912.3,0.225,1.6,2.48,-5.718894,-50.518667,2.52,Alluvium_Unconsolidated,1,Brazil
352.89,7.66,0.414,36.18,1001.7,0.28,3.13,2.45,-5.610869,-50.346735,1.56,Alluvium_Unconsolidated,1,Brazil
371.85,5.89,0.317,32.64,1166.6,0.359,3.19,1.99,-6.305335,-50.05802,5.73,Alluvium_Unconsolidated,0,Brazil
397.15,6.01,0.482,32.86,936.6,0.338,2.15,1.62,-6.175659,-50.466335,2.73,Alluvium_Unconsolidated,0,Brazil
449.62,7.42,0.439,35.65,987.5,0.266,3.07,1.37,-6.032767,-50.371441,2.95,Alluvium_Unconsolidated,0,Brazil
400.67,6.93,0.411,34.58,1134.5,0.357,3.2,2.41,-6.241637,-50.120046,5.17,Alluvium_Unconsolidated,0,Brazil
430.92,7.97,0.204,36.94,1036.5,0.2,1.69,1.4,-5.835232,-50.288045,1.84,Alluvium_Unconsolidated,0,Brazil
423.61,3.37,0.204,29.66,853.0,0.204,3.04,2.44,-5.788298,-50.731032,2.63,Alluvium_Unconsolidated,0,Brazil
330.65,2.67,0.219,29.26,877.2,0.289,3.07,2.45,-6.491596,-50.613127,2.37,Alluvium_Unconsolidated,0,Brazil
353.42,8.0,0.461,37.0,1052.4,0.301,3.0,2.39,-5.571231,-50.261497,5.61,Alluvium_Unconsolidated,0,Brazil
360.78,7.53,0.409,35.88,993.3,0.278,3.06,2.46,-5.614426,-50.361302,2.52,Alluvium_Unconsolidated,0,Brazil
352.43,4.91,0.216,31.2,850.0,0.337,2.93,1.5,-6.393288,-50.796185,3.93,Alluvium_Unconsolidated,1,Brazil
405.66,4.9,0.492,31.19,1188.5,0.332,2.1,2.42,-6.159111,-50.010534,5.57,Alluvium_Unconsolidated,0,Brazil
417.36,7.99,0.483,36.97,1059.9,0.291,2.82,1.92,-6.078749,-50.248976,1.25,Alluvium_Unconsolidated,0,Brazil
415.69,2.3,0.456,29.12,1226.9,0.348,1.89,1.92,-6.20481,-49.903567,5.78,Alluvium_Unconsolidated,0,Brazil
428.47,7.82,0.491,36.56,1085.3,0.298,2.68,2.13,-6.090636,-50.206355,2.46,Alluvium_Unconsolidated,1,Brazil
441.54,7.34,0.451,35.46,1116.8,0.271,1.92,2.1,-6.043305,-50.15188,5.8,Alluvium_Unconsolidated,0,Brazil
364.52,7.31,0.22,35.39,981.5,0.34,1.75,2.49,-6.387538,-50.381929,2.8,Alluvium_Unconsolidated,0,Brazil
439.18,7.04,0.203,34.81,1130.3,0.2,2.59,1.34,-5.83142,-50.127674,5.58,Alluvium_Unconsolidated,1,Brazil
378.41,5.65,0.346,32.26,1172.4,0.254,2.53,1.39,-5.657497,-50.045922,4.97,Alluvium_Unconsolidated,0,Brazil
440.22,1.81,0.31,29.02,868.1,0.222,3.09,2.08,-5.942178,-50.64621,5.63,Alluvium_Unconsolidated,0,Brazil
381.8,3.89,0.319,30.08,1206.2,0.359,3.07,1.67,-6.304066,-49.966763,3.05,Alluvium_Unconsolidated,0,Brazil
450.44,7.62,0.265,36.09,998.9,0.211,1.91,1.34,-5.908609,-50.351608,5.79,Alluvium_Unconsolidated,0,Brazil
434.52,5.47,0.254,31.98,923.4,0.208,2.69,1.74,-5.899912,-50.493921,2.39,Alluvium_Unconsolidated,0,Brazil
441.07,3.74,0.488,29.95,851.7,0.295,1.6,1.75,-6.086532,-50.746003,5.6,Alluvium_Unconsolidated,0,Brazil
368.94,5.1,0.401,31.46,915.5,0.274,2.17,2.43,-5.61987,-50.511319,5.47,Alluvium_Unconsolidated,1,Brazil
429.87,3.58,0.435,29.82,1210.8,0.264,1.86,2.49,-6.029358,-49.954018,3.78,Alluvium_Unconsolidated,0,Brazil
395.91,1.67,0.216,29.01,1233.2,0.209,2.5,1.75,-5.765465,-49.879419,4.84,Alluvium_Unconsolidated,0,Brazil
409.86,2.1,0.245,29.07,871.0,0.219,2.01,2.47,-5.732621,-50.635145,5.74,Alluvium_Unconsolidated,0,Brazil
362.67,2.33,0.439,29.13,873.4,0.291,1.79,1.99,-5.591044,-50.626116,3.16,Alluvium_Unconsolidated,0,Brazil
358.37,2.08,0.479,29.06,1229.3,0.312,1.82,1.37,-5.551243,-49.895052,5.07,Alluvium_Unconsolidated,0,Brazil
393.21,3.2,0.241,29.55,883.9,0.218,1.82,2.5,-5.735939,-50.592158,5.67,Alluvium_Unconsolidated,0,Brazil
385.86,6.85,0.289,34.42,962.5,0.234,2.05,2.36,-5.696852,-50.416334,5.02,Alluvium_Unconsolidated,0,Brazil
401.09,2.6,0.218,29.23,876.5,0.21,2.16,2.5,-5.762369,-50.615661,5.4,Alluvium_Unconsolidated,0,Brazil
428.57,4.22,0.425,30.4,899.2,0.259,3.01,1.43,-6.021711,-50.55025,5.2,Alluvium_Unconsolidated,0,Brazil
448.72,7.83,0.271,36.59,1084.1,0.212,1.61,1.38,-5.913425,-50.208413,1.63,Alluvium_Unconsolidated,1,Brazil
417.66,2.9,0.5,29.37,855.3,0.315,1.6,1.49,-6.122574,-50.712378,5.21,Alluvium_Unconsolidated,0,Brazil
434.95,7.11,0.367,34.97,1127.2,0.238,1.6,1.86,-5.980444,-50.133409,2.84,Alluvium_Unconsolidated,0,Brazil
351.6,7.94,0.234,36.86,1069.9,0.345,1.83,2.27,-6.371862,-50.232198,5.0,Alluvium_Unconsolidated,0,Brazil
402.57,7.44,0.242,35.69,988.4,0.219,1.99,2.08,-5.73493,-50.369838,4.71,Alluvium_Unconsolidated,0,Brazil
439.96,7.66,0.33,36.19,1002.0,0.227,2.29,1.3,-5.955764,-50.346331,4.9,Alluvium_Unconsolidated,1,Brazil
346.34,7.99,0.472,36.98,1041.6,0.308,3.0,2.45,-5.559737,-50.279411,5.6,Alluvium_Unconsolidated,0,Brazil
351.81,4.62,0.487,30.84,906.2,0.318,2.78,2.08,-5.539621,-50.533014,4.86,Alluvium_Unconsolidated,0,Brazil
392.71,4.05,0.361,30.23,1203.6,0.259,1.99,1.31,-5.647293,-49.973477,1.34,Alluvium_Unconsolidated,1,Brazil
404.82,3.11,0.273,29.49,882.7,0.229,1.68,2.47,-5.708786,-50.595659,4.92,Alluvium_Unconsolidated,0,Brazil
424.89,2.82,0.495,29.33,879.0,0.329,1.66,1.3,-6.153157,-50.607243,5.77,Alluvium_Unconsolidated,0,Brazil
431.84,2.88,0.201,29.36,1220.2,0.2,3.15,1.86,-5.82428,-49.926209,4.56,Alluvium_Unconsolidated,0,Brazil
411.07,1.57,0.275,29.0,864.6,0.23,1.94,2.36,-5.707202,-50.661026,5.8,Alluvium_Unconsolidated,1,Brazil
393.09,2.41,0.323,29.16,858.2,0.246,1.85,2.14,-5.672936,-50.693348,5.73,Alluvium_Unconsolidated,0,Brazil
435.79,4.42,0.413,30.61,902.5,0.254,3.09,1.43,-6.012364,-50.541831,5.62,Alluvium_Unconsolidated,0,Brazil
397.47,2.74,0.397,29.29,1243.9,0.358,1.84,1.46,-6.251223,-49.824611,5.72,Alluvium_Unconsolidated,0,Brazil
390.52,5.16,0.389,31.53,1183.4,0.359,3.01,2.09,-6.256573,-50.022122,2.32,Alluvium_Unconsolidated,0,Brazil
416.23,6.43,0.204,33.61,948.6,0.2,1.82,1.86,-5.835932,-50.442747,5.68,Alluvium_Unconsolidated,0,Brazil
331.92,6.0,0.5,32.84,936.4,0.335,3.2,2.13,-5.500885,-50.466874,2.26,Alluvium_Unconsolidated,0,Brazil
379.01,7.11,0.336,34.96,972.6,0.36,1.66,2.35,-6.29268,-50.397981,5.77,Alluvium_Unconsolidated,0,Brazil
418.01,3.12,0.474,29.5,882.9,0.342,1.6,1.34,-6.185342,-50.595147,5.63,Alluvium_Unconsolidated,0,Brazil
344.97,7.12,0.218,34.98,973.1,0.338,1.83,2.5,-6.391412,-50.397014,1.81,Alluvium_Unconsolidated,0,Brazil
351.32,7.25,0.445,35.25,1121.3,0.293,2.47,1.98,-5.586178,-50.143969,4.7,Alluvium_Unconsolidated,1,Brazil
381.95,7.55,0.328,35.94,1105.1,0.36,2.83,2.37,-6.297971,-50.172363,4.06,Alluvium_Unconsolidated,0,Brazil
404.71,2.62,0.212,29.24,1223.3,0.207,2.78,1.66,-5.772398,-49.916066,5.74,Alluvium_Unconsolidated,0,Brazil
423.21,2.56,0.2,29.21,1224.0,0.201,3.04,1.84,-5.81018,-49.913757,5.44,Alluvium_Unconsolidated,0,Brazil
402.03,1.76,0.475,29.01,863.0,0.342,1.69,1.3,-6.184509,-50.668228,3.6,Alluvium_Unconsolidated,0,Brazil
336.44,3.29,0.442,29.61,1214.8,0.292,1.6,1.37,-5.589154,-49.942532,5.19,Alluvium_Unconsolidated,0,Brazil
404.46,4.22,0.496,30.4,850.5,0.327,1.85,1.55,-6.148357,-50.766217,1.58,Alluvium_Unconsolidated,1,Brazil
418.13,6.76,0.492,34.23,959.1,0.299,3.08,1.43,-6.093154,-50.422692,5.59,Alluvium_Unconsolidated,0,Brazil
402.88,2.24,0.479,29.1,1240.6,0.34,1.6,1.82,-6.180228,-49.844329,3.32,Alluvium_Unconsolidated,0,Brazil
378.36,2.71,0.352,29.28,856.4,0.36,2.68,1.37,-6.281688,-50.704859,5.51,Alluvium_Unconsolidated,0,Brazil
382.6,6.67,0.436,34.07,1143.7,0.289,2.28,1.8,-5.593406,-50.102971,3.6,Alluvium_Unconsolidated,1,Brazil
436.11,4.48,0.32,30.68,1196.4,0.224,2.33,2.21,-5.948985,-49.991665,5.77,Alluvium_Unconsolidated,1,Brazil
414.68,7.96,0.208,36.89,1067.5,0.206,2.4,1.45,-5.779354,-50.236265,5.8,Alluvium_Unconsolidated,0,Brazil
350.72,7.34,0.479,35.45,983.0,0.312,3.2,2.48,-5.550957,-50.379402,2.84,Alluvium_Unconsolidated,1,Brazil
405.59,3.51,0.486,29.77,1211.8,0.336,1.86,2.24,-6.169676,-49.951474,5.76,Alluvium_Unconsolidated,0,Brazil
340.06,2.32,0.486,29.13,1241.2,0.317,2.18,1.32,-5.541891,-49.841145,2.49,Alluvium_Unconsolidated,0,Brazil
365.7,6.78,0.377,34.29,1139.9,0.359,3.19,2.32,-6.265258,-50.110136,5.64,Alluvium_Unconsolidated,0,Brazil
422.99,3.09,0.499,29.48,854.3,0.321,1.63,1.47,-6.135353,-50.719893,4.44,Alluvium_Unconsolidated,0,Brazil
437.72,2.54,0.368,29.2,1224.2,0.238,2.53,2.47,-5.980784,-49.912955,5.69,Alluvium_Unconsolidated,0,Brazil
354.9,7.6,0.261,36.05,1102.3,0.352,2.36,2.21,-6.346456,-50.17737,1.14,Alluvium_Unconsolidated,0,Brazil
434.11,7.63,0.263,36.1,999.4,0.21,1.89,1.34,-5.906934,-50.350767,5.78,Alluvium_Unconsolidated,0,Brazil
425.94,2.9,0.386,29.37,855.3,0.245,2.32,2.07,-5.993426,-50.712451,1.41,Alluvium_Unconsolidated,1,Brazil
362.58,7.8,0.219,36.53,1086.7,0.339,1.84,2.11,-6.388913,-50.203957,4.93,Alluvium_Unconsolidated,0,Brazil
400.09,7.8,0.44,36.52,1086.7,0.352,3.16,2.49,-6.218779,-50.203915,5.8,Alluvium_Unconsolidated,1,Brazil
320.36,2.1,0.209,29.07,1229.1,0.298,2.89,1.41,-6.474443,-49.895733,4.49,Alluvium_Unconsolidated,0,Brazil
356.96,6.71,0.245,34.15,957.7,0.349,1.76,2.47,-6.360543,-50.425418,2.66,Alluvium_Unconsolidated,0,Brazil
362.47,4.93,0.274,31.22,912.0,0.355,2.03,2.17,-6.336263,-50.519313,1.76,Alluvium_Unconsolidated,0,Brazil
436.37,7.36,0.2,35.5,984.1,0.201,1.6,1.73,-5.814143,-50.377402,2.59,Alluvium_Unconsolidated,0,Brazil
344.07,3.44,0.213,29.71,1212.8,0.335,3.13,1.33,-6.398958,-49.948455,5.75,Alluvium_Unconsolidated,0,Brazil
382.16,3.77,0.368,29.98,892.0,0.36,1.79,1.7,-6.271023,-50.569008,2.22,Alluvium_Unconsolidated,0,Brazil
356.62,7.31,0.26,35.38,1118.6,0.352,2.53,2.11,-6.347179,-50.148831,1.83,Alluvium_Unconsolidated,1,Brazil
356.99,7.99,0.493,36.97,1059.4,0.323,2.59,2.47,-5.528111,-50.249763,5.22,Alluvium_Unconsolidated,0,Brazil
441.1,4.38,0.285,30.58,1198.0,0.215,2.59,2.11,-5.924258,-49.987745,5.57,Alluvium_Unconsolidated,0,Brazil
353.9,3.79,0.269,29.99,1207.7,0.354,3.19,1.51,-6.340168,-49.962734,4.92,Alluvium_Unconsolidated,0,Brazil
455.02,6.63,0.267,33.98,1145.3,0.211,2.03,1.66,-5.910357,-50.099934,4.91,Alluvium_Unconsolidated,0,Brazil
381.61,5.87,0.428,32.62,1167.0,0.354,2.98,2.31,-6.228408,-50.057186,1.97,Alluvium_Unconsolidated,1,Brazil
454.81,5.15,0.342,31.52,1183.6,0.231,2.01,2.18,-5.963991,-50.021681,4.85,Alluvium_Unconsolidated,0,Brazil
331.37,6.36,0.5,33.47,1153.7,0.335,1.61,2.16,-5.502578,-50.08386,4.89,Alluvium_Unconsolidated,0,Brazil
415.61,6.51,0.461,33.75,950.9,0.347,2.1,1.82,-6.199665,-50.438368,3.09,Alluvium_Unconsolidated,0,Brazil
429.39,7.75,0.431,36.39,1008.5,0.262,2.86,1.43,-6.026358,-50.335153,0.87,Alluvium_Unconsolidated,1,Brazil
397.41,7.99,0.458,36.98,1041.7,0.348,3.0,2.35,-6.202943,-50.279382,5.17,Alluvium_Unconsolidated,1,Brazil
438.61,2.69,0.284,29.27,1222.5,0.215,2.98,2.32,-5.923368,-49.918649,3.45,Alluvium_Unconsolidated,0,Brazil
380.6,2.02,0.369,29.05,1229.9,0.36,2.4,1.58,-6.270304,-49.892677,4.32,Alluvium_Unconsolidated,0,Brazil
383.24,6.01,0.37,32.85,936.5,0.36,1.61,2.05,-6.269631,-50.466667,5.66,Alluvium_Unconsolidated,0,Brazil
436.88,4.32,0.355,30.5,900.8,0.234,3.2,1.59,-5.9721,-50.546103,5.59,Alluvium_Unconsolidated,0,Brazil
357.79,7.9,0.27,36.74,1023.1,0.354,1.71,2.49,-6.339829,-50.310405,5.62,Alluvium_Unconsolidated,0,Brazil
370.74,7.44,0.27,35.68,1111.7,0.354,2.53,2.18,-6.339562,-50.160972,1.79,Alluvium_Unconsolidated,1,Brazil
437.51,7.94,0.349,36.85,1070.7,0.233,1.77,1.49,-5.968084,-50.230948,5.48,Alluvium_Unconsolidated,0,Brazil
448.56,6.77,0.47,34.26,1140.4,0.281,1.84,2.3,-6.06124,-50.10912,5.72,Alluvium_Unconsolidated,0,Brazil
403.73,5.75,0.473,32.42,930.0,0.343,1.97,1.62,-6.18753,-50.480034,4.06,Alluvium_Unconsolidated,0,Brazil
410.25,2.38,0.243,29.15,874.0,0.219,1.96,2.48,-5.734033,-50.624071,5.79,Alluvium_Unconsolidated,0,Brazil
438.2,6.38,0.2,33.51,1153.1,0.201,2.98,1.36,-5.812072,-50.085032,3.43,Alluvium_Unconsolidated,0,Brazil
391.62,4.51,0.285,30.72,850.1,0.233,2.59,1.96,-5.699453,-50.778665,3.12,Alluvium_Unconsolidated,0,Brazil
363.44,6.27,0.391,33.31,943.8,0.27,2.47,2.5,-5.627474,-50.451996,5.77,Alluvium_Unconsolidated,0,Brazil
384.64,4.54,0.4,30.74,1195.4,0.358,2.83,2.03,-6.249302,-49.994242,1.19,Alluvium_Unconsolidated,0,Brazil
449.13,4.85,0.221,31.12,910.5,0.202,2.55,2.0,-5.865412,-50.522875,3.42,Alluvium_Unconsolidated,0,Brazil
412.23,6.11,0.497,33.03,939.4,0.326,2.46,1.52,-6.147133,-50.460809,1.24,Alluvium_Unconsolidated,0,Brazil
318.1,7.45,0.201,35.71,989.1,0.311,2.17,2.35,-6.451549,-50.368693,2.82,Alluvium_Unconsolidated,0,Brazil
376.06,7.93,0.267,36.84,1071.4,0.353,2.07,2.36,-6.34212,-50.229752,3.31,Alluvium_Unconsolidated,0,Brazil
397.43,7.79,0.48,36.5,1087.7,0.339,3.19,2.44,-6.178496,-50.202189,4.83,Alluvium_Unconsolidated,0,Brazil
330.28,2.33,0.207,29.13,1226.6,0.3,2.87,1.38,-6.471782,-49.904887,4.31,Alluvium_Unconsolidated,0,Brazil
436.26,3.13,0.328,29.5,1217.0,0.227,2.63,2.38,-5.954557,-49.936014,5.46,Alluvium_Unconsolidated,1,Brazil
394.13,5.63,0.315,32.23,1172.9,0.243,2.71,1.34,-5.67809,-50.044946,5.6,Alluvium_Unconsolidated,1,Brazil
424.08,7.73,0.279,36.35,1006.9,0.214,1.92,1.31,-5.919885,-50.337887,5.8,Alluvium_Unconsolidated,0,Brazil
434.79,7.86,0.237,36.65,1018.4,0.205,1.65,1.34,-5.883729,-50.318337,4.46,Alluvium_Unconsolidated,0,Brazil
356.52,2.21,0.21,29.1,1240.5,0.333,3.15,1.33,-6.402986,-49.845277,4.16,Alluvium_Unconsolidated,0,Brazil
414.75,5.83,0.437,32.54,1168.1,0.353,2.92,2.33,-6.221105,-50.054842,1.32,Alluvium_Unconsolidated,1,Brazil
346.01,1.79,0.472,29.02,1237.3,0.308,1.92,1.32,-5.559342,-49.861543,4.42,Alluvium_Unconsolidated,0,Brazil
418.38,2.77,0.483,29.31,856.0,0.338,1.77,1.34,-6.17463,-50.70753,2.51,Alluvium_Unconsolidated,0,Brazil
338.02,1.61,0.2,29.0,1235.7,0.315,3.16,1.38,-6.443495,-49.868653,5.8,Alluvium_Unconsolidated,0,Brazil
383.75,3.53,0.458,29.78,852.4,0.348,2.14,1.33,-6.202967,-50.737493,2.63,Alluvium_Unconsolidated,0,Brazil
420.67,4.8,0.475,31.06,850.0,0.285,1.6,2.0,-6.067802,-50.791192,5.29,Alluvium_Unconsolidated,0,Brazil
441.57,2.45,0.428,29.17,874.7,0.261,2.61,1.61,-6.023652,-50.621649,2.43,Alluvium_Unconsolidated,1,Brazil
364.23,1.99,0.412,29.05,869.9,0.279,1.65,2.04,-5.612093,-50.639137,1.03,Alluvium_Unconsolidated,1,Brazil
346.46,2.98,0.496,29.42,1218.9,0.327,1.87,1.55,-5.519684,-49.930314,4.73,Alluvium_Unconsolidated,0,Brazil
353.22,3.96,0.252,30.14,894.9,0.35,2.47,2.12,-6.354815,-50.561216,4.69,Alluvium_Unconsolidated,0,Brazil
419.76,7.55,0.466,35.93,994.6,0.345,2.64,2.08,-6.195246,-50.359024,2.67,Alluvium_Unconsolidated,0,Brazil
420.81,4.93,0.311,31.23,850.1,0.222,2.27,2.46,-5.942399,-50.797325,1.83,Alluvium_Unconsolidated,1,Brazil
354.31,7.62,0.205,36.09,1101.2,0.328,1.78,1.9,-6.414918,-50.179239,5.29,Alluvium_Unconsolidated,1,Brazil
403.52,7.34,0.458,35.47,1116.6,0.348,3.16,2.5,-6.202901,-50.152285,4.41,Alluvium_Unconsolidated,1,Brazil
357.6,4.09,0.445,30.27,897.1,0.293,2.21,2.21,-5.586142,-50.555556,5.58,Alluvium_Unconsolidated,1,Brazil
365.6,5.51,0.299,32.04,1175.8,0.358,3.19,1.86,-6.317553,-50.038779,5.72,Alluvium_Unconsolidated,0,Brazil
377.58,2.85,0.336,29.35,1244.5,0.36,2.16,1.35,-6.292466,-49.820407,5.4,Alluvium_Unconsolidated,0,Brazil
385.92,7.73,0.34,36.35,1093.2,0.252,3.19,1.8,-5.661446,-50.192974,3.73,Alluvium_Unconsolidated,0,Brazil
419.34,7.94,0.5,36.85,1070.9,0.319,3.09,2.22,-6.131389,-50.230617,3.27,Alluvium_Unconsolidated,0,Brazil
412.12,6.81,0.5,34.34,1138.9,0.315,2.41,2.46,-6.124329,-50.111993,4.3,Alluvium_Unconsolidated,0,Brazil
450.71,5.44,0.423,31.93,922.6,0.259,3.17,1.34,-6.019989,-50.495602,5.79,Alluvium_Unconsolidated,0,Brazil
441.83,2.55,0.374,29.21,875.9,0.241,2.95,1.77,-5.985136,-50.617644,4.86,Alluvium_Unconsolidated,0,Brazil
376.3,1.67,0.284,29.01,863.7,0.233,1.91,2.33,-5.700097,-50.664898,5.8,Alluvium_Unconsolidated,0,Brazil
412.39,7.89,0.499,36.73,1022.4,0.311,3.2,1.87,-6.115829,-50.311564,5.24,Alluvium_Unconsolidated,0,Brazil
337.38,5.84,0.213,32.57,932.3,0.335,2.33,2.47,-6.398118,-50.475194,3.94,Alluvium_Unconsolidated,0,Brazil
369.44,4.43,0.337,30.62,902.7,0.251,1.71,2.47,-5.663266,-50.541489,2.06,Alluvium_Unconsolidated,0,Brazil
345.04,2.65,0.224,29.25,1222.9,0.285,2.57,1.43,-6.497823,-49.917342,2.09,Alluvium_Unconsolidated,0,Brazil
395.02,4.21,0.263,30.39,1201.0,0.226,2.67,1.33,-5.716868,-49.980148,5.49,Alluvium_Unconsolidated,0,Brazil
434.88,1.6,0.217,29.0,1233.9,0.201,3.16,2.2,-5.86043,-49.876539,4.41,Alluvium_Unconsolidated,1,Brazil
384.1,7.66,0.379,36.19,1098.0,0.359,3.02,2.47,-6.263447,-50.184625,5.27,Alluvium_Unconsolidated,0,Brazil
339.89,7.76,0.206,36.41,1090.8,0.33,1.73,1.98,-6.411836,-50.196948,5.54,Alluvium_Unconsolidated,0,Brazil
442.43,7.57,0.319,35.97,995.7,0.224,2.28,1.3,-5.948155,-50.357065,4.92,Alluvium_Unconsolidated,0,Brazil
343.56,4.24,0.48,30.42,1200.6,0.313,1.6,1.59,-5.54965,-49.981394,5.59,Alluvium_Unconsolidated,0,Brazil
435.03,6.57,0.209,33.88,953.0,0.2,1.86,1.78,-5.846765,-50.434227,5.75,Alluvium_Unconsolidated,0,Brazil
348.81,7.67,0.464,36.22,1097.2,0.303,2.57,2.2,-5.568895,-50.186011,5.16,Alluvium_Unconsolidated,0,Brazil
353.34,6.07,0.251,32.95,1161.9,0.35,2.93,1.79,-6.355079,-50.067566,4.72,Alluvium_Unconsolidated,0,Brazil
428.21,4.61,0.499,30.84,906.1,0.31,2.32,1.31,-6.112942,-50.533243,1.42,Alluvium_Unconsolidated,1,Brazil
369.48,7.94,0.397,36.86,1069.9,0.273,3.16,2.12,-5.62294,-50.232323,4.42,Alluvium_Unconsolidated,0,Brazil
432.53,7.98,0.489,36.94,1037.5,0.296,3.06,1.83,-6.08792,-50.286343,2.84,Alluvium_Unconsolidated,1,Brazil
361.61,5.36,0.382,31.82,1179.1,0.359,3.08,2.1,-6.2614,-50.031681,3.09,Alluvium_Unconsolidated,0,Brazil
426.65,2.76,0.5,29.3,856.1,0.313,1.6,1.49,-6.119278,-50.706812,5.44,Alluvium_Unconsolidated,0,Brazil
352.06,7.99,0.237,36.98,1056.8,0.346,1.76,2.34,-6.368523,-50.254182,5.4,Alluvium_Unconsolidated,0,Brazil
391.73,4.35,0.461,30.54,1198.6,0.347,2.33,2.22,-6.199839,-49.986424,4.71,Alluvium_Unconsolidated,0,Brazil
402.67,7.05,0.455,34.84,1129.7,0.349,3.12,2.49,-6.205948,-50.128864,3.69,Alluvium_Unconsolidated,1,Brazil
421.58,7.0,0.476,34.73,1131.7,0.341,2.98,2.5,-6.183046,-50.125204,1.97,Alluvium_Unconsolidated,1,Brazil
351.16,6.99,0.487,34.71,1132.2,0.318,1.92,2.13,-5.538905,-50.124316,0.85,Alluvium_Unconsolidated,1,Brazil
442.69,5.45,0.265,31.96,923.0,0.211,2.77,1.7,-5.908874,-50.494827,1.69,Alluvium_Unconsolidated,0,Brazil
441.78,7.8,0.496,36.52,1013.0,0.305,3.2,1.76,-6.103951,-50.327566,5.2,Alluvium_Unconsolidated,0,Brazil
438.24,7.64,0.475,36.13,1099.8,0.285,2.31,2.11,-6.067917,-50.181582,4.8,Alluvium_Unconsolidated,1,Brazil
447.6,1.58,0.449,29.0,864.5,0.27,2.19,1.67,-6.041244,-50.661416,2.42,Alluvium_Unconsolidated,1,Brazil
436.89,7.97,0.359,36.93,1063.8,0.236,1.86,1.49,-5.975343,-50.242521,5.75,Alluvium_Unconsolidated,0,Brazil
363.92,2.25,0.425,29.11,859.3,0.284,1.6,1.83,-5.602714,-50.687073,2.24,Alluvium_Unconsolidated,1,Brazil
448.95,6.24,0.399,33.25,942.8,0.249,3.17,1.32,-6.00234,-50.4541,4.44,Alluvium_Unconsolidated,0,Brazil
445.84,6.58,0.352,33.89,953.2,0.233,2.93,1.34,-5.970163,-50.433869,1.45,Alluvium_Unconsolidated,1,Brazil
338.53,3.35,0.2,29.65,886.0,0.313,3.19,2.39,-6.446717,-50.585969,3.73,Alluvium_Unconsolidated,0,Brazil
398.49,1.89,0.476,29.03,1238.1,0.341,1.63,1.85,-6.184034,-49.857689,4.09,Alluvium_Unconsolidated,0,Brazil
391.57,2.49,0.402,29.18,1224.8,0.358,2.31,1.74,-6.248102,-49.910878,4.81,Alluvium_Unconsolidated,1,Brazil
443.15,5.74,0.211,32.41,929.8,0.201,2.14,1.92,-5.850539,-50.480366,5.46,Alluvium_Unconsolidated,0,Brazil
346.73,8.0,0.201,36.99,1055.3,0.31,1.66,2.0,-6.451744,-50.256678,4.03,Alluvium_Unconsolidated,0,Brazil
416.52,5.45,0.476,31.96,923.1,0.341,1.92,1.56,-6.183798,-50.494706,4.39,Alluvium_Unconsolidated,0,Brazil
360.87,7.83,0.253,36.6,1016.1,0.351,1.63,2.49,-6.353371,-50.3222,5.79,Alluvium_Unconsolidated,0,Brazil
369.63,4.41,0.267,30.6,1197.6,0.353,3.2,1.58,-6.341629,-49.988824,5.55,Alluvium_Unconsolidated,0,Brazil
390.32,4.68,0.322,30.91,1192.8,0.359,3.16,1.8,-6.301767,-50.00048,4.28,Alluvium_Unconsolidated,1,Brazil
356.0,7.14,0.475,35.02,1126.1,0.309,2.14,2.09,-5.556955,-50.135374,2.62,Alluvium_Unconsolidated,1,Brazil
352.46,4.87,0.224,31.15,910.9,0.341,2.48,2.34,-6.382712,-50.521765,4.76,Alluvium_Unconsolidated,0,Brazil
375.9,4.8,0.423,31.07,1190.4,0.283,1.82,1.46,-5.603865,-50.006038,1.88,Alluvium_Unconsolidated,0,Brazil
424.59,2.2,0.2,29.09,1240.4,0.201,2.76,2.11,-5.816715,-49.845681,5.7,Alluvium_Unconsolidated,0,Brazil
419.32,2.4,0.437,29.15,874.2,0.265,2.53,1.59,-6.031112,-50.623455,1.8,Alluvium_Unconsolidated,0,Brazil
380.39,2.03,0.331,29.05,860.9,0.36,2.65,1.47,-6.296039,-50.678536,5.43,Alluvium_Unconsolidated,0,Brazil
397.91,7.68,0.408,36.23,1003.2,0.357,2.27,2.32,-6.243769,-50.344242,1.78,Alluvium_Unconsolidated,0,Brazil
438.33,4.72,0.318,30.96,907.9,0.224,3.15,1.64,-5.947404,-50.528804,4.16,Alluvium_Unconsolidated,0,Brazil
395.96,1.56,0.383,29.0,1235.3,0.359,2.17,1.55,-6.260668,-49.870616,5.35,Alluvium_Unconsolidated,0,Brazil
387.4,7.92,0.299,36.81,1073.3,0.238,3.13,1.78,-5.689759,-50.226579,1.47,Alluvium_Unconsolidated,0,Brazil
412.32,5.28,0.46,31.71,1180.7,0.347,2.6,2.33,-6.200855,-50.02807,3.05,Alluvium_Unconsolidated,0,Brazil
434.21,3.59,0.201,29.82,852.2,0.2,3.19,2.48,-5.822698,-50.739835,4.95,Alluvium_Unconsolidated,0,Brazil
424.79,3.21,0.297,29.55,884.1,0.218,3.2,1.93,-5.933142,-50.591622,5.37,Alluvium_Unconsolidated,1,Brazil
418.06,7.82,0.2,36.56,1085.2,0.202,2.34,1.33,-5.805409,-50.206569,5.78,Alluvium_Unconsolidated,0,Brazil
354.68,1.98,0.201,29.04,1230.3,0.323,3.17,1.32,-6.426441,-49.891215,5.8,Alluvium_Unconsolidated,0,Brazil
423.11,3.23,0.209,29.57,884.4,0.206,2.14,2.48,-5.776438,-50.590755,5.47,Alluvium_Unconsolidated,0,Brazil
338.77,5.63,0.225,32.23,927.1,0.285,3.15,2.45,-6.498678,-50.486172,4.54,Alluvium_Unconsolidated,0,Brazil
334.53,4.05,0.203,30.23,1203.6,0.326,2.91,1.33,-6.419487,-49.973667,4.63,Alluvium_Unconsolidated,1,Brazil
366.95,2.47,0.231,29.18,1225.0,0.344,3.19,1.32,-6.374825,-49.910198,4.91,Alluvium_Unconsolidated,0,Brazil
349.46,3.77,0.215,29.98,892.0,0.337,2.87,2.26,-6.395052,-50.569016,5.8,Alluvium_Unconsolidated,0,Brazil
410.45,7.96,0.5,36.9,1033.4,0.312,3.19,1.95,-6.11829,-50.29321,4.85,Alluvium_Unconsolidated,0,Brazil
394.07,2.29,0.461,29.12,873.0,0.347,1.64,1.33,-6.200155,-50.627699,4.26,Alluvium_Unconsolidated,0,Brazil
420.19,6.85,0.2,34.42,962.5,0.201,1.63,1.87,-5.813798,-50.416484,4.22,Alluvium_Unconsolidated,0,Brazil
397.84,4.71,0.263,30.96,907.9,0.226,1.6,2.49,-5.716935,-50.528912,2.86,Alluvium_Unconsolidated,0,Brazil
352.12,6.33,0.495,33.42,945.5,0.326,3.18,2.27,-5.523244,-50.448777,1.5,Alluvium_Unconsolidated,0,Brazil
319.81,1.81,0.204,29.02,1237.4,0.304,3.1,1.45,-6.463556,-49.860776,5.67,Alluvium_Unconsolidated,1,Brazil
400.87,3.18,0.464,29.53,883.7,0.346,1.6,1.37,-6.196729,-50.59282,5.39,Alluvium_Unconsolidated,0,Brazil
410.57,6.71,0.219,34.14,957.5,0.21,1.63,2.15,-5.761456,-50.425754,1.1,Alluvium_Unconsolidated,0,Brazil
361.67,4.15,0.288,30.33,1202.0,0.357,3.18,1.62,-6.325596,-49.977789,4.72,Alluvium_Unconsolidated,0,Brazil
437.82,6.01,0.217,32.86,1163.3,0.201,2.71,1.56,-5.860725,-50.064632,5.21,Alluvium_Unconsolidated,0,Brazil
433.82,4.26,0.249,30.44,850.4,0.207,2.87,2.49,-5.895534,-50.767756,4.36,Alluvium_Unconsolidated,0,Brazil
436.18,5.74,0.5,32.4,1170.3,0.319,2.09,2.5,-6.13153,-50.050451,5.6,Alluvium_Unconsolidated,0,Brazil
425.55,7.88,0.201,36.7,1021.1,0.202,1.77,1.57,-5.802998,-50.313871,2.91,Alluvium_Unconsolidated,0,Brazil
409.07,7.76,0.227,36.43,1090.3,0.213,2.88,1.44,-5.75106,-50.197793,4.27,Alluvium_Unconsolidated,0,Brazil
336.95,6.49,0.205,33.71,1149.7,0.329,2.26,1.6,-6.413965,-50.091432,1.9,Alluvium_Unconsolidated,0,Brazil
391.19,4.81,0.359,31.07,1190.4,0.259,2.19,1.34,-5.648546,-50.006156,2.99,Alluvium_Unconsolidated,1,Brazil
417.1,7.1,0.204,34.93,1127.9,0.204,2.92,1.3,-5.789485,-50.132209,3.97,Alluvium_Unconsolidated,0,Brazil
411.12,4.95,0.482,31.25,850.1,0.338,2.26,1.54,-6.175149,-50.797919,3.47,Alluvium_Unconsolidated,1,Brazil
333.37,2.82,0.496,29.33,855.7,0.327,1.9,1.43,-5.520343,-50.709127,4.11,Alluvium_Unconsolidated,0,Brazil
356.36,3.81,0.429,30.01,1207.4,0.286,1.66,1.38,-5.599598,-49.963533,4.05,Alluvium_Unconsolidated,0,Brazil
351.62,4.14,0.22,30.32,1202.1,0.34,3.1,1.4,-6.387404,-49.977463,5.64,Alluvium_Unconsolidated,0,Brazil
439.55,1.71,0.425,29.01,863.5,0.259,2.35,1.77,-6.021539,-50.66607,1.21,Alluvium_Unconsolidated,0,Brazil
346.81,7.57,0.498,35.98,1104.1,0.33,1.98,2.37,-5.512906,-50.174213,1.3,Alluvium_Unconsolidated,1,Brazil
441.2,1.76,0.315,29.01,1232.4,0.223,2.99,2.45,-5.945472,-49.882918,3.34,Alluvium_Unconsolidated,0,Brazil
389.82,1.52,0.406,29.0,865.1,0.357,2.05,1.37,-6.245177,-50.65877,1.9,Alluvium_Unconsolidated,1,Brazil
439.87,3.52,0.341,29.77,852.4,0.23,2.45,2.28,-5.963318,-50.73719,1.2,Alluvium_Unconsolidated,0,Brazil
443.2,7.79,0.422,36.48,1088.4,0.258,1.99,1.81,-6.019227,-50.20102,5.77,Alluvium_Unconsolidated,0,Brazil
439.62,6.8,0.257,34.32,1139.3,0.209,2.03,1.58,-5.90188,-50.111281,4.95,Alluvium_Unconsolidated,0,Brazil
349.0,7.42,0.474,35.64,1112.7,0.309,2.29,2.16,-5.557568,-50.159277,3.71,Alluvium_Unconsolidated,0,Brazil
422.82,7.15,0.499,35.04,974.3,0.323,2.91,1.69,-6.139797,-50.394837,4.58,Alluvium_Unconsolidated,0,Brazil
443.8,3.41,0.448,29.69,852.8,0.269,1.82,1.92,-6.039937,-50.732765,5.07,Alluvium_Unconsolidated,0,Brazil
327.94,3.85,0.213,30.05,1206.7,0.336,3.08,1.35,-6.397911,-49.965466,5.59,Alluvium_Unconsolidated,0,Brazil
360.49,7.36,0.255,35.49,983.9,0.351,1.61,2.5,-6.351599,-50.377723,4.99,Alluvium_Unconsolidated,0,Brazil
380.9,6.76,0.383,34.23,959.1,0.359,1.73,2.16,-6.26101,-50.422764,5.53,Alluvium_Unconsolidated,0,Brazil
345.0,2.3,0.227,29.12,1226.9,0.343,3.19,1.31,-6.379411,-49.903645,4.91,Alluvium_Unconsolidated,0,Brazil
365.09,3.66,0.447,29.89,1209.6,0.294,1.61,1.41,-5.584306,-49.957614,5.0,Alluvium_Unconsolidated,0,Brazil
356.87,8.0,0.477,37.0,1049.1,0.31,2.91,2.44,-5.554135,-50.266996,5.79,Alluvium_Unconsolidated,0,Brazil
436.76,7.39,0.372,35.56,1114.6,0.24,1.62,1.8,-5.98353,-50.155881,3.99,Alluvium_Unconsolidated,0,Brazil
439.22,6.63,0.493,33.98,954.7,0.3,3.04,1.42,-6.095064,-50.430969,5.4,Alluvium_Unconsolidated,1,Brazil
434.57,2.96,0.387,29.4,1245.1,0.245,2.96,2.46,-5.994277,-49.81611,3.61,Alluvium_Unconsolidated,0,Brazil
438.86,7.69,0.263,36.25,1096.3,0.21,1.67,1.4,-5.907031,-50.187588,1.49,Alluvium_Unconsolidated,0,Brazil
430.07,7.42,0.203,35.63,1112.8,0.2,2.38,1.31,-5.832544,-50.158934,5.8,Alluvium_Unconsolidated,1,Brazil
448.94,5.85,0.328,32.58,932.4,0.227,3.01,1.46,-5.954396,-50.475026,2.3,Alluvium_Unconsolidated,0,Brazil
423.72,3.28,0.418,29.6,1215.0,0.256,2.02,2.49,-6.016111,-49.942055,4.89,Alluvium_Unconsolidated,0,Brazil
367.9,7.42,0.412,35.63,1112.9,0.279,2.8,1.91,-5.612546,-50.15885,5.76,Alluvium_Unconsolidated,0,Brazil
397.93,6.64,0.4,34.0,955.2,0.358,1.77,2.08,-6.248884,-50.430096,5.33,Alluvium_Unconsolidated,0,Brazil
325.93,1.67,0.213,29.01,866.8,0.294,2.98,2.35,-6.481783,-50.651511,3.44,Alluvium_Unconsolidated,1,Brazil
386.93,3.08,0.409,29.47,882.3,0.357,1.74,1.5,-6.242937,-50.596915,2.89,Alluvium_Unconsolidated,0,Brazil
448.4,3.44,0.353,29.71,887.2,0.234,3.15,1.72,-5.970721,-50.582439,5.79,Alluvium_Unconsolidated,1,Brazil
439.65,7.15,0.447,35.04,1125.7,0.269,1.82,2.13,-6.039717,-50.136087,5.66,Alluvium_Unconsolidated,0,Brazil
327.27,4.46,0.499,30.66,903.3,0.332,2.99,1.9,-5.507911,-50.539906,3.37,Alluvium_Unconsolidated,0,Brazil
433.95,7.8,0.474,36.51,1012.6,0.284,3.09,1.59,-6.066235,-50.328159,3.26,Alluvium_Unconsolidated,0,Brazil
415.7,7.96,0.414,36.91,1034.1,0.356,2.65,2.42,-6.23932,-50.292028,2.71,Alluvium_Unconsolidated,0,Brazil
371.12,7.32,0.263,35.41,1118.0,0.353,2.54,2.12,-6.345209,-50.14989,1.92,Alluvium_Unconsolidated,1,Brazil
361.76,6.41,0.277,33.56,947.8,0.355,1.69,2.37,-6.333757,-50.444323,3.6,Alluvium_Unconsolidated,0,Brazil
434.04,1.72,0.437,29.01,867.3,0.265,2.36,1.67,-6.031135,-50.649587,1.1,Alluvium_Unconsolidated,1,Brazil
413.05,1.82,0.465,29.02,1231.8,0.345,1.75,1.89,-6.195795,-49.885037,5.4,Alluvium_Unconsolidated,0,Brazil
393.23,7.29,0.315,35.34,1119.4,0.243,3.15,1.57,-5.678559,-50.147309,4.48,Alluvium_Unconsolidated,0,Brazil
399.99,1.61,0.455,29.0,866.2,0.349,1.74,1.31,-6.206047,-50.653806,2.82,Alluvium_Unconsolidated,0,Brazil
382.46,1.53,0.36,29.0,1235.0,0.36,2.33,1.5,-6.27682,-49.871775,4.69,Alluvium_Unconsolidated,1,Brazil
446.9,7.8,0.209,36.51,1087.1,0.2,1.99,1.3,-5.846252,-50.203284,4.69,Alluvium_Unconsolidated,1,Brazil
383.67,3.94,0.479,30.12,894.6,0.34,1.67,1.38,-6.180033,-50.562088,5.74,Alluvium_Unconsolidated,0,Brazil
359.69,7.98,0.278,36.94,1037.1,0.355,1.84,2.48,-6.332898,-50.287077,4.9,Alluvium_Unconsolidated,0,Brazil
434.88,4.45,0.378,30.65,850.2,0.242,1.99,2.29,-5.988106,-50.775856,3.93,Alluvium_Unconsolidated,0,Brazil
443.14,5.86,0.293,32.61,1167.2,0.217,2.1,1.9,-5.930398,-50.056806,5.25,Alluvium_Unconsolidated,0,Brazil
336.92,1.98,0.201,29.04,1238.7,0.312,3.17,1.42,-6.448674,-49.85439,5.79,Alluvium_Unconsolidated,0,Brazil
341.12,2.96,0.2,29.4,855.0,0.319,3.01,1.95,-6.434483,-50.714726,3.1,Alluvium_Unconsolidated,0,Brazil
384.53,6.66,0.39,34.03,1144.3,0.27,2.6,1.64,-5.627611,-50.101784,5.25,Alluvium_Unconsolidated,1,Brazil
454.86,6.36,0.394,33.46,1153.8,0.247,1.61,2.13,-5.998658,-50.083663,1.78,Alluvium_Unconsolidated,1,Brazil
383.43,3.6,0.334,29.84,1210.5,0.25,2.04,1.3,-5.665797,-49.955115,1.8,Alluvium_Unconsolidated,0,Brazil
412.81,2.37,0.471,29.14,1226.1,0.343,1.8,2.0,-6.189548,-49.906532,5.6,Alluvium_Unconsolidated,0,Brazil
437.67,5.37,0.316,31.83,1178.9,0.223,2.11,2.06,-5.946178,-50.032122,5.27,Alluvium_Unconsolidated,0,Brazil
397.45,6.93,0.429,34.58,1134.7,0.354,3.17,2.44,-6.227993,-50.119741,4.58,Alluvium_Unconsolidated,1,Brazil
389.7,6.79,0.229,34.29,960.2,0.214,1.68,2.18,-5.748841,-50.420662,1.7,Alluvium_Unconsolidated,0,Brazil
425.14,4.85,0.307,31.13,910.5,0.221,3.11,1.65,-5.940289,-50.522729,3.5,Alluvium_Unconsolidated,1,Brazil
446.25,7.74,0.41,36.38,1092.2,0.253,1.88,1.79,-6.010018,-50.19467,5.78,Alluvium_Unconsolidated,0,Brazil
345.14,5.92,0.223,32.7,1165.7,0.341,2.74,1.63,-6.384307,-50.059786,3.37,Alluvium_Unconsolidated,0,Brazil
438.2,7.9,0.308,36.76,1024.0,0.221,1.93,1.31,-5.940594,-50.308985,5.8,Alluvium_Unconsolidated,0,Brazil
314.9,3.2,0.209,29.55,1246.2,0.298,3.18,1.66,-6.475842,-49.806728,5.76,Alluvium_Unconsolidated,0,Brazil
337.39,1.58,0.498,29.0,1235.5,0.33,2.26,1.42,-5.514441,-49.869599,1.88,Alluvium_Unconsolidated,1,Brazil
344.73,3.48,0.204,29.75,852.6,0.304,2.67,2.02,-6.464337,-50.735758,5.34,Alluvium_Unconsolidated,0,Brazil
352.29,2.96,0.478,29.4,1245.1,0.311,2.24,1.3,-5.552253,-49.816151,2.04,Alluvium_Unconsolidated,1,Brazil
432.46,2.26,0.201,29.11,872.7,0.2,2.81,2.45,-5.823642,-50.628842,1.39,Alluvium_Unconsolidated,1,Brazil
388.25,4.83,0.273,31.1,910.0,0.229,1.61,2.49,-5.708559,-50.523873,2.03,Alluvium_Unconsolidated,0,Brazil
421.4,4.01,0.202,30.19,1204.3,0.203,3.15,1.58,-5.795352,-49.971874,4.49,Alluvium_Unconsolidated,1,Brazil
437.81,2.78,0.229,29.31,878.6,0.203,3.07,2.24,-5.875487,-50.608685,3.01,Alluvium_Unconsolidated,0,Brazil
439.49,5.98,0.245,32.8,1164.2,0.206,2.43,1.7,-5.891474,-50.062998,5.79,Alluvium_Unconsolidated,1,Brazil
392.04,6.38,0.422,33.5,1153.2,0.355,3.11,2.37,-6.233033,-50.084842,3.55,Alluvium_Unconsolidated,0,Brazil
417.42,3.59,0.494,29.83,1210.6,0.33,1.78,2.3,-6.154655,-49.954658,5.54,Alluvium_Unconsolidated,0,Brazil
421.25,1.73,0.334,29.01,867.3,0.228,2.99,2.01,-5.958009,-50.649399,5.11,Alluvium_Unconsolidated,1,Brazil
387.68,1.59,0.415,29.0,866.0,0.356,1.97,1.36,-6.23805,-50.654864,1.18,Alluvium_Unconsolidated,0,Brazil
362.04,2.63,0.283,29.24,1223.2,0.356,3.03,1.43,-6.329664,-49.916359,2.5,Alluvium_Unconsolidated,1,Brazil
363.68,4.04,0.296,30.22,1203.8,0.357,3.16,1.62,-6.319893,-49.973156,4.28,Alluvium_Unconsolidated,0,Brazil
387.95,2.79,0.34,29.31,1244.1,0.36,2.15,1.36,-6.29001,-49.822949,5.43,Alluvium_Unconsolidated,0,Brazil
350.88,2.97,0.488,29.41,854.9,0.319,1.76,1.47,-5.537324,-50.715086,2.79,Alluvium_Unconsolidated,0,Brazil
423.28,6.54,0.21,33.81,1148.0,0.2,2.63,1.44,-5.848622,-50.094717,5.46,Alluvium_Unconsolidated,0,Brazil
333.9,4.13,0.5,30.31,897.8,0.335,2.97,1.82,-5.501238,-50.553883,3.54,Alluvium_Unconsolidated,0,Brazil
399.39,2.66,0.389,29.26,877.2,0.359,1.9,1.5,-6.256898,-50.613161,1.1,Alluvium_Unconsolidated,0,Brazil
449.45,4.92,0.301,31.22,911.9,0.219,3.07,1.66,-5.935616,-50.519517,3.06,Alluvium_Unconsolidated,1,Brazil
369.99,3.72,0.312,29.93,851.7,0.359,3.07,1.36,-6.308597,-50.745279,5.27,Alluvium_Unconsolidated,0,Brazil
441.05,5.64,0.397,32.25,1172.5,0.248,1.67,2.25,-6.000692,-50.045654,1.56,Alluvium_Unconsolidated,0,Brazil
316.25,5.77,0.214,32.45,930.4,0.293,3.07,2.47,-6.484539,-50.479192,5.31,Alluvium_Unconsolidated,1,Brazil
394.31,1.71,0.256,29.01,863.4,0.223,2.1,2.39,-5.722689,-50.666183,5.56,Alluvium_Unconsolidated,0,Brazil
433.2,2.29,0.374,29.12,1241.0,0.241,2.9,2.49,-5.985431,-49.842471,4.13,Alluvium_Unconsolidated,1,Brazil
339.3,7.8,0.204,36.51,1087.3,0.305,1.6,1.76,-6.462846,-50.202905,5.19,Alluvium_Unconsolidated,0,Brazil
372.24,6.67,0.337,34.06,1143.9,0.36,3.14,2.2,-6.292169,-50.102532,5.79,Alluvium_Unconsolidated,0,Brazil
352.33,2.94,0.407,29.39,855.1,0.277,1.63,1.79,-5.615557,-50.71388,4.22,Alluvium_Unconsolidated,0,Brazil
326.66,4.96,0.2,31.27,1187.4,0.314,2.47,1.33,-6.444582,-50.013093,1.31,Alluvium_Unconsolidated,0,Brazil
351.69,3.98,0.467,30.16,895.2,0.305,2.38,2.1,-5.565351,-50.560405,5.8,Alluvium_Unconsolidated,0,Brazil
423.92,1.96,0.496,29.04,869.5,0.327,1.62,1.31,-6.147843,-50.640503,5.74,Alluvium_Unconsolidated,0,Brazil
361.17,3.93,0.426,30.12,851.1,0.285,1.68,1.6,-5.601587,-50.75407,4.85,Alluvium_Unconsolidated,0,Brazil
428.13,4.66,0.368,30.89,906.9,0.238,3.2,1.51,-5.980774,-50.531241,5.57,Alluvium_Unconsolidated,1,Brazil
381.62,2.62,0.352,29.24,876.7,0.256,1.6,2.3,-5.653613,-50.614787,2.43,Alluvium_Unconsolidated,0,Brazil
362.55,2.28,0.44,29.12,872.9,0.291,1.79,1.98,-5.590639,-50.627938,3.11,Alluvium_Unconsolidated,0,Brazil
436.99,3.2,0.34,29.55,853.7,0.23,2.54,2.24,-5.962102,-50.724525,1.92,Alluvium_Unconsolidated,1,Brazil
438.47,3.13,0.382,29.5,1245.9,0.243,3.02,2.45,-5.990248,-49.809469,3.07,Alluvium_Unconsolidated,1,Brazil
432.99,4.13,0.484,30.31,1202.3,0.292,1.6,2.5,-6.079903,-49.976967,2.51,Alluvium_Unconsolidated,1,Brazil
432.43,2.42,0.221,29.16,874.5,0.202,3.07,2.32,-5.865978,-50.622484,2.99,Alluvium_Unconsolidated,0,Brazil
437.65,4.76,0.454,31.02,1191.1,0.273,1.62,2.47,-6.045863,-50.004338,1.36,Alluvium_Unconsolidated,0,Brazil
432.97,1.58,0.201,29.0,1234.0,0.203,2.77,1.92,-5.797981,-49.875964,5.72,Alluvium_Unconsolidated,1,Brazil
437.54,7.85,0.217,36.63,1082.5,0.201,1.84,1.3,-5.859944,-50.211018,3.66,Alluvium_Unconsolidated,0,Brazil
460.58,6.21,0.347,33.2,1157.9,0.232,1.74,2.01,-5.967329,-50.075524,2.53,Alluvium_Unconsolidated,0,Brazil
353.09,7.33,0.201,35.43,982.5,0.311,2.23,2.38,-6.451208,-50.380152,3.31,Alluvium_Unconsolidated,0,Brazil
458.58,5.67,0.47,32.29,928.0,0.282,3.03,1.3,-6.062031,-50.484174,5.32,Alluvium_Unconsolidated,0,Brazil
338.58,6.92,0.213,34.57,965.2,0.294,2.72,2.35,-6.481925,-50.41148,5.62,Alluvium_Unconsolidated,0,Brazil
416.6,4.49,0.208,30.7,1196.1,0.206,3.14,1.46,-5.779389,-49.992455,4.6,Alluvium_Unconsolidated,1,Brazil
416.84,1.99,0.497,29.05,1238.8,0.327,1.62,2.01,-6.14758,-49.85397,1.47,Alluvium_Unconsolidated,0,Brazil
364.01,3.67,0.307,29.89,890.5,0.358,2.14,1.88,-6.312487,-50.573191,2.63,Alluvium_Unconsolidated,0,Brazil
331.79,1.76,0.202,29.01,1232.4,0.309,3.07,1.38,-6.455342,-49.882645,5.54,Alluvium_Unconsolidated,0,Brazil
364.33,2.82,0.363,29.33,855.7,0.26,1.75,1.96,-5.646218,-50.709227,5.4,Alluvium_Unconsolidated,0,Brazil
374.97,3.23,0.39,29.57,853.6,0.359,2.57,1.31,-6.256485,-50.725576,5.16,Alluvium_Unconsolidated,0,Brazil
378.86,2.5,0.361,29.19,1242.4,0.36,2.09,1.41,-6.276097,-49.834057,5.59,Alluvium_Unconsolidated,0,Brazil
385.24,5.7,0.354,32.34,1171.2,0.36,3.18,2.07,-6.28067,-50.048568,4.82,Alluvium_Unconsolidated,1,Brazil
377.93,6.19,0.366,33.17,941.5,0.36,1.61,2.1,-6.272169,-50.456603,5.72,Alluvium_Unconsolidated,0,Brazil
401.8,4.37,0.243,30.56,901.7,0.219,1.65,2.49,-5.733963,-50.544002,4.49,Alluvium_Unconsolidated,0,Brazil
338.22,4.65,0.2,30.88,850.0,0.316,2.59,1.73,-6.441131,-50.784785,5.59,Alluvium_Unconsolidated,0,Brazil
447.34,3.29,0.409,29.61,853.4,0.253,2.08,2.05,-6.009185,-50.727942,3.26,Alluvium_Unconsolidated,0,Brazil
331.92,2.39,0.201,29.15,874.1,0.31,3.19,2.32,-6.45301,-50.623755,1.56,Alluvium_Unconsolidated,0,Brazil
341.1,4.59,0.496,30.81,905.6,0.327,2.92,1.99,-5.520995,-50.53432,3.95,Alluvium_Unconsolidated,1,Brazil
418.84,7.05,0.428,34.84,970.3,0.354,2.06,2.09,-6.228529,-50.402117,3.4,Alluvium_Unconsolidated,0,Brazil
355.38,3.91,0.245,30.1,1205.8,0.349,3.19,1.46,-6.360468,-49.967802,5.65,Alluvium_Unconsolidated,0,Brazil
463.7,6.91,0.403,34.54,1135.4,0.25,1.62,2.03,-6.004827,-50.118438,3.78,Alluvium_Unconsolidated,0,Brazil
399.4,6.5,0.313,33.73,1149.5,0.243,2.97,1.42,-5.679447,-50.091999,5.7,Alluvium_Unconsolidated,1,Brazil
362.92,7.86,0.246,36.66,1019.1,0.349,1.62,2.47,-6.36007,-50.317207,5.78,Alluvium_Unconsolidated,0,Brazil
405.76,3.85,0.25,30.05,1206.7,0.221,2.69,1.37,-5.728239,-49.965465,5.53,Alluvium_Unconsolidated,0,Brazil
392.4,8.0,0.435,37.0,1052.4,0.353,2.95,2.44,-6.222682,-50.261504,4.86,Alluvium_Unconsolidated,0,Brazil
371.82,7.44,0.352,35.67,988.1,0.256,2.74,2.39,-5.653547,-50.370331,5.08,Alluvium_Unconsolidated,0,Brazil
414.5,4.98,0.237,31.29,850.1,0.217,3.02,2.08,-5.739861,-50.799331,2.42,Alluvium_Unconsolidated,1,Brazil
382.6,6.78,0.36,34.27,1140.1,0.36,3.18,2.28,-6.276752,-50.109646,5.78,Alluvium_Unconsolidated,0,Brazil
379.69,7.88,0.354,36.72,1021.8,0.36,2.13,2.47,-6.280768,-50.312688,2.91,Alluvium_Unconsolidated,0,Brazil
378.23,5.65,0.31,32.26,1172.4,0.359,3.19,1.92,-6.310442,-50.045906,5.68,Alluvium_Unconsolidated,0,Brazil
418.32,4.63,0.466,30.86,1193.6,0.345,2.36,2.27,-6.195249,-49.998447,4.55,Alluvium_Unconsolidated,0,Brazil
391.33,7.29,0.401,35.34,980.6,0.358,2.0,2.23,-6.248295,-50.383575,3.86,Alluvium_Unconsolidated,0,Brazil
372.58,7.92,0.437,36.8,1026.3,0.289,3.2,2.42,-5.593023,-50.305131,3.33,Alluvium_Unconsolidated,0,Brazil
396.42,3.69,0.244,29.91,851.8,0.219,2.69,2.23,-5.733495,-50.744255,2.35,Alluvium_Unconsolidated,0,Brazil
433.8,4.92,0.382,31.22,911.9,0.243,3.2,1.45,-5.990801,-50.519499,5.61,Alluvium_Unconsolidated,0,Brazil
421.32,2.8,0.499,29.32,855.8,0.321,1.62,1.44,-6.135135,-50.708344,4.82,Alluvium_Unconsolidated,0,Brazil
355.25,6.43,0.476,33.6,948.4,0.31,3.09,2.39,-5.555125,-50.443049,2.18,Alluvium_Unconsolidated,0,Brazil
356.57,2.66,0.308,29.25,856.6,0.358,2.91,1.46,-6.311501,-50.702907,5.78,Alluvium_Unconsolidated,0,Brazil
444.35,2.04,0.451,29.05,1239.2,0.271,2.32,2.41,-6.043028,-49.852108,5.77,Alluvium_Unconsolidated,1,Brazil
329.83,6.26,0.212,33.3,943.6,0.295,2.93,2.44,-6.480415,-50.452544,5.77,Alluvium_Unconsolidated,0,Brazil
441.68,2.55,0.416,29.21,1242.7,0.256,2.72,2.44,-6.014381,-49.832207,5.16,Alluvium_Unconsolidated,0,Brazil
423.67,1.57,0.2,29.0,1235.4,0.202,2.8,1.97,-5.805485,-49.869906,5.76,Alluvium_Unconsolidated,1,Brazil
436.17,7.14,0.226,35.02,1126.1,0.203,2.16,1.42,-5.872184,-50.135362,5.43,Alluvium_Unconsolidated,0,Brazil
371.82,5.72,0.32,32.37,929.2,0.359,1.66,2.15,-6.303573,-50.481614,3.92,Alluvium_Unconsolidated,0,Brazil
350.12,2.63,0.211,29.24,856.8,0.334,3.18,1.84,-6.402483,-50.701934,1.44,Alluvium_Unconsolidated,1,Brazil
426.64,6.62,0.498,33.96,954.4,0.324,2.69,1.58,-6.141753,-50.431522,3.02,Alluvium_Unconsolidated,0,Brazil
430.55,4.21,0.483,30.39,899.0,0.291,2.55,1.31,-6.07784,-50.550652,1.93,Alluvium_Unconsolidated,1,Brazil
419.04,4.54,0.201,30.75,904.8,0.202,2.02,2.32,-5.79988,-50.536432,5.73,Alluvium_Unconsolidated,1,Brazil
365.84,2.23,0.283,29.1,872.3,0.356,2.66,1.75,-6.329457,-50.629991,5.46,Alluvium_Unconsolidated,1,Brazil
344.7,4.15,0.477,30.33,850.6,0.311,1.6,1.41,-5.55383,-50.763222,2.37,Alluvium_Unconsolidated,1,Brazil
398.97,6.19,0.326,33.17,941.6,0.247,2.04,2.48,-5.671103,-50.456475,4.97,Alluvium_Unconsolidated,0,Brazil
341.48,7.1,0.477,34.93,1127.9,0.311,2.09,2.09,-5.553626,-50.132157,2.23,Alluvium_Unconsolidated,0,Brazil
360.81,7.81,0.288,36.54,1246.7,0.356,2.38,1.44,25.089827,105.304156,0.98,Alluvium_Unconsolidated,0,China
345.36,5.83,0.215,32.55,1211.4,0.267,2.63,1.92,26.277369,105.453846,2.86,Alluvium_Unconsolidated,1,China
405.38,7.9,0.465,36.75,1171.5,0.257,2.77,2.34,28.989713,107.643798,1.68,Alluvium_Unconsolidated,0,China
402.15,7.01,0.265,34.74,1232.6,0.226,3.2,2.41,25.700823,105.383405,3.18,Alluvium_Unconsolidated,0,China
357.43,8.0,0.462,37.0,1193.3,0.214,3.07,1.51,28.359083,107.595133,2.48,Alluvium_Unconsolidated,1,China
374.95,4.21,0.319,30.39,1064.0,0.223,1.61,1.33,26.368752,104.743053,4.93,Alluvium_Unconsolidated,0,China
423.53,7.31,0.498,35.4,1134.8,0.23,1.87,2.34,29.042924,107.715466,5.76,Alluvium_Unconsolidated,0,China
333.25,2.32,0.313,29.13,1108.7,0.337,2.9,1.59,28.613143,104.819001,4.52,Alluvium_Unconsolidated,0,China
340.04,7.97,0.2,36.93,850.5,0.359,2.06,2.43,28.745681,108.407762,5.05,Alluvium_Unconsolidated,0,China
331.6,1.63,0.479,29.0,1123.7,0.239,2.36,2.04,27.228362,105.64121,4.57,Alluvium_Unconsolidated,0,China
314.1,7.33,0.428,35.44,869.2,0.36,2.15,1.3,26.020835,104.343438,5.42,Alluvium_Unconsolidated,0,China
438.87,7.85,0.323,36.65,1247.5,0.319,2.99,2.18,27.978172,105.190369,5.63,Alluvium_Unconsolidated,1,China
318.06,7.81,0.287,36.54,1214.6,0.2,3.17,2.21,27.375418,107.539131,1.05,Alluvium_Unconsolidated,0,China
335.61,6.68,0.269,34.07,991.2,0.34,1.63,2.16,26.132611,105.866354,4.26,Alluvium_Unconsolidated,0,China
381.63,6.73,0.35,34.17,989.4,0.2,3.16,2.39,28.274296,104.617094,0.9,Alluvium_Unconsolidated,0,China
356.7,6.58,0.432,33.89,994.7,0.287,2.28,2.48,25.818678,104.626331,4.94,Alluvium_Unconsolidated,0,China
435.36,7.52,0.374,35.86,874.0,0.271,2.84,1.51,26.687485,106.125449,4.12,Alluvium_Unconsolidated,0,China
422.14,3.34,0.5,29.64,1214.1,0.21,2.93,1.3,26.549521,107.134901,3.92,Alluvium_Unconsolidated,0,China
441.54,5.83,0.467,32.55,1211.5,0.356,2.42,2.03,27.870186,105.4537,4.45,Alluvium_Unconsolidated,0,China
425.06,7.59,0.3,36.01,1242.8,0.31,2.02,2.46,27.994488,105.333086,1.59,Alluvium_Unconsolidated,0,China
310.99,2.94,0.288,29.39,1005.3,0.2,1.63,2.02,27.374173,107.936495,4.6,Alluvium_Unconsolidated,0,China
408.77,7.58,0.203,35.99,951.8,0.234,1.77,2.5,28.138408,104.548602,2.92,Alluvium_Unconsolidated,0,China
338.55,1.51,0.498,29.0,1126.7,0.235,1.6,2.47,28.413733,104.850994,5.63,Alluvium_Unconsolidated,0,China
443.28,6.45,0.465,33.64,1100.8,0.279,1.73,1.49,25.35907,107.775685,2.95,Alluvium_Unconsolidated,0,China
345.63,4.61,0.462,30.84,1046.4,0.302,1.64,2.39,25.84513,107.867363,4.29,Alluvium_Unconsolidated,0,China
350.21,5.73,0.487,32.38,1022.4,0.318,3.03,2.39,25.876285,105.813082,5.35,Alluvium_Unconsolidated,0,China
410.32,2.17,0.2,29.09,1140.7,0.201,2.72,1.33,25.604516,104.876616,2.12,Alluvium_Unconsolidated,1,China
355.21,7.85,0.264,36.64,852.5,0.271,1.87,1.62,27.585114,108.331798,5.76,Alluvium_Unconsolidated,0,China
371.56,7.92,0.285,36.8,892.6,0.327,2.71,2.49,28.857964,104.417873,3.2,Alluvium_Unconsolidated,0,China
438.75,5.95,0.274,32.75,1164.9,0.309,3.01,2.32,26.756466,107.018182,5.57,Alluvium_Unconsolidated,0,China
407.93,7.67,0.465,36.21,1002.5,0.344,1.8,1.44,27.732968,106.734197,3.22,Alluvium_Unconsolidated,0,China
336.54,7.05,0.479,34.84,864.0,0.22,2.98,1.9,28.377466,106.165265,5.67,Alluvium_Unconsolidated,0,China
392.03,3.94,0.231,30.12,924.1,0.304,1.74,1.84,29.439112,108.088267,5.47,Alluvium_Unconsolidated,0,China
424.99,7.92,0.373,36.8,892.8,0.334,3.12,2.31,27.945013,104.41825,3.72,Alluvium_Unconsolidated,1,China
340.26,7.16,0.202,35.07,1234.2,0.301,1.96,1.91,26.217159,107.471308,4.55,Alluvium_Unconsolidated,0,China
415.0,4.19,0.471,30.37,1180.7,0.2,3.18,1.3,26.483757,104.957245,5.76,Alluvium_Unconsolidated,0,China
385.05,2.65,0.365,29.25,1243.3,0.212,2.28,2.1,26.399269,107.251206,5.71,Alluvium_Unconsolidated,0,China
443.61,7.92,0.45,36.81,1248.7,0.353,3.14,2.49,27.887584,105.281739,4.61,Alluvium_Unconsolidated,0,China
396.99,3.06,0.213,29.46,882.1,0.225,3.16,1.32,28.159064,104.004543,5.8,Alluvium_Unconsolidated,1,China
414.96,6.22,0.205,33.21,1007.1,0.356,1.98,1.71,26.885435,104.647657,5.78,Alluvium_Unconsolidated,1,China
341.4,5.16,0.205,31.54,1199.2,0.306,3.02,1.5,26.206663,105.486304,2.33,Alluvium_Unconsolidated,0,China
344.57,5.68,0.205,32.31,1208.7,0.279,2.76,1.8,26.257286,105.461475,1.79,Alluvium_Unconsolidated,1,China
376.52,5.99,0.346,32.82,1085.7,0.346,1.76,1.33,27.014734,107.801573,2.77,Alluvium_Unconsolidated,1,China
327.5,4.96,0.438,31.26,1055.6,0.359,2.41,2.31,26.012458,107.85205,5.8,Alluvium_Unconsolidated,1,China
315.7,7.93,0.279,36.82,1027.7,0.346,1.76,1.3,28.637669,106.776888,5.47,Alluvium_Unconsolidated,0,China
440.13,6.23,0.266,33.23,1006.7,0.22,3.06,1.56,29.276021,104.646977,2.58,Alluvium_Unconsolidated,0,China
387.42,3.14,0.42,29.51,1010.0,0.282,1.62,2.08,25.809892,107.928398,3.99,Alluvium_Unconsolidated,0,China
339.39,6.67,0.49,34.06,858.8,0.321,1.79,1.33,25.881774,106.191581,5.58,Alluvium_Unconsolidated,0,China
367.09,2.51,0.402,29.19,1104.4,0.331,3.18,1.31,27.052764,105.675101,5.76,Alluvium_Unconsolidated,0,China
341.57,5.87,0.479,32.61,1212.1,0.298,2.71,2.2,27.120787,105.451832,3.15,Alluvium_Unconsolidated,1,China
394.17,5.24,0.435,31.65,1181.6,0.353,2.78,2.25,25.193079,107.053622,1.59,Alluvium_Unconsolidated,0,China
352.92,1.63,0.41,29.0,1123.7,0.329,3.14,1.36,27.059032,105.641203,5.77,Alluvium_Unconsolidated,0,China
411.37,5.16,0.473,31.53,1199.0,0.343,2.43,1.44,25.228775,105.48669,4.14,Alluvium_Unconsolidated,0,China
417.53,5.63,0.492,32.23,1207.8,0.36,1.86,2.25,27.835339,105.022827,3.76,Alluvium_Unconsolidated,0,China
358.22,6.62,0.465,33.96,874.3,0.306,2.12,2.19,27.105529,108.219015,2.48,Alluvium_Unconsolidated,1,China
354.0,7.53,0.49,35.89,1241.9,0.349,1.65,1.32,25.955687,105.338562,4.13,Alluvium_Unconsolidated,0,China
357.5,4.39,0.3,30.59,1184.7,0.358,3.18,2.11,25.09883,105.520691,4.64,Alluvium_Unconsolidated,0,China
323.74,7.78,0.286,36.47,1246.2,0.345,1.64,2.15,26.119452,105.178062,5.8,Alluvium_Unconsolidated,0,China
454.9,6.12,0.334,33.04,1010.2,0.206,2.74,1.8,29.227529,104.653031,5.09,Alluvium_Unconsolidated,0,China
379.99,7.87,0.3,36.69,930.9,0.354,1.94,1.34,26.983997,104.507222,5.8,Alluvium_Unconsolidated,0,China
374.48,3.04,0.405,29.45,941.7,0.33,3.2,1.84,27.055047,108.052074,2.62,Alluvium_Unconsolidated,0,China
404.84,5.08,0.226,31.43,1041.0,0.36,2.87,1.85,26.920948,105.781981,4.36,Alluvium_Unconsolidated,0,China
430.06,2.69,0.225,29.27,1243.5,0.331,1.6,1.74,26.802634,107.25286,5.39,Alluvium_Unconsolidated,0,China
423.47,7.77,0.2,36.44,939.7,0.268,2.48,2.03,29.374955,105.961622,5.76,Alluvium_Unconsolidated,0,China
414.77,3.34,0.201,29.64,853.1,0.238,3.13,1.48,28.1295,104.137059,3.9,Alluvium_Unconsolidated,0,China
393.03,3.09,0.372,29.48,882.5,0.297,1.65,2.3,28.917328,106.48338,1.07,Alluvium_Unconsolidated,1,China
329.31,4.64,0.449,30.86,1189.3,0.225,1.61,1.32,27.260132,104.976477,4.92,Alluvium_Unconsolidated,0,China
396.24,7.69,0.257,36.25,879.7,0.359,2.05,2.5,26.95113,106.106696,5.68,Alluvium_Unconsolidated,0,China
348.62,6.17,0.201,33.12,1245.7,0.219,3.19,1.38,27.476492,107.407018,2.01,Alluvium_Unconsolidated,1,China
349.38,5.17,0.468,31.56,850.3,0.305,1.67,1.35,25.851349,106.271252,4.82,Alluvium_Unconsolidated,0,China
463.91,7.46,0.355,35.72,859.5,0.203,1.72,2.06,29.213288,108.282067,3.15,Alluvium_Unconsolidated,0,China
406.66,7.9,0.454,36.75,1076.7,0.2,1.91,1.56,26.466425,106.858855,5.8,Alluvium_Unconsolidated,0,China
418.65,7.51,0.5,35.83,955.6,0.227,1.89,2.26,29.052077,104.555892,5.78,Alluvium_Unconsolidated,0,China
330.74,6.87,0.369,34.46,1230.1,0.206,2.33,1.36,27.319271,105.093567,1.38,Alluvium_Unconsolidated,0,China
413.0,7.41,0.49,35.61,1139.3,0.24,2.07,2.38,29.02314,107.707113,5.63,Alluvium_Unconsolidated,0,China
359.96,2.98,0.297,29.42,1157.1,0.323,2.11,2.45,28.866693,105.578502,2.42,Alluvium_Unconsolidated,0,China
418.17,7.92,0.234,36.82,1027.2,0.204,1.61,1.33,25.535146,106.776054,3.74,Alluvium_Unconsolidated,0,China
424.62,2.82,0.461,29.33,1244.3,0.236,2.84,1.31,26.620629,107.257981,5.79,Alluvium_Unconsolidated,0,China
394.9,8.0,0.441,37.0,1250.0,0.201,2.28,2.15,26.45421,105.242829,4.92,Alluvium_Unconsolidated,0,China
325.88,7.17,0.281,35.1,971.6,0.2,2.63,2.5,27.379589,104.585398,5.37,Alluvium_Unconsolidated,0,China
450.75,5.7,0.356,32.34,851.8,0.203,2.73,1.85,29.212805,106.24573,5.09,Alluvium_Unconsolidated,0,China
421.89,5.82,0.247,32.53,1168.3,0.211,2.96,1.72,28.198192,107.025087,4.92,Alluvium_Unconsolidated,0,China
406.03,7.69,0.456,36.25,1220.3,0.261,3.2,1.99,28.981582,107.521714,5.39,Alluvium_Unconsolidated,0,China
390.99,3.18,0.374,29.54,1011.0,0.313,3.2,2.23,27.661842,107.926721,5.47,Alluvium_Unconsolidated,0,China
354.83,1.93,0.276,29.04,861.6,0.355,2.78,1.32,25.080827,104.081876,1.66,Alluvium_Unconsolidated,1,China
335.29,4.51,0.241,30.72,1186.9,0.331,1.9,2.45,26.156521,104.971022,1.13,Alluvium_Unconsolidated,1,China
444.79,2.94,0.2,29.39,1156.2,0.353,1.6,1.45,26.865884,105.580304,5.24,Alluvium_Unconsolidated,0,China
324.13,6.84,0.291,34.41,1239.1,0.343,2.48,2.24,28.628578,107.448118,4.76,Alluvium_Unconsolidated,0,China
445.5,6.52,0.369,33.78,996.7,0.273,1.6,2.38,26.691001,105.856826,5.52,Alluvium_Unconsolidated,1,China
363.94,4.85,0.466,31.12,1047.4,0.304,2.61,2.4,25.849772,105.771278,2.4,Alluvium_Unconsolidated,1,China
329.67,6.99,0.495,34.7,979.4,0.254,2.98,1.89,27.20032,104.599542,3.44,Alluvium_Unconsolidated,0,China
342.97,7.99,0.2,36.97,850.2,0.289,2.84,2.43,26.237858,108.370605,4.12,Alluvium_Unconsolidated,0,China
425.87,7.33,0.493,35.44,964.4,0.218,1.87,1.71,26.577698,105.9144,1.35,Alluvium_Unconsolidated,0,China
408.06,7.18,0.297,35.1,971.4,0.203,2.84,2.42,28.238465,104.58517,4.51,Alluvium_Unconsolidated,0,China
350.21,5.3,0.467,31.74,1180.3,0.304,1.7,1.67,25.850226,107.050573,3.46,Alluvium_Unconsolidated,0,China
320.39,5.88,0.214,32.63,1212.3,0.316,1.6,2.48,26.188094,105.035295,5.43,Alluvium_Unconsolidated,0,China
430.15,6.85,0.202,34.41,962.3,0.2,1.69,1.8,25.587456,106.662921,4.94,Alluvium_Unconsolidated,0,China
416.79,7.83,0.471,36.58,1247.0,0.253,3.15,1.31,28.996499,105.185409,4.48,Alluvium_Unconsolidated,0,China
354.09,7.6,0.201,36.04,857.0,0.219,3.0,1.36,27.477794,108.296711,2.11,Alluvium_Unconsolidated,0,China
372.6,2.1,0.457,29.07,1113.6,0.299,1.68,2.08,25.840502,104.827635,1.68,Alluvium_Unconsolidated,0,China
376.43,4.92,0.33,31.21,850.1,0.312,2.41,1.75,28.889095,106.282996,4.27,Alluvium_Unconsolidated,0,China
402.62,4.37,0.233,30.56,1184.3,0.36,1.62,1.3,26.927882,105.521605,5.75,Alluvium_Unconsolidated,0,China
362.83,5.59,0.224,32.17,851.4,0.341,2.84,1.39,25.033381,106.251149,4.51,Alluvium_Unconsolidated,1,China
414.66,4.18,0.462,30.36,919.4,0.277,2.76,2.45,25.362223,108.098515,3.53,Alluvium_Unconsolidated,0,China
344.13,8.0,0.449,36.99,904.9,0.21,2.97,1.55,28.346542,104.449102,3.52,Alluvium_Unconsolidated,0,China
384.62,6.57,0.381,33.87,994.9,0.293,2.52,1.85,28.923361,105.859912,1.76,Alluvium_Unconsolidated,1,China
378.58,7.28,0.265,35.32,868.0,0.32,2.99,2.35,29.470331,104.338773,3.33,Alluvium_Unconsolidated,0,China
436.67,7.74,0.229,36.36,881.7,0.235,1.88,1.51,29.310727,104.386406,4.0,Alluvium_Unconsolidated,0,China
442.92,5.47,0.36,31.99,1029.9,0.203,2.42,2.22,29.209898,105.800469,4.23,Alluvium_Unconsolidated,0,China
338.12,2.91,0.202,29.37,1095.5,0.36,3.16,1.3,28.731186,104.796179,4.25,Alluvium_Unconsolidated,0,China
320.44,5.74,0.247,32.4,852.0,0.353,2.55,2.47,28.663769,104.242813,5.07,Alluvium_Unconsolidated,0,China
435.62,5.65,0.498,32.26,891.8,0.36,1.76,2.31,27.819671,108.165445,2.79,Alluvium_Unconsolidated,0,China
384.5,7.11,0.346,34.96,972.8,0.346,2.76,1.31,27.014878,106.681971,5.69,Alluvium_Unconsolidated,0,China
401.65,5.46,0.492,31.97,1249.0,0.202,3.06,1.99,26.513075,107.370619,5.34,Alluvium_Unconsolidated,0,China
366.0,7.89,0.394,36.72,1170.3,0.334,1.62,1.53,27.047456,107.646173,3.86,Alluvium_Unconsolidated,0,China
394.88,6.29,0.354,33.35,880.1,0.36,1.61,1.65,25.135499,108.199554,5.65,Alluvium_Unconsolidated,0,China
446.87,7.95,0.404,36.88,896.1,0.26,2.25,1.62,26.666739,106.059599,2.01,Alluvium_Unconsolidated,1,China
391.61,1.81,0.383,29.02,868.1,0.293,1.61,1.31,28.924886,104.053342,5.01,Alluvium_Unconsolidated,0,China
323.71,2.73,0.371,29.29,1222.0,0.207,1.88,1.33,27.317817,107.159311,5.78,Alluvium_Unconsolidated,0,China
317.43,2.61,0.494,29.23,1102.1,0.347,2.91,2.33,25.947227,105.679027,4.61,Alluvium_Unconsolidated,0,China
420.01,6.56,0.201,33.84,995.6,0.202,3.02,1.73,25.616618,104.627888,5.26,Alluvium_Unconsolidated,0,China
313.48,7.45,0.342,35.7,872.1,0.355,2.12,2.28,26.080588,106.132496,5.3,Alluvium_Unconsolidated,0,China
442.03,7.98,0.272,36.95,1038.2,0.299,2.5,1.68,28.015186,106.794408,4.85,Alluvium_Unconsolidated,0,China
381.0,5.5,0.372,32.03,1029.1,0.312,2.94,1.89,27.660551,104.68481,4.77,Alluvium_Unconsolidated,0,China
383.07,4.55,0.322,30.76,912.3,0.201,1.85,1.84,28.255556,108.11441,1.57,Alluvium_Unconsolidated,0,China
446.58,6.36,0.295,33.47,1002.4,0.213,1.78,2.18,29.254483,105.847013,5.55,Alluvium_Unconsolidated,0,China
336.3,2.21,0.269,29.1,1111.1,0.2,1.61,1.99,27.388691,104.823221,5.69,Alluvium_Unconsolidated,0,China
352.34,3.5,0.205,29.75,1247.5,0.329,3.05,1.45,25.002153,107.284879,2.72,Alluvium_Unconsolidated,0,China
321.87,4.61,0.25,30.83,911.2,0.334,1.94,2.47,26.147789,108.11706,0.9,Alluvium_Unconsolidated,1,China
337.7,3.37,0.49,29.66,935.2,0.247,2.08,1.33,27.212332,108.065167,2.17,Alluvium_Unconsolidated,0,China
357.53,7.99,0.48,36.98,913.4,0.296,1.67,1.99,27.12296,104.469091,1.4,Alluvium_Unconsolidated,1,China
403.37,1.95,0.445,29.04,983.1,0.267,1.65,2.01,28.970989,107.974954,1.13,Alluvium_Unconsolidated,1,China
391.62,5.77,0.306,32.46,852.1,0.202,1.69,1.38,28.244683,104.244638,5.03,Alluvium_Unconsolidated,0,China
422.95,5.92,0.344,32.7,1016.5,0.231,1.82,1.32,25.451017,104.663696,5.07,Alluvium_Unconsolidated,0,China
334.71,8.0,0.489,37.0,1051.1,0.264,2.96,1.91,28.469919,106.815914,1.75,Alluvium_Unconsolidated,0,China
409.05,7.46,0.494,35.73,958.0,0.213,2.77,2.35,29.088507,105.926358,1.76,Alluvium_Unconsolidated,0,China
422.69,1.53,0.202,29.0,972.8,0.2,2.97,1.32,25.589163,107.993454,1.84,Alluvium_Unconsolidated,1,China
387.16,3.15,0.382,29.51,883.2,0.209,1.78,1.67,26.410922,104.001249,3.06,Alluvium_Unconsolidated,0,China
367.93,7.2,0.352,35.16,970.2,0.2,1.74,2.31,28.276,105.903719,2.49,Alluvium_Unconsolidated,0,China
312.65,6.38,0.204,33.5,855.9,0.305,1.69,2.06,26.208782,104.277347,1.78,Alluvium_Unconsolidated,1,China
415.94,7.64,0.491,36.14,877.9,0.298,2.53,2.42,25.324735,106.112277,5.0,Alluvium_Unconsolidated,0,China
323.85,7.76,0.497,36.43,1090.4,0.344,1.84,2.48,25.937387,106.881912,1.7,Alluvium_Unconsolidated,0,China
444.71,7.97,0.401,36.92,898.7,0.2,1.6,2.35,29.182463,106.053024,2.15,Alluvium_Unconsolidated,1,China
312.38,7.73,0.398,36.34,881.4,0.36,1.77,1.31,26.042512,104.385343,5.49,Alluvium_Unconsolidated,0,China
444.76,7.97,0.475,36.94,1181.6,0.229,1.72,2.38,26.604606,107.621995,5.56,Alluvium_Unconsolidated,0,China
446.05,5.72,0.25,32.37,851.9,0.207,2.48,2.48,25.520195,106.244841,1.39,Alluvium_Unconsolidated,1,China
377.67,2.86,0.294,29.35,1154.6,0.284,3.17,2.49,27.608076,104.903187,4.49,Alluvium_Unconsolidated,0,China
405.3,5.94,0.219,32.73,934.7,0.359,3.0,1.32,26.910904,106.609261,3.24,Alluvium_Unconsolidated,1,China
374.05,7.68,0.274,36.24,879.5,0.323,2.87,2.06,29.478134,106.107171,5.8,Alluvium_Unconsolidated,0,China
326.92,7.8,0.324,36.51,1162.5,0.201,3.14,2.5,27.349204,107.662185,4.67,Alluvium_Unconsolidated,0,China
421.31,7.74,0.2,36.37,881.8,0.264,3.12,2.44,29.366797,106.099961,1.69,Alluvium_Unconsolidated,0,China
420.11,4.09,0.426,30.27,850.7,0.347,2.05,2.46,27.906686,104.167868,3.46,Alluvium_Unconsolidated,0,China
327.75,6.98,0.378,34.69,1237.2,0.359,2.0,1.34,26.056665,107.457844,5.76,Alluvium_Unconsolidated,0,China
417.42,4.71,0.494,30.95,1190.6,0.203,3.14,1.3,26.518822,104.979581,4.01,Alluvium_Unconsolidated,1,China
330.44,3.54,0.201,29.79,852.4,0.227,2.95,1.34,27.498714,104.144967,3.73,Alluvium_Unconsolidated,1,China
355.89,1.62,0.302,29.0,1233.7,0.228,1.7,2.13,26.356685,107.202405,2.04,Alluvium_Unconsolidated,1,China
436.42,7.83,0.262,36.59,886.6,0.21,1.63,2.17,25.509981,106.085638,5.79,Alluvium_Unconsolidated,0,China
340.93,5.42,0.497,31.92,1204.0,0.279,2.08,1.74,27.153773,105.012715,2.11,Alluvium_Unconsolidated,0,China
402.2,5.78,0.427,32.47,930.8,0.203,3.19,2.32,26.443194,106.601272,5.65,Alluvium_Unconsolidated,1,China
430.31,4.94,0.235,31.24,905.0,0.282,3.2,1.33,28.047035,108.131694,2.47,Alluvium_Unconsolidated,0,China
416.12,2.19,0.204,29.09,988.4,0.356,1.66,2.31,26.884448,107.965753,1.26,Alluvium_Unconsolidated,1,China
401.69,7.53,0.491,35.89,858.1,0.239,3.14,1.33,29.025444,108.289587,4.68,Alluvium_Unconsolidated,0,China
439.12,8.0,0.368,37.0,1250.0,0.273,2.29,1.3,26.691554,105.24353,5.72,Alluvium_Unconsolidated,0,China
304.69,3.53,0.298,29.78,852.4,0.348,3.2,1.7,26.110572,106.342245,3.3,Alluvium_Unconsolidated,0,China
396.37,7.97,0.433,36.93,898.9,0.353,3.03,2.09,25.191767,106.052409,2.97,Alluvium_Unconsolidated,0,China
334.73,1.59,0.206,29.0,1235.6,0.277,1.73,2.46,26.259961,107.210471,5.3,Alluvium_Unconsolidated,0,China
446.8,1.52,0.267,29.0,1126.9,0.22,2.83,1.41,29.275297,105.63535,1.22,Alluvium_Unconsolidated,0,China
430.04,7.02,0.273,34.76,978.2,0.213,1.85,1.38,25.500456,104.597302,4.85,Alluvium_Unconsolidated,0,China
326.67,5.45,0.216,31.95,1030.6,0.359,2.31,1.3,28.69848,105.799324,3.8,Alluvium_Unconsolidated,0,China
354.22,7.45,0.264,35.7,872.1,0.241,2.81,2.18,26.328324,106.132334,5.76,Alluvium_Unconsolidated,0,China
394.3,7.62,0.406,36.09,877.2,0.205,3.0,2.5,26.427971,104.37194,5.6,Alluvium_Unconsolidated,0,China
345.24,7.92,0.242,36.81,926.1,0.342,2.86,2.41,28.82226,104.497105,4.23,Alluvium_Unconsolidated,0,China
419.25,6.07,0.428,32.96,1011.8,0.25,3.04,2.5,26.648952,104.655676,5.38,Alluvium_Unconsolidated,0,China
363.23,3.15,0.307,29.52,1246.0,0.32,1.61,1.62,28.873743,107.271051,4.99,Alluvium_Unconsolidated,0,China
372.44,3.12,0.309,29.5,854.1,0.319,1.61,1.61,28.875293,104.128217,5.02,Alluvium_Unconsolidated,0,China
310.07,6.73,0.201,34.17,1141.9,0.286,3.11,1.85,26.243666,106.973272,3.6,Alluvium_Unconsolidated,1,China
403.03,2.23,0.461,29.1,1110.6,0.347,1.65,2.07,25.216519,105.664314,4.45,Alluvium_Unconsolidated,0,China
352.72,4.38,0.261,30.58,1198.0,0.242,1.81,1.89,26.32557,107.091908,5.64,Alluvium_Unconsolidated,0,China
418.7,3.51,0.204,29.76,1167.5,0.2,2.62,1.49,25.580771,104.92908,2.91,Alluvium_Unconsolidated,0,China
409.19,4.89,0.223,31.18,1053.7,0.219,2.99,2.33,28.173473,107.855104,3.32,Alluvium_Unconsolidated,0,China
381.75,5.17,0.388,31.55,900.7,0.201,1.6,1.95,28.300059,108.142305,5.26,Alluvium_Unconsolidated,0,China
395.25,7.08,0.341,34.89,975.6,0.347,2.8,1.82,27.011763,105.893937,1.47,Alluvium_Unconsolidated,0,China
376.15,6.4,0.41,33.55,1243.9,0.329,2.65,2.32,27.058585,107.420532,2.72,Alluvium_Unconsolidated,1,China
398.61,3.51,0.268,29.77,888.2,0.321,1.89,2.18,29.472957,106.50009,4.62,Alluvium_Unconsolidated,0,China
389.25,7.01,0.227,34.76,1121.7,0.213,3.15,2.06,25.664741,107.739074,5.79,Alluvium_Unconsolidated,0,China
317.33,6.19,0.215,33.16,882.1,0.359,2.06,1.99,28.700179,108.193569,5.66,Alluvium_Unconsolidated,0,China
411.03,3.21,0.5,29.55,1088.4,0.318,1.85,1.87,25.287264,105.702563,3.73,Alluvium_Unconsolidated,0,China
359.31,3.91,0.247,30.1,924.6,0.349,2.52,1.67,25.057134,108.087324,4.92,Alluvium_Unconsolidated,0,China
319.95,6.27,0.43,33.32,1005.2,0.36,2.62,2.46,26.019184,105.842307,2.91,Alluvium_Unconsolidated,1,China
377.37,2.93,0.399,29.39,855.1,0.273,1.65,1.82,25.794221,106.366004,4.53,Alluvium_Unconsolidated,0,China
443.02,6.71,0.244,34.13,990.1,0.322,3.03,2.1,26.781988,104.618445,2.56,Alluvium_Unconsolidated,0,China
406.85,7.12,0.218,34.99,973.2,0.221,1.82,2.5,28.167225,106.682795,1.9,Alluvium_Unconsolidated,0,China
432.12,4.89,0.498,31.17,1046.3,0.36,1.65,1.38,27.82092,105.773133,5.79,Alluvium_Unconsolidated,0,China
340.33,4.98,0.214,31.3,1195.8,0.269,2.39,1.77,26.275301,105.494739,4.4,Alluvium_Unconsolidated,0,China
342.54,2.89,0.203,29.37,855.3,0.232,2.91,1.42,27.509978,104.11914,4.08,Alluvium_Unconsolidated,0,China
353.0,5.25,0.23,31.66,1181.4,0.257,2.26,1.88,26.29712,107.05312,5.02,Alluvium_Unconsolidated,0,China
331.29,7.4,0.471,35.59,986.1,0.278,3.18,1.45,28.495136,106.705794,4.76,Alluvium_Unconsolidated,0,China
394.55,7.12,0.31,34.98,973.8,0.201,1.62,2.23,28.24737,105.897256,1.54,Alluvium_Unconsolidated,1,China
432.11,7.95,0.388,36.88,850.9,0.338,3.14,2.39,27.934544,108.353624,4.63,Alluvium_Unconsolidated,0,China
330.18,7.79,0.483,36.48,1246.3,0.352,1.69,1.3,25.96596,105.307795,3.52,Alluvium_Unconsolidated,0,China
429.19,6.05,0.213,32.93,1012.3,0.201,2.76,1.43,25.562333,104.65655,3.52,Alluvium_Unconsolidated,1,China
391.28,7.24,0.426,35.23,1232.8,0.203,3.06,2.49,26.442494,107.47711,5.35,Alluvium_Unconsolidated,0,China
390.97,7.78,0.283,36.47,938.6,0.204,1.7,1.91,28.228317,105.963949,1.95,Alluvium_Unconsolidated,0,China
433.19,8.0,0.213,36.99,1250.0,0.201,1.7,2.48,25.562421,105.250231,1.94,Alluvium_Unconsolidated,0,China
414.14,7.27,0.201,35.3,1237.2,0.349,2.71,1.37,26.852368,105.363261,5.59,Alluvium_Unconsolidated,0,China
411.61,7.81,0.499,36.54,853.3,0.358,2.41,2.46,27.792521,108.32453,5.8,Alluvium_Unconsolidated,0,China
428.31,3.11,0.297,29.49,1245.8,0.218,3.2,2.5,25.48331,107.269355,2.68,Alluvium_Unconsolidated,1,China
408.6,2.87,0.25,29.36,1155.0,0.314,1.7,1.61,29.458209,104.903942,5.67,Alluvium_Unconsolidated,0,China
400.1,3.8,0.315,30.0,1207.5,0.243,2.2,1.3,25.737383,107.116528,3.08,Alluvium_Unconsolidated,0,China
434.56,2.3,0.297,29.12,1143.2,0.3,2.25,2.08,26.739881,105.605331,3.4,Alluvium_Unconsolidated,0,China
350.66,7.62,0.499,36.09,1222.8,0.272,1.61,2.43,27.165956,107.513488,1.83,Alluvium_Unconsolidated,1,China
400.59,7.83,0.217,36.59,1165.3,0.359,2.58,1.32,26.908017,107.656513,3.18,Alluvium_Unconsolidated,0,China
388.14,6.53,0.464,33.78,1242.7,0.2,3.06,2.33,26.476157,107.427868,5.38,Alluvium_Unconsolidated,0,China
328.81,5.55,0.499,32.11,1206.4,0.341,3.2,1.82,25.929854,105.019024,2.22,Alluvium_Unconsolidated,1,China
425.18,3.0,0.293,29.43,1157.6,0.217,3.2,1.83,25.485724,104.909023,5.44,Alluvium_Unconsolidated,0,China
435.19,6.1,0.251,33.0,1216.3,0.225,1.66,2.49,29.288551,105.047073,3.96,Alluvium_Unconsolidated,0,China
457.94,6.31,0.4,33.38,1096.0,0.261,3.1,2.49,26.669466,107.783943,5.66,Alluvium_Unconsolidated,0,China
339.52,7.69,0.207,36.25,1154.8,0.309,3.01,1.31,26.200859,107.677582,3.09,Alluvium_Unconsolidated,0,China
369.98,6.33,0.275,33.42,1003.3,0.355,2.99,2.5,25.080055,104.641199,3.32,Alluvium_Unconsolidated,0,China
320.37,4.69,0.308,30.92,850.0,0.339,2.36,2.45,28.617212,106.293289,1.13,Alluvium_Unconsolidated,1,China
327.78,7.63,0.298,36.12,1222.4,0.342,2.1,2.0,28.624036,107.515039,2.33,Alluvium_Unconsolidated,1,China
424.63,5.53,0.5,32.08,851.2,0.359,2.94,2.44,27.799855,106.254109,1.55,Alluvium_Unconsolidated,0,China
436.27,6.61,0.234,33.95,1225.6,0.281,1.61,2.47,28.04824,105.409678,5.74,Alluvium_Unconsolidated,0,China
336.33,7.04,0.467,34.82,970.0,0.356,2.63,2.02,25.985518,106.676889,5.36,Alluvium_Unconsolidated,1,China
321.19,7.76,0.229,36.41,1009.0,0.357,1.65,1.38,28.682003,106.7454,4.57,Alluvium_Unconsolidated,0,China
335.93,8.0,0.207,37.0,850.0,0.237,2.14,1.32,27.519196,108.380363,5.45,Alluvium_Unconsolidated,0,China
438.07,7.76,0.404,36.43,940.0,0.26,1.74,1.97,26.667001,105.961011,5.5,Alluvium_Unconsolidated,0,China
417.18,3.33,0.302,29.63,1085.5,0.298,2.54,2.5,26.736267,104.779285,3.47,Alluvium_Unconsolidated,0,China
330.77,7.84,0.217,36.61,1213.0,0.359,1.6,2.23,28.697986,107.54378,5.22,Alluvium_Unconsolidated,0,China
307.28,3.69,0.367,29.91,1209.2,0.322,2.25,2.4,28.577241,107.120923,5.65,Alluvium_Unconsolidated,1,China
348.31,7.79,0.262,36.49,938.2,0.352,2.21,2.37,25.069802,104.522012,5.57,Alluvium_Unconsolidated,1,China
443.73,3.0,0.446,29.43,1093.3,0.201,3.2,2.15,29.146946,105.694216,5.55,Alluvium_Unconsolidated,0,China
363.7,1.8,0.397,29.02,979.9,0.202,2.17,2.44,28.306222,107.980776,2.85,Alluvium_Unconsolidated,1,China
411.37,5.76,0.218,32.43,1210.1,0.295,2.56,1.93,29.423757,105.457475,3.34,Alluvium_Unconsolidated,1,China
420.7,2.17,0.416,29.08,859.9,0.345,1.74,2.27,27.91479,104.090945,5.48,Alluvium_Unconsolidated,0,China
337.19,5.29,0.455,31.72,919.5,0.211,1.74,1.63,28.351619,106.577213,5.48,Alluvium_Unconsolidated,1,China
339.89,6.74,0.493,34.2,859.6,0.323,1.77,1.34,25.887524,106.186859,5.52,Alluvium_Unconsolidated,0,China
393.16,7.99,0.307,36.96,901.7,0.24,2.96,2.49,25.732153,104.441314,4.93,Alluvium_Unconsolidated,0,China
373.42,8.0,0.246,37.0,907.9,0.349,1.76,2.24,25.055918,104.456387,2.76,Alluvium_Unconsolidated,1,China
415.18,6.69,0.499,34.09,873.1,0.211,2.34,1.31,26.55538,108.223217,4.63,Alluvium_Unconsolidated,0,China
441.59,2.18,0.393,29.09,871.8,0.339,1.84,2.41,27.930968,106.447683,3.66,Alluvium_Unconsolidated,0,China
423.94,3.34,0.471,29.64,1164.2,0.282,1.7,1.31,25.353134,105.564406,1.96,Alluvium_Unconsolidated,0,China
414.51,7.72,0.479,36.32,943.2,0.358,3.17,1.54,27.856361,104.531904,4.45,Alluvium_Unconsolidated,0,China
399.37,7.74,0.214,36.38,882.0,0.292,3.19,2.29,29.417869,106.099261,3.54,Alluvium_Unconsolidated,0,China
431.65,6.16,0.407,33.11,854.2,0.259,1.68,1.45,26.664844,104.264986,3.75,Alluvium_Unconsolidated,0,China
331.79,7.56,0.223,35.95,857.7,0.322,1.84,2.42,26.176358,108.292362,4.95,Alluvium_Unconsolidated,0,China
423.11,7.19,0.205,35.12,1233.7,0.257,2.44,2.28,28.092456,107.473119,4.1,Alluvium_Unconsolidated,0,China
387.55,2.1,0.364,29.07,1139.2,0.36,2.17,2.3,25.142101,104.873855,2.81,Alluvium_Unconsolidated,0,China
342.1,3.47,0.474,29.73,852.6,0.218,1.62,1.63,28.372098,104.142106,1.4,Alluvium_Unconsolidated,0,China
372.02,3.24,0.446,29.57,884.5,0.294,2.01,2.09,25.830329,106.4892,4.81,Alluvium_Unconsolidated,0,China
425.69,2.99,0.203,29.42,881.2,0.254,2.82,1.33,28.096586,104.007608,3.96,Alluvium_Unconsolidated,1,China
425.49,4.44,0.211,30.64,1058.0,0.2,3.12,1.32,25.565601,104.733119,5.72,Alluvium_Unconsolidated,0,China
389.46,1.53,0.471,29.0,865.5,0.2,2.79,2.4,26.483047,106.42275,3.76,Alluvium_Unconsolidated,0,China
420.87,8.0,0.205,37.0,911.0,0.257,1.73,2.5,28.090769,104.463547,5.32,Alluvium_Unconsolidated,0,China
364.74,8.0,0.256,37.0,1250.0,0.351,1.79,1.38,25.064732,105.237407,5.21,Alluvium_Unconsolidated,0,China
442.45,8.0,0.458,36.99,912.5,0.354,3.2,1.88,27.8796,106.019718,5.62,Alluvium_Unconsolidated,0,China
376.64,7.5,0.345,35.82,858.7,0.254,2.73,1.44,25.757935,108.286192,5.1,Alluvium_Unconsolidated,0,China
335.36,2.17,0.48,29.08,859.9,0.353,2.99,1.6,25.970762,104.091058,5.13,Alluvium_Unconsolidated,1,China
445.92,7.99,0.202,36.97,915.7,0.252,1.66,2.5,28.100341,104.474329,4.64,Alluvium_Unconsolidated,0,China
330.85,1.87,0.202,29.03,1118.6,0.218,2.35,2.4,27.473825,105.650194,5.78,Alluvium_Unconsolidated,0,China
409.26,2.46,0.499,29.17,1242.1,0.227,2.55,1.37,29.050656,107.243753,1.95,Alluvium_Unconsolidated,0,China
435.31,6.49,0.402,33.72,997.7,0.26,1.62,2.31,26.668321,105.855085,4.64,Alluvium_Unconsolidated,0,China
397.06,3.32,0.223,29.63,885.6,0.219,2.88,2.16,28.173625,106.492372,5.8,Alluvium_Unconsolidated,1,China
323.45,7.09,0.412,34.91,866.0,0.36,2.16,1.99,26.032757,108.250728,2.79,Alluvium_Unconsolidated,0,China
436.13,7.11,0.385,34.96,1235.1,0.337,3.14,2.47,27.936637,107.467312,5.77,Alluvium_Unconsolidated,0,China
449.7,4.27,0.367,30.45,1062.6,0.238,3.18,1.4,25.435698,105.745954,1.53,Alluvium_Unconsolidated,0,China
385.01,6.81,0.344,34.34,1113.7,0.36,3.14,2.39,25.128893,107.753274,1.26,Alluvium_Unconsolidated,0,China
405.01,4.82,0.208,31.08,1051.7,0.25,2.99,1.51,29.342001,107.858442,5.65,Alluvium_Unconsolidated,1,China
332.28,5.33,0.235,31.78,1202.3,0.328,1.71,2.49,26.162334,105.008196,3.31,Alluvium_Unconsolidated,0,China
364.11,5.9,0.497,32.67,1017.0,0.234,2.39,2.34,28.410581,105.822172,5.8,Alluvium_Unconsolidated,0,China
337.27,3.58,0.254,29.82,1020.5,0.266,2.71,2.45,27.576252,107.910716,3.17,Alluvium_Unconsolidated,0,China
433.46,7.69,0.231,36.26,1220.1,0.204,1.68,2.22,25.538708,107.522488,3.65,Alluvium_Unconsolidated,0,China
408.56,4.77,0.201,31.02,1191.7,0.272,1.62,2.22,29.382899,104.982301,5.76,Alluvium_Unconsolidated,0,China
327.7,8.0,0.5,37.0,850.0,0.241,3.17,1.68,28.426813,108.389507,4.42,Alluvium_Unconsolidated,0,China
419.33,5.33,0.231,31.78,1202.3,0.215,3.12,2.48,25.669057,105.478535,4.93,Alluvium_Unconsolidated,0,China
352.25,2.68,0.409,29.26,948.9,0.277,1.71,1.65,25.801314,108.037961,2.16,Alluvium_Unconsolidated,0,China
388.17,7.85,0.386,36.62,1082.7,0.292,3.13,2.01,28.926645,106.868836,4.74,Alluvium_Unconsolidated,1,China
327.63,6.72,0.468,34.17,958.0,0.233,1.68,2.21,27.241187,106.654795,5.71,Alluvium_Unconsolidated,0,China
436.7,7.95,0.427,36.88,1249.2,0.26,2.22,2.09,25.393056,105.273674,5.18,Alluvium_Unconsolidated,1,China
436.45,7.95,0.426,36.89,1203.4,0.251,1.79,2.05,26.650696,107.569961,5.23,Alluvium_Unconsolidated,0,China
408.73,7.99,0.475,36.97,1249.8,0.342,3.17,1.44,25.231634,105.25888,5.79,Alluvium_Unconsolidated,0,China
416.79,6.35,0.201,33.45,855.7,0.354,2.82,1.51,26.870802,104.27568,3.97,Alluvium_Unconsolidated,0,China
418.79,7.06,0.212,34.86,976.3,0.339,2.65,2.49,26.820744,105.892688,2.74,Alluvium_Unconsolidated,1,China
425.58,7.84,0.493,36.61,887.0,0.354,2.92,2.46,27.772222,106.084386,4.65,Alluvium_Unconsolidated,0,China
339.52,8.0,0.286,37.0,908.9,0.233,3.13,2.06,26.345093,104.458727,4.76,Alluvium_Unconsolidated,0,China
444.96,7.87,0.347,36.69,1168.7,0.204,1.81,1.4,29.21901,107.649483,3.34,Alluvium_Unconsolidated,0,China
452.6,2.94,0.329,29.39,880.6,0.227,3.16,1.86,25.460954,106.477394,5.8,Alluvium_Unconsolidated,0,China
342.15,7.85,0.5,36.64,1166.9,0.339,2.02,2.07,25.923443,107.653163,5.73,Alluvium_Unconsolidated,0,China
344.73,7.94,0.499,36.85,923.7,0.331,2.31,2.08,25.904613,104.491961,4.79,Alluvium_Unconsolidated,1,China
446.74,3.73,0.237,29.94,1075.9,0.325,1.61,2.25,26.789009,105.723596,5.7,Alluvium_Unconsolidated,0,China
391.22,7.98,0.273,36.96,1061.2,0.358,2.3,1.67,26.963466,106.832854,3.73,Alluvium_Unconsolidated,1,China
420.57,2.54,0.464,29.21,1148.3,0.203,3.14,2.44,29.130985,104.89095,1.29,Alluvium_Unconsolidated,1,China
315.56,7.98,0.375,36.95,916.8,0.358,1.63,1.39,26.058721,104.4768,1.09,Alluvium_Unconsolidated,0,China
391.53,7.94,0.306,36.86,895.4,0.353,2.39,1.53,26.988062,104.425315,4.39,Alluvium_Unconsolidated,1,China
328.01,4.95,0.467,31.25,1044.7,0.28,1.6,1.73,28.499206,104.71087,5.44,Alluvium_Unconsolidated,0,China
402.8,7.94,0.498,36.86,895.2,0.309,3.18,1.3,25.305088,104.424662,3.95,Alluvium_Unconsolidated,0,China
361.44,7.99,0.267,36.97,1040.8,0.353,1.81,2.46,25.074482,106.798744,5.08,Alluvium_Unconsolidated,0,China
421.44,1.73,0.491,29.01,867.3,0.202,3.03,2.33,26.512124,106.430171,5.35,Alluvium_Unconsolidated,1,China
381.09,3.83,0.353,30.03,1073.4,0.306,3.14,2.21,27.647757,104.758868,5.77,Alluvium_Unconsolidated,0,China
401.14,7.73,0.246,36.34,881.3,0.36,2.17,2.5,26.940792,106.101546,5.35,Alluvium_Unconsolidated,0,China
430.07,3.05,0.401,29.45,881.9,0.341,1.97,2.32,27.925395,106.481564,4.6,Alluvium_Unconsolidated,0,China
326.78,5.59,0.211,32.17,1173.8,0.313,3.14,2.29,26.193822,107.036659,4.05,Alluvium_Unconsolidated,0,China
427.14,6.44,0.458,33.62,999.7,0.202,1.83,2.16,29.136828,104.634981,3.5,Alluvium_Unconsolidated,0,China
429.36,1.81,0.211,29.02,1231.9,0.247,2.35,2.5,29.335087,107.194966,4.62,Alluvium_Unconsolidated,1,China
338.0,6.48,0.482,33.7,1243.2,0.295,2.0,2.48,27.125716,107.425178,5.76,Alluvium_Unconsolidated,0,China
353.91,6.27,0.498,33.31,1219.4,0.258,3.1,2.46,27.192416,105.430136,5.68,Alluvium_Unconsolidated,0,China
373.52,5.66,0.383,32.28,1075.7,0.337,2.02,1.31,27.039959,107.818463,4.87,Alluvium_Unconsolidated,0,China
396.07,7.69,0.448,36.25,1096.3,0.35,3.2,2.5,25.203734,106.891984,5.62,Alluvium_Unconsolidated,0,China
392.31,2.29,0.33,29.12,859.0,0.22,1.99,2.16,26.376192,104.09586,4.7,Alluvium_Unconsolidated,0,China
433.36,7.85,0.298,36.65,888.0,0.3,2.4,1.56,26.73914,104.404918,0.82,Alluvium_Unconsolidated,0,China
435.86,7.7,0.441,36.27,944.6,0.351,2.97,1.69,27.895204,104.534762,1.83,Alluvium_Unconsolidated,1,China
440.21,7.08,0.455,34.89,975.6,0.202,1.68,2.0,29.139066,104.592726,1.7,Alluvium_Unconsolidated,1,China
403.89,7.78,0.203,36.46,1089.2,0.204,2.52,1.35,25.624801,106.879929,5.71,Alluvium_Unconsolidated,0,China
359.75,7.29,0.303,35.35,966.4,0.227,3.14,1.37,26.357736,105.910785,1.22,Alluvium_Unconsolidated,0,China
423.27,7.31,0.2,35.4,965.2,0.202,2.69,1.89,25.610397,104.573884,3.07,Alluvium_Unconsolidated,0,China
357.98,7.88,0.25,36.71,1021.3,0.339,2.4,1.91,28.82983,106.766108,5.8,Alluvium_Unconsolidated,0,China
442.35,7.59,0.469,36.03,950.9,0.204,1.6,1.91,29.125048,104.546876,3.14,Alluvium_Unconsolidated,0,China
432.17,2.05,0.232,29.06,860.8,0.204,3.2,2.41,25.537597,106.400438,5.47,Alluvium_Unconsolidated,1,China
413.37,1.85,0.494,29.02,868.4,0.214,2.74,1.42,29.087229,106.434734,5.07,Alluvium_Unconsolidated,0,China
332.41,6.6,0.469,33.92,1225.3,0.234,3.2,2.49,27.240443,105.410626,5.57,Alluvium_Unconsolidated,1,China
422.9,4.54,0.495,30.75,1055.6,0.302,2.43,1.93,25.316459,105.757639,5.8,Alluvium_Unconsolidated,0,China
348.08,1.94,0.251,29.04,1230.7,0.265,3.02,1.9,27.573558,107.189974,3.07,Alluvium_Unconsolidated,1,China
364.61,7.71,0.395,36.31,1245.0,0.202,2.22,1.44,28.304566,105.168909,2.23,Alluvium_Unconsolidated,0,China
403.4,8.0,0.236,36.99,850.1,0.217,2.63,2.15,25.675192,108.393493,5.46,Alluvium_Unconsolidated,1,China
423.04,4.45,0.31,30.65,1185.8,0.314,2.88,1.42,27.987325,104.968504,4.28,Alluvium_Unconsolidated,0,China
360.56,5.15,0.448,31.53,901.0,0.295,2.53,1.47,25.832032,108.141429,5.7,Alluvium_Unconsolidated,0,China
426.47,7.94,0.204,36.85,923.8,0.2,1.66,1.54,25.581045,105.994659,5.77,Alluvium_Unconsolidated,1,China
433.27,7.37,0.2,35.52,870.1,0.201,1.6,2.47,25.600712,104.346824,5.45,Alluvium_Unconsolidated,0,China
333.21,1.57,0.44,29.0,1234.2,0.222,2.04,1.56,27.267278,107.204222,5.69,Alluvium_Unconsolidated,0,China
352.19,6.74,0.462,34.19,989.0,0.302,2.09,2.5,25.845647,104.616492,5.59,Alluvium_Unconsolidated,0,China
323.25,7.03,0.204,34.78,867.0,0.216,3.18,1.43,27.467239,108.246356,4.8,Alluvium_Unconsolidated,0,China
339.96,3.31,0.439,29.62,853.3,0.222,2.46,2.22,27.268136,106.350926,4.64,Alluvium_Unconsolidated,0,China
449.77,4.42,0.429,30.62,1197.4,0.25,3.2,1.6,26.648242,107.090244,2.56,Alluvium_Unconsolidated,1,China
400.98,6.37,0.229,33.49,1002.1,0.214,3.2,1.93,25.666981,104.639108,5.4,Alluvium_Unconsolidated,1,China
354.32,4.26,0.259,30.44,1182.1,0.352,3.2,2.26,25.067362,105.526415,5.61,Alluvium_Unconsolidated,0,China
325.47,7.16,0.364,35.07,1235.4,0.206,2.5,1.39,27.322641,105.115116,1.55,Alluvium_Unconsolidated,1,China
336.08,6.63,0.498,33.99,1226.0,0.26,3.01,2.48,27.1893,105.408399,5.22,Alluvium_Unconsolidated,1,China
400.34,4.37,0.326,30.56,1059.9,0.247,1.66,2.07,25.744724,105.750517,5.77,Alluvium_Unconsolidated,0,China
440.56,4.43,0.496,30.62,1041.6,0.304,1.65,2.03,25.312787,107.875424,4.2,Alluvium_Unconsolidated,0,China
381.8,7.88,0.369,36.71,1021.3,0.36,2.21,2.46,25.14521,106.766072,2.25,Alluvium_Unconsolidated,1,China
378.35,3.64,0.378,29.87,929.9,0.295,1.73,1.46,28.921253,108.076045,2.43,Alluvium_Unconsolidated,1,China
392.08,3.45,0.359,29.72,1247.3,0.308,2.83,1.94,27.652351,107.282943,5.79,Alluvium_Unconsolidated,0,China
418.85,7.72,0.391,36.33,881.1,0.201,1.73,2.24,29.189202,106.102281,2.38,Alluvium_Unconsolidated,0,China
371.1,4.73,0.242,30.98,908.9,0.25,1.98,1.91,26.308797,108.122284,4.0,Alluvium_Unconsolidated,0,China
423.12,2.16,0.356,29.08,860.0,0.329,1.78,2.5,27.956287,106.396207,3.09,Alluvium_Unconsolidated,0,China
402.9,7.68,0.403,36.23,879.3,0.206,2.99,2.49,26.425311,104.378997,5.64,Alluvium_Unconsolidated,0,China
449.79,7.98,0.361,36.94,1062.5,0.33,2.82,1.36,27.952929,106.835005,5.78,Alluvium_Unconsolidated,0,China
328.15,7.22,0.38,35.19,1122.7,0.359,2.01,2.46,26.055371,106.938238,3.74,Alluvium_Unconsolidated,0,China
398.58,5.5,0.271,32.03,1248.9,0.228,1.65,2.1,25.705203,107.372494,5.8,Alluvium_Unconsolidated,0,China
384.6,7.28,0.311,35.33,868.2,0.201,2.87,1.42,28.24774,106.14738,4.33,Alluvium_Unconsolidated,1,China
424.18,7.56,0.419,35.95,1147.2,0.346,2.76,1.72,27.912483,107.692098,1.84,Alluvium_Unconsolidated,0,China
388.76,3.22,0.278,29.56,1215.7,0.205,3.13,1.48,28.224103,107.139706,3.78,Alluvium_Unconsolidated,1,China
394.12,7.97,0.427,36.93,850.5,0.275,3.1,1.56,28.956728,108.407677,5.11,Alluvium_Unconsolidated,1,China
372.94,2.51,0.355,29.19,857.6,0.214,1.77,2.5,26.392573,106.382517,5.32,Alluvium_Unconsolidated,1,China
366.33,7.9,0.321,36.75,1248.2,0.294,1.67,1.5,27.626592,105.287688,1.56,Alluvium_Unconsolidated,1,China
354.33,7.36,0.204,35.51,861.1,0.328,1.91,1.35,25.000071,108.273361,0.98,Alluvium_Unconsolidated,0,China
355.46,7.99,0.461,36.98,1196.0,0.213,3.03,1.5,28.357516,107.5886,2.9,Alluvium_Unconsolidated,1,China
345.05,1.93,0.211,29.04,861.6,0.241,2.66,1.34,27.528113,106.40477,2.84,Alluvium_Unconsolidated,0,China
365.71,6.9,0.301,34.52,1117.2,0.358,2.97,2.45,25.099752,107.7471,3.58,Alluvium_Unconsolidated,1,China
422.84,7.12,0.2,34.98,1234.6,0.242,2.2,1.36,28.121013,105.111634,3.09,Alluvium_Unconsolidated,0,China
310.82,7.72,0.305,36.32,1219.0,0.34,2.09,1.93,28.618762,107.525854,2.2,Alluvium_Unconsolidated,0,China
365.54,1.79,0.436,29.02,867.9,0.289,1.64,1.3,25.821972,104.054115,5.8,Alluvium_Unconsolidated,0,China
382.07,7.33,0.351,35.44,1117.2,0.305,2.14,2.4,27.646735,106.928372,5.37,Alluvium_Unconsolidated,0,China
341.05,5.89,0.5,32.64,933.4,0.266,1.78,2.09,27.178112,106.60665,2.43,Alluvium_Unconsolidated,0,China
404.69,5.72,0.257,32.37,1022.7,0.316,2.38,1.31,29.463752,105.812644,5.8,Alluvium_Unconsolidated,0,China
405.1,7.93,0.204,36.82,1072.6,0.254,2.88,1.6,29.349814,106.851888,4.39,Alluvium_Unconsolidated,0,China
377.71,2.35,0.386,29.14,1144.2,0.269,1.63,2.5,25.7854,105.603388,4.47,Alluvium_Unconsolidated,0,China
335.95,2.33,0.48,29.13,858.8,0.272,1.78,1.62,28.483725,106.38952,5.27,Alluvium_Unconsolidated,1,China
331.14,2.64,0.231,29.25,1223.0,0.326,2.79,2.5,26.167083,107.162679,1.55,Alluvium_Unconsolidated,0,China
400.16,4.5,0.228,30.71,1186.8,0.302,2.08,1.79,29.436467,105.515928,5.63,Alluvium_Unconsolidated,0,China
319.4,3.13,0.432,29.5,1160.0,0.36,3.19,2.46,26.017632,104.913873,3.43,Alluvium_Unconsolidated,0,China
319.01,2.17,0.264,29.08,1112.1,0.339,2.93,2.16,26.136484,104.825001,5.76,Alluvium_Unconsolidated,0,China
449.9,2.86,0.299,29.35,945.4,0.212,2.73,2.44,29.251486,108.044887,5.63,Alluvium_Unconsolidated,0,China
362.03,2.66,0.453,29.26,856.6,0.211,1.64,1.64,28.350481,104.110269,4.26,Alluvium_Unconsolidated,0,China
345.38,3.9,0.325,30.09,924.8,0.221,2.34,1.51,26.37255,108.086882,1.26,Alluvium_Unconsolidated,1,China
398.53,5.44,0.406,31.94,922.7,0.284,2.3,2.44,28.941258,106.584154,5.74,Alluvium_Unconsolidated,0,China
338.16,7.4,0.206,35.6,860.4,0.236,2.79,1.52,27.518126,108.276881,1.51,Alluvium_Unconsolidated,0,China
445.97,6.23,0.239,33.23,1245.3,0.205,2.31,2.45,25.529979,107.410472,3.8,Alluvium_Unconsolidated,0,China
428.61,3.67,0.203,29.89,1022.5,0.235,2.97,2.01,28.135934,107.907289,3.5,Alluvium_Unconsolidated,0,China
312.72,3.73,0.21,29.94,891.5,0.211,2.61,1.92,27.45271,106.509069,2.43,Alluvium_Unconsolidated,0,China
400.94,7.85,0.464,36.63,887.7,0.346,3.2,2.11,25.218702,106.082648,2.07,Alluvium_Unconsolidated,1,China
352.2,4.1,0.373,30.28,1033.2,0.2,2.88,2.5,28.289397,107.889369,5.8,Alluvium_Unconsolidated,1,China
400.4,7.82,0.437,36.56,885.7,0.334,1.73,1.38,27.70793,104.398525,5.52,Alluvium_Unconsolidated,0,China
391.29,8.0,0.39,37.0,850.0,0.29,3.2,1.62,28.929478,108.391152,3.04,Alluvium_Unconsolidated,1,China
432.12,5.21,0.466,31.6,850.4,0.204,2.1,1.43,29.128411,106.26972,5.22,Alluvium_Unconsolidated,0,China
319.9,3.79,0.231,30.0,926.9,0.326,1.98,2.37,26.166509,108.082355,1.23,Alluvium_Unconsolidated,0,China
436.9,5.94,0.295,32.73,1016.0,0.213,1.89,2.11,29.254319,105.823895,5.78,Alluvium_Unconsolidated,0,China
437.51,7.92,0.302,36.8,926.5,0.311,2.82,1.36,27.992785,105.988706,1.24,Alluvium_Unconsolidated,0,China
351.84,4.67,0.242,30.91,1048.0,0.341,2.93,1.69,28.822282,107.864757,1.42,Alluvium_Unconsolidated,0,China
337.97,7.96,0.216,36.91,920.5,0.245,1.84,1.77,27.536128,104.484892,1.75,Alluvium_Unconsolidated,1,China
332.59,4.19,0.5,30.37,850.5,0.264,2.15,2.31,27.181893,104.172123,5.41,Alluvium_Unconsolidated,0,China
333.81,2.06,0.5,29.06,1239.3,0.24,1.66,2.07,28.424028,107.228396,1.32,Alluvium_Unconsolidated,1,China
343.17,7.75,0.469,36.41,1245.7,0.279,3.08,2.25,28.496821,105.174416,3.17,Alluvium_Unconsolidated,0,China
439.2,7.86,0.233,36.65,932.6,0.327,2.89,2.41,26.792951,105.976106,4.44,Alluvium_Unconsolidated,0,China
434.12,7.7,0.413,36.28,880.2,0.256,2.47,1.47,26.660182,106.104981,1.36,Alluvium_Unconsolidated,0,China
328.05,1.85,0.489,29.02,1134.0,0.226,1.6,2.5,28.392068,104.864247,5.29,Alluvium_Unconsolidated,0,China
307.14,7.49,0.45,35.79,1226.8,0.226,2.07,2.47,27.258655,107.499771,5.13,Alluvium_Unconsolidated,1,China
426.76,5.3,0.488,31.73,850.6,0.295,2.77,1.82,25.330643,104.221273,4.92,Alluvium_Unconsolidated,1,China
451.05,6.64,0.442,33.99,992.7,0.267,3.2,2.0,25.380588,105.863768,3.18,Alluvium_Unconsolidated,0,China
333.94,7.38,0.314,35.54,1239.2,0.201,2.92,1.99,27.356065,105.353505,1.33,Alluvium_Unconsolidated,0,China
413.77,6.33,0.227,33.42,879.4,0.301,2.31,2.25,29.434362,108.20185,1.49,Alluvium_Unconsolidated,0,China
328.95,7.24,0.218,35.24,1121.7,0.338,2.15,1.89,25.025173,106.936383,2.71,Alluvium_Unconsolidated,0,China
337.72,2.89,0.492,29.37,944.7,0.261,2.06,2.45,28.463749,108.046173,3.4,Alluvium_Unconsolidated,0,China
433.36,7.97,0.445,36.92,898.6,0.243,1.93,1.52,26.634977,106.053193,4.33,Alluvium_Unconsolidated,0,China
377.36,4.23,0.406,30.41,899.3,0.357,1.62,1.64,25.171089,106.529726,4.63,Alluvium_Unconsolidated,0,China
430.75,7.71,0.202,36.31,880.7,0.251,1.6,1.32,28.102845,106.103452,2.06,Alluvium_Unconsolidated,0,China
384.68,7.38,0.276,35.54,962.2,0.357,3.01,2.12,26.965898,105.918524,2.32,Alluvium_Unconsolidated,1,China
428.54,6.32,0.224,33.39,855.4,0.299,2.68,2.47,29.43109,106.212811,5.51,Alluvium_Unconsolidated,0,China
331.89,7.22,0.434,35.18,969.7,0.22,2.05,1.4,27.272158,105.904624,5.02,Alluvium_Unconsolidated,0,China
328.26,7.97,0.47,36.94,1249.6,0.278,2.89,2.1,28.495731,105.221355,1.0,Alluvium_Unconsolidated,1,China
431.07,6.11,0.498,33.03,1246.1,0.308,2.8,1.57,25.306788,107.40401,4.76,Alluvium_Unconsolidated,0,China
352.54,6.89,0.361,34.5,1136.1,0.259,2.86,1.6,25.768323,106.962474,5.8,Alluvium_Unconsolidated,0,China
361.29,8.0,0.443,37.0,906.2,0.209,3.0,2.19,28.341535,106.034306,3.23,Alluvium_Unconsolidated,0,China
375.89,5.35,0.381,31.81,1202.6,0.201,3.08,1.7,28.295243,105.477601,3.13,Alluvium_Unconsolidated,0,China
320.75,3.3,0.357,29.62,1246.7,0.205,1.61,1.54,27.327224,107.277153,1.56,Alluvium_Unconsolidated,1,China
394.91,6.87,0.251,34.45,1238.8,0.21,1.69,1.71,28.202423,107.449698,5.02,Alluvium_Unconsolidated,0,China
327.57,7.07,0.238,34.87,1233.7,0.203,2.23,1.79,27.416295,105.378853,5.14,Alluvium_Unconsolidated,0,China
360.79,7.85,0.286,36.63,933.2,0.356,1.74,1.88,25.088553,105.974815,2.6,Alluvium_Unconsolidated,0,China
424.7,4.42,0.5,30.61,914.9,0.222,3.06,1.97,29.063455,108.108638,2.52,Alluvium_Unconsolidated,1,China
386.02,8.0,0.478,36.99,1249.9,0.2,1.9,2.0,26.492026,105.251613,5.79,Alluvium_Unconsolidated,0,China
358.61,7.68,0.295,36.23,855.5,0.324,3.19,2.17,28.865142,108.463591,1.91,Alluvium_Unconsolidated,1,China
437.91,5.55,0.205,32.1,1248.8,0.2,2.08,2.49,25.578271,107.374864,2.16,Alluvium_Unconsolidated,0,China
412.78,7.27,0.2,35.31,868.0,0.352,3.06,1.35,26.863512,104.338688,5.47,Alluvium_Unconsolidated,1,China
436.37,7.5,0.463,35.82,991.6,0.355,2.92,1.38,27.874941,106.715459,4.0,Alluvium_Unconsolidated,0,China
357.53,4.64,0.272,30.86,1250.0,0.354,2.13,1.35,25.077863,107.332781,5.5,Alluvium_Unconsolidated,0,China
430.21,7.98,0.246,36.96,900.9,0.321,2.96,1.5,26.780435,104.439299,4.92,Alluvium_Unconsolidated,1,China
413.09,5.3,0.492,31.73,898.4,0.238,3.0,1.66,29.027081,108.148193,3.2,Alluvium_Unconsolidated,0,China
342.54,1.63,0.203,29.0,866.4,0.303,2.12,2.5,26.213073,104.060187,5.52,Alluvium_Unconsolidated,0,China
435.7,1.7,0.453,29.01,1130.8,0.24,3.06,2.48,26.628284,105.628296,5.36,Alluvium_Unconsolidated,0,China
434.08,6.89,0.477,34.51,1136.0,0.206,1.63,2.44,29.116289,106.962245,5.8,Alluvium_Unconsolidated,0,China
418.47,7.33,0.206,35.43,1238.3,0.357,2.4,1.48,26.889163,105.357933,4.32,Alluvium_Unconsolidated,0,China
409.73,4.65,0.277,30.88,1189.5,0.205,2.09,1.68,28.223642,104.977032,2.19,Alluvium_Unconsolidated,0,China
379.1,7.96,0.32,36.9,1202.6,0.201,2.04,1.9,28.253877,107.571985,4.98,Alluvium_Unconsolidated,0,China
360.1,7.82,0.276,36.57,886.0,0.276,1.61,2.18,27.594507,106.087538,5.71,Alluvium_Unconsolidated,0,China
317.77,7.97,0.31,36.93,850.5,0.201,3.18,1.67,27.359092,108.407794,4.82,Alluvium_Unconsolidated,0,China
354.82,7.53,0.238,35.88,1225.8,0.343,2.0,2.49,28.818083,107.503546,3.86,Alluvium_Unconsolidated,0,China
445.98,7.61,0.323,36.08,856.7,0.208,2.13,1.52,29.235074,108.471494,2.89,Alluvium_Unconsolidated,0,China
352.92,2.48,0.227,29.18,857.7,0.347,2.08,1.84,28.806548,104.103138,2.17,Alluvium_Unconsolidated,0,China
398.53,6.62,0.26,33.96,858.2,0.359,1.66,2.4,26.952933,106.194862,4.66,Alluvium_Unconsolidated,0,China
327.25,6.96,0.488,34.64,1231.7,0.265,3.15,2.36,28.471951,105.099778,5.8,Alluvium_Unconsolidated,0,China
337.17,8.0,0.498,37.0,909.0,0.236,3.19,1.36,28.414569,104.458901,3.38,Alluvium_Unconsolidated,0,China
399.21,5.38,0.248,31.85,1203.2,0.36,3.08,2.49,26.942721,105.010529,2.33,Alluvium_Unconsolidated,0,China
433.56,7.36,0.447,35.5,1238.8,0.269,3.12,2.42,25.376643,105.131342,3.64,Alluvium_Unconsolidated,0,China
436.23,3.7,0.312,29.92,851.8,0.21,3.2,1.68,29.24249,106.335034,2.31,Alluvium_Unconsolidated,0,China
440.33,6.59,0.45,33.9,994.4,0.202,1.83,2.1,29.143818,104.625795,3.55,Alluvium_Unconsolidated,0,China
423.11,7.62,0.496,36.09,1101.0,0.215,1.74,2.47,29.08319,106.900055,2.86,Alluvium_Unconsolidated,0,China
387.16,4.2,0.327,30.38,850.5,0.247,2.23,1.87,25.74554,106.314389,5.14,Alluvium_Unconsolidated,1,China
316.22,6.96,0.218,34.65,862.5,0.319,3.14,2.47,26.182503,106.172091,1.29,Alluvium_Unconsolidated,0,China
407.58,3.13,0.203,29.5,854.1,0.233,3.12,1.43,28.138811,104.128504,3.68,Alluvium_Unconsolidated,1,China
380.65,7.81,0.321,36.53,853.4,0.201,1.87,1.31,28.254759,108.323641,4.74,Alluvium_Unconsolidated,0,China
333.61,5.08,0.201,31.42,902.5,0.36,2.11,1.65,28.731482,108.137874,5.54,Alluvium_Unconsolidated,0,China
430.84,5.46,0.498,31.97,1030.3,0.214,2.53,2.27,26.564501,104.686855,1.81,Alluvium_Unconsolidated,1,China
445.32,4.45,0.421,30.65,903.2,0.253,2.12,2.09,26.654591,106.539416,5.51,Alluvium_Unconsolidated,0,China
368.62,6.75,0.238,34.23,988.3,0.252,2.59,1.43,26.304934,105.871435,5.57,Alluvium_Unconsolidated,0,China
413.43,4.97,0.204,31.28,1044.0,0.356,1.71,1.94,26.884722,104.709729,5.13,Alluvium_Unconsolidated,0,China
442.37,7.24,0.321,35.25,867.4,0.291,1.86,1.43,26.723108,104.336166,4.79,Alluvium_Unconsolidated,0,China
354.48,3.55,0.239,29.8,888.8,0.259,3.2,1.43,27.562536,106.501667,5.52,Alluvium_Unconsolidated,1,China
436.87,4.68,0.5,30.92,1192.6,0.225,1.7,1.88,29.056755,107.078838,5.65,Alluvium_Unconsolidated,0,China
427.56,7.64,0.26,36.13,1099.9,0.294,1.82,1.42,28.024378,106.898261,1.96,Alluvium_Unconsolidated,0,China
441.59,4.78,0.203,31.04,1250.0,0.2,2.23,2.43,25.585574,107.339129,3.3,Alluvium_Unconsolidated,0,China
317.81,6.32,0.466,33.39,1220.3,0.232,3.2,2.5,27.243873,105.42749,5.14,Alluvium_Unconsolidated,0,China
383.25,7.97,0.348,36.93,1181.4,0.305,3.19,2.49,28.901251,107.622469,5.69,Alluvium_Unconsolidated,1,China
436.82,7.92,0.328,36.8,1207.4,0.226,2.03,1.74,25.461824,107.559484,1.68,Alluvium_Unconsolidated,0,China
299.54,5.78,0.292,32.47,930.8,0.346,1.91,1.33,26.114956,106.601308,0.99,Alluvium_Unconsolidated,0,China
421.35,6.4,0.474,33.54,1221.7,0.342,2.81,1.33,25.229985,105.422695,1.35,Alluvium_Unconsolidated,1,China
438.11,6.23,0.236,33.24,1006.6,0.282,3.11,1.52,28.046614,105.839781,3.59,Alluvium_Unconsolidated,0,China
299.86,5.03,0.332,31.36,1196.7,0.354,3.02,1.31,26.087132,105.492362,5.25,Alluvium_Unconsolidated,1,China
326.03,7.08,0.223,34.9,1124.6,0.322,3.09,1.33,26.176276,107.73395,2.19,Alluvium_Unconsolidated,1,China
443.5,3.41,0.382,29.69,1083.7,0.201,3.08,2.34,29.194986,104.776252,2.21,Alluvium_Unconsolidated,1,China
340.07,7.91,0.446,36.79,926.9,0.224,2.95,2.43,27.262784,104.49884,3.73,Alluvium_Unconsolidated,0,China
343.15,4.39,0.21,30.58,1040.5,0.24,2.03,2.49,27.526176,107.877108,3.59,Alluvium_Unconsolidated,0,China
333.17,5.9,0.337,32.66,1212.7,0.331,3.04,2.37,28.597062,105.036502,2.6,Alluvium_Unconsolidated,0,China
454.19,7.11,0.333,34.96,1235.1,0.206,1.74,1.4,29.228296,107.467164,5.37,Alluvium_Unconsolidated,0,China
368.15,7.78,0.21,36.46,1089.2,0.333,1.76,2.03,25.012209,106.879937,5.36,Alluvium_Unconsolidated,0,China
392.86,6.09,0.418,32.99,1246.2,0.356,1.72,1.3,25.179813,107.4028,2.32,Alluvium_Unconsolidated,1,China
324.25,4.68,0.336,30.92,909.8,0.354,2.49,2.49,26.084814,108.120205,4.82,Alluvium_Unconsolidated,0,China
347.34,7.3,0.495,35.37,868.5,0.254,1.64,2.5,27.199807,104.340727,0.86,Alluvium_Unconsolidated,0,China
351.98,1.94,0.232,29.04,1230.6,0.345,3.15,1.31,25.042605,107.189781,4.16,Alluvium_Unconsolidated,0,China
302.66,6.96,0.346,34.64,1231.8,0.203,2.92,2.2,27.334493,105.386859,1.28,Alluvium_Unconsolidated,1,China
368.79,7.5,0.363,35.82,955.9,0.309,1.65,2.46,27.654383,105.93031,4.07,Alluvium_Unconsolidated,0,China
428.93,6.14,0.454,33.08,940.2,0.239,1.9,2.41,26.626993,106.620367,5.79,Alluvium_Unconsolidated,1,China
425.59,7.44,0.487,35.69,988.6,0.294,3.2,1.54,25.331249,106.710071,5.47,Alluvium_Unconsolidated,0,China
410.52,7.93,0.475,36.82,893.4,0.342,3.2,2.22,25.231568,106.066679,2.23,Alluvium_Unconsolidated,1,China
322.22,7.81,0.233,36.55,1214.5,0.327,1.9,1.46,26.164164,107.539534,4.15,Alluvium_Unconsolidated,0,China
310.44,3.94,0.418,30.13,1176.0,0.304,2.99,2.33,28.541581,104.946879,5.12,Alluvium_Unconsolidated,0,China
341.84,7.49,0.213,35.79,1226.9,0.335,1.74,2.09,25.017674,107.499504,5.38,Alluvium_Unconsolidated,0,China
433.22,7.79,0.204,36.49,1087.9,0.2,2.09,1.3,25.581076,106.877686,5.2,Alluvium_Unconsolidated,0,China
390.77,2.68,0.415,29.26,999.4,0.327,3.11,2.17,27.690585,107.946686,3.51,Alluvium_Unconsolidated,0,China
392.38,3.56,0.373,29.8,931.4,0.211,2.56,1.38,26.405084,108.072928,2.07,Alluvium_Unconsolidated,1,China
317.75,4.17,0.248,30.35,919.7,0.202,2.29,1.61,27.406515,108.097892,1.69,Alluvium_Unconsolidated,0,China
373.34,7.66,0.382,36.18,1221.5,0.337,2.22,1.92,27.039194,107.517826,5.2,Alluvium_Unconsolidated,0,China
368.25,4.01,0.418,30.19,850.9,0.204,2.58,1.31,28.321317,106.322399,5.19,Alluvium_Unconsolidated,0,China
431.32,7.91,0.211,36.78,892.1,0.339,3.11,1.34,26.822961,104.416335,5.7,Alluvium_Unconsolidated,0,China
430.03,2.07,0.444,29.06,1138.5,0.201,3.03,1.86,29.149199,105.614074,5.31,Alluvium_Unconsolidated,0,China
315.23,2.11,0.299,29.07,1139.4,0.341,3.15,1.73,28.62311,104.874253,5.8,Alluvium_Unconsolidated,0,China
336.86,7.91,0.498,36.78,892.1,0.343,1.99,1.83,25.935358,106.070212,5.77,Alluvium_Unconsolidated,0,China
334.49,7.93,0.206,36.84,894.3,0.36,1.64,2.24,28.71626,104.422256,5.8,Alluvium_Unconsolidated,0,China
365.64,7.67,0.389,36.2,1153.6,0.201,3.05,2.06,28.300564,107.679935,2.62,Alluvium_Unconsolidated,0,China
443.0,2.11,0.32,29.07,860.3,0.224,2.91,2.17,25.467282,106.398097,4.58,Alluvium_Unconsolidated,1,China
344.17,7.99,0.232,36.98,1058.1,0.345,2.62,1.62,28.812198,106.827616,5.5,Alluvium_Unconsolidated,0,China
433.25,2.43,0.492,29.16,874.5,0.354,2.44,2.5,27.770525,104.029498,4.54,Alluvium_Unconsolidated,0,China
444.13,5.48,0.296,32.0,1070.3,0.218,2.2,1.31,25.483834,107.827463,2.32,Alluvium_Unconsolidated,0,China
454.15,4.72,0.233,30.96,1190.8,0.28,3.2,1.31,28.049728,104.980074,2.19,Alluvium_Unconsolidated,1,China
390.9,1.68,0.373,29.01,1122.8,0.2,2.3,2.39,28.289746,104.843923,3.71,Alluvium_Unconsolidated,0,China
371.93,3.12,0.295,29.5,882.9,0.23,1.6,1.95,26.352056,104.002292,2.77,Alluvium_Unconsolidated,1,China
421.5,7.68,0.5,36.22,1097.1,0.21,1.65,1.82,26.54995,106.893367,1.1,Alluvium_Unconsolidated,0,China
317.51,7.0,0.491,34.72,867.6,0.349,2.91,1.64,25.953834,108.244169,5.78,Alluvium_Unconsolidated,0,China
322.37,5.55,0.483,32.1,1206.3,0.269,1.68,1.33,28.479643,105.467994,4.89,Alluvium_Unconsolidated,0,China
338.09,4.35,0.477,30.54,1249.7,0.299,2.71,2.48,27.118348,107.320337,2.22,Alluvium_Unconsolidated,0,China
364.01,7.96,0.454,36.89,921.5,0.211,3.13,1.64,28.351183,104.487217,1.43,Alluvium_Unconsolidated,0,China
324.75,3.07,0.203,29.46,1245.6,0.304,1.79,2.46,26.211989,107.267672,5.57,Alluvium_Unconsolidated,0,China
382.18,4.1,0.285,30.28,1179.1,0.204,2.18,1.79,28.229345,104.953684,2.88,Alluvium_Unconsolidated,0,China
334.7,6.67,0.5,34.06,858.8,0.334,1.65,1.38,25.91103,106.191478,4.51,Alluvium_Unconsolidated,0,China
325.88,5.51,0.498,32.05,851.1,0.259,3.18,2.25,27.189377,106.255229,1.44,Alluvium_Unconsolidated,0,China
429.18,1.71,0.207,29.01,867.1,0.357,1.81,1.43,26.89064,106.429393,3.33,Alluvium_Unconsolidated,0,China
432.63,7.41,0.206,35.62,1228.9,0.2,1.63,2.42,25.574866,107.4923,4.55,Alluvium_Unconsolidated,0,China
336.75,5.63,0.204,32.23,892.2,0.28,1.79,2.28,26.255416,108.16449,5.19,Alluvium_Unconsolidated,0,China
338.02,2.67,0.23,29.26,949.2,0.326,2.22,2.25,26.168277,108.037351,3.24,Alluvium_Unconsolidated,0,China
373.1,7.94,0.38,36.86,1204.6,0.209,2.88,2.4,26.409361,107.566698,5.8,Alluvium_Unconsolidated,0,China
324.82,6.25,0.448,33.27,854.9,0.29,3.19,1.86,28.517397,104.269897,1.77,Alluvium_Unconsolidated,0,China
365.23,4.75,0.231,31.0,850.0,0.254,2.19,1.38,27.554248,106.290406,2.42,Alluvium_Unconsolidated,0,China
385.52,6.65,0.314,34.02,992.2,0.352,1.6,1.32,26.993321,104.622015,2.26,Alluvium_Unconsolidated,0,China
335.74,7.17,0.2,35.08,1128.2,0.359,2.75,1.84,28.750722,107.727362,3.5,Alluvium_Unconsolidated,0,China
315.79,7.65,0.417,36.16,1243.9,0.36,1.67,1.34,26.028544,105.325702,5.76,Alluvium_Unconsolidated,0,China
381.59,7.86,0.341,36.66,888.3,0.347,2.29,1.69,27.011532,104.405962,4.89,Alluvium_Unconsolidated,0,China
418.79,7.44,0.217,35.67,1228.3,0.294,2.68,2.12,29.421496,107.494581,5.3,Alluvium_Unconsolidated,0,China
418.5,5.53,0.476,32.08,1028.2,0.348,1.63,1.74,27.745622,105.803416,4.43,Alluvium_Unconsolidated,0,China
320.38,7.1,0.244,34.93,864.6,0.354,2.01,2.33,28.666564,106.162225,3.77,Alluvium_Unconsolidated,0,China
359.86,7.05,0.254,34.84,970.2,0.337,1.9,2.23,28.832994,106.677394,4.13,Alluvium_Unconsolidated,0,China
421.6,1.72,0.202,29.01,968.8,0.236,3.2,1.67,28.133829,108.000735,2.44,Alluvium_Unconsolidated,0,China
400.17,5.97,0.437,32.79,1085.2,0.201,1.61,1.84,26.451489,107.802458,5.72,Alluvium_Unconsolidated,0,China
323.3,7.45,0.223,35.71,1111.1,0.322,2.97,1.97,26.176736,106.917625,4.97,Alluvium_Unconsolidated,0,China
447.86,6.23,0.257,33.23,1218.7,0.293,3.18,1.5,28.026889,105.054247,3.95,Alluvium_Unconsolidated,0,China
422.29,4.01,0.201,30.19,1030.9,0.202,3.17,1.38,25.612837,107.893225,4.58,Alluvium_Unconsolidated,0,China
440.31,7.69,0.357,36.25,879.8,0.235,1.66,2.44,25.441998,106.10632,4.03,Alluvium_Unconsolidated,0,China
408.71,6.01,0.209,32.85,853.3,0.287,2.77,2.5,29.40921,106.229667,5.72,Alluvium_Unconsolidated,0,China
446.68,7.72,0.312,36.32,1093.9,0.21,2.12,2.21,29.242461,106.887959,2.97,Alluvium_Unconsolidated,0,China
414.19,7.57,0.465,35.99,1103.9,0.257,2.49,2.17,28.989968,106.905065,4.79,Alluvium_Unconsolidated,0,China
365.03,4.04,0.36,30.22,896.3,0.259,1.73,2.41,25.7676,106.521885,2.36,Alluvium_Unconsolidated,0,China
417.71,7.09,0.207,34.92,971.8,0.229,1.98,2.49,28.147733,106.680245,1.28,Alluvium_Unconsolidated,0,China
322.92,7.14,0.305,35.03,865.5,0.34,1.68,2.45,28.619252,106.158446,5.71,Alluvium_Unconsolidated,0,China
437.54,5.48,0.463,32.0,923.6,0.203,3.06,1.68,29.131159,106.586176,5.36,Alluvium_Unconsolidated,0,China
322.82,4.65,0.247,30.88,1189.5,0.353,2.85,1.9,28.663729,104.977069,0.98,Alluvium_Unconsolidated,0,China
381.38,6.23,0.402,33.23,854.7,0.358,1.69,1.31,25.168428,104.268821,1.87,Alluvium_Unconsolidated,1,China
379.8,4.79,0.372,31.04,1051.0,0.297,2.11,2.16,28.917129,107.859742,5.54,Alluvium_Unconsolidated,0,China
398.26,7.99,0.213,36.98,903.0,0.225,1.63,1.39,28.158566,106.042074,0.96,Alluvium_Unconsolidated,0,China
430.37,8.0,0.485,36.99,1055.4,0.223,1.64,2.25,26.591445,106.823222,0.9,Alluvium_Unconsolidated,0,China
439.17,5.5,0.231,32.03,1175.9,0.328,2.58,2.38,26.794821,107.041023,5.2,Alluvium_Unconsolidated,0,China
408.59,7.87,0.495,36.69,931.1,0.355,2.32,2.21,27.775986,105.979072,1.39,Alluvium_Unconsolidated,1,China
371.66,6.72,0.408,34.16,859.3,0.329,2.54,2.26,27.057181,104.298389,3.49,Alluvium_Unconsolidated,0,China
367.34,2.18,0.292,29.09,1111.8,0.231,1.78,1.55,26.349924,105.66222,3.0,Alluvium_Unconsolidated,0,China
433.5,6.41,0.233,33.56,856.2,0.28,1.64,1.74,28.049678,106.207392,0.86,Alluvium_Unconsolidated,1,China
371.3,1.51,0.434,29.0,973.7,0.288,1.66,1.9,25.820392,107.991802,1.3,Alluvium_Unconsolidated,0,China
437.15,7.02,0.266,34.78,1232.9,0.312,3.17,1.34,26.763201,105.382065,4.06,Alluvium_Unconsolidated,1,China
353.52,4.49,0.416,30.69,1043.2,0.327,2.57,1.33,27.063113,107.872677,5.62,Alluvium_Unconsolidated,0,China
428.14,7.19,0.275,35.13,1235.8,0.309,3.2,1.33,26.755661,105.369633,3.08,Alluvium_Unconsolidated,0,China
302.52,7.68,0.448,36.23,879.3,0.225,2.21,2.49,27.260237,104.378994,5.59,Alluvium_Unconsolidated,1,China
323.02,2.63,0.5,29.24,856.8,0.264,3.03,2.49,27.180947,106.377607,5.5,Alluvium_Unconsolidated,0,China
405.25,7.66,0.204,36.2,1244.2,0.204,2.63,2.47,25.627132,105.324045,5.46,Alluvium_Unconsolidated,0,China
376.5,2.69,0.374,29.27,1243.5,0.339,3.14,2.5,27.03374,107.252689,5.78,Alluvium_Unconsolidated,0,China
333.1,6.1,0.487,33.0,1246.2,0.266,2.98,1.68,28.473364,107.403169,3.41,Alluvium_Unconsolidated,0,China
371.69,2.58,0.296,29.22,857.1,0.331,1.86,2.29,29.494016,104.106879,3.82,Alluvium_Unconsolidated,0,China
454.54,2.21,0.375,29.1,1111.1,0.202,3.16,1.8,29.2003,105.663514,4.24,Alluvium_Unconsolidated,0,China
440.06,7.35,0.379,35.48,861.3,0.335,2.37,2.49,27.940676,108.497778,4.15,Alluvium_Unconsolidated,0,China
352.9,7.9,0.221,36.76,928.3,0.34,1.78,2.43,25.029072,104.501718,2.99,Alluvium_Unconsolidated,1,China
439.26,7.9,0.216,36.76,928.2,0.201,1.8,1.9,25.557476,104.501392,5.13,Alluvium_Unconsolidated,0,China
362.5,4.76,0.332,31.01,1049.8,0.2,3.14,2.5,28.262582,104.719457,4.61,Alluvium_Unconsolidated,0,China
440.59,4.89,0.349,31.17,850.0,0.204,2.97,1.74,29.217562,106.284372,3.52,Alluvium_Unconsolidated,0,China
459.55,2.22,0.247,29.1,859.5,0.288,2.44,2.39,28.03542,106.393865,5.79,Alluvium_Unconsolidated,0,China
339.45,3.91,0.207,30.1,851.2,0.213,1.68,1.36,27.458307,106.326441,5.74,Alluvium_Unconsolidated,0,China
425.93,2.68,0.491,29.26,999.4,0.22,3.17,1.95,26.582144,107.94655,5.78,Alluvium_Unconsolidated,0,China
408.83,7.27,0.434,35.3,862.7,0.333,1.6,2.36,27.705754,108.265285,2.28,Alluvium_Unconsolidated,0,China
313.38,6.47,0.457,33.68,998.5,0.286,1.7,1.46,28.509187,104.632917,3.46,Alluvium_Unconsolidated,0,China
374.92,7.79,0.444,36.49,853.7,0.209,3.18,1.31,28.342217,108.448931,5.78,Alluvium_Unconsolidated,0,China
331.46,6.93,0.21,34.58,965.3,0.239,2.93,2.14,27.525093,106.668471,1.44,Alluvium_Unconsolidated,0,China
417.0,7.87,0.492,36.68,852.3,0.202,2.04,1.69,26.514334,108.334684,5.7,Alluvium_Unconsolidated,0,China
377.87,2.74,0.269,29.29,1243.9,0.332,1.75,1.69,28.845436,107.254921,2.78,Alluvium_Unconsolidated,1,China
443.55,7.65,0.234,36.16,1243.9,0.232,2.76,1.84,29.305486,105.325663,3.55,Alluvium_Unconsolidated,0,China
406.36,3.78,0.2,29.98,851.5,0.352,1.66,1.59,26.862661,106.331972,4.6,Alluvium_Unconsolidated,0,China
399.81,7.75,0.486,36.4,941.0,0.243,2.38,2.32,29.015536,104.527566,4.45,Alluvium_Unconsolidated,0,China
332.42,6.29,0.498,33.35,1004.5,0.33,3.19,2.4,25.901417,105.843375,5.64,Alluvium_Unconsolidated,0,China
390.53,7.44,0.321,35.69,1111.6,0.222,2.42,1.31,26.369963,106.918438,4.21,Alluvium_Unconsolidated,0,China
374.94,3.12,0.313,29.5,1217.1,0.242,2.05,1.33,25.736018,107.143822,1.89,Alluvium_Unconsolidated,1,China
365.76,7.43,0.243,35.66,859.9,0.341,3.13,2.39,28.822762,108.490318,1.52,Alluvium_Unconsolidated,0,China
441.7,4.87,0.323,31.15,850.0,0.29,1.63,1.3,26.721971,104.201543,4.57,Alluvium_Unconsolidated,0,China
314.68,7.67,0.279,36.2,878.9,0.343,1.63,1.39,26.124746,104.3776,1.1,Alluvium_Unconsolidated,0,China
413.76,4.63,0.202,30.85,1189.2,0.347,2.06,2.45,26.844784,104.976249,5.06,Alluvium_Unconsolidated,0,China
339.31,3.74,0.2,29.95,851.6,0.359,3.19,2.47,28.73985,106.333351,4.92,Alluvium_Unconsolidated,0,China
422.12,4.58,0.2,30.79,905.4,0.243,3.02,2.46,28.118243,106.544712,5.54,Alluvium_Unconsolidated,0,China
346.32,7.99,0.207,36.98,903.2,0.236,2.2,1.71,27.51886,104.444985,3.05,Alluvium_Unconsolidated,0,China
437.0,5.44,0.24,31.95,1204.4,0.284,1.75,2.5,28.042371,105.473054,5.43,Alluvium_Unconsolidated,0,China
428.14,5.71,0.218,32.35,851.8,0.241,1.61,2.06,29.323968,104.241175,3.46,Alluvium_Unconsolidated,0,China
426.01,6.78,0.351,34.28,871.4,0.327,3.16,1.91,27.959489,108.229423,0.83,Alluvium_Unconsolidated,1,China
433.49,3.12,0.43,29.5,1159.9,0.249,3.14,2.35,26.647048,105.573014,4.65,Alluvium_Unconsolidated,0,China
325.3,2.93,0.5,29.39,1094.8,0.24,1.77,1.85,28.423989,105.691634,2.95,Alluvium_Unconsolidated,0,China
435.47,7.29,0.487,35.35,1237.6,0.242,2.05,1.6,29.018368,105.361299,1.92,Alluvium_Unconsolidated,0,China
447.28,7.99,0.291,36.97,1249.8,0.307,2.42,2.29,28.000251,105.25896,4.43,Alluvium_Unconsolidated,1,China
414.39,7.98,0.5,36.95,1038.4,0.224,2.54,2.5,29.058229,106.794848,5.01,Alluvium_Unconsolidated,0,China
352.35,5.78,0.459,32.48,1169.2,0.309,2.53,1.71,27.098932,107.026914,1.82,Alluvium_Unconsolidated,0,China
405.64,3.32,0.421,29.63,1214.4,0.329,3.15,2.48,27.695526,107.135904,4.45,Alluvium_Unconsolidated,0,China
384.72,7.99,0.348,36.98,903.7,0.254,3.18,1.32,25.759594,106.040391,5.78,Alluvium_Unconsolidated,0,China
307.42,4.13,0.314,30.31,850.6,0.337,3.19,2.48,28.61292,104.169555,3.72,Alluvium_Unconsolidated,0,China
364.56,3.51,0.249,29.77,888.2,0.247,1.78,2.11,26.315503,106.500113,5.27,Alluvium_Unconsolidated,0,China
442.37,8.0,0.222,37.0,1250.0,0.332,3.15,1.49,26.80546,105.242138,1.07,Alluvium_Unconsolidated,0,China
326.71,7.03,0.393,34.8,977.5,0.21,3.12,2.34,27.303096,104.596082,4.87,Alluvium_Unconsolidated,0,China
398.11,6.12,0.229,33.03,854.0,0.216,2.05,1.65,28.180997,104.262656,5.69,Alluvium_Unconsolidated,1,China
388.89,5.71,0.381,32.36,890.7,0.294,2.22,1.31,28.923194,108.16852,5.6,Alluvium_Unconsolidated,0,China
424.53,5.14,0.266,31.5,1039.5,0.22,1.92,1.87,29.275908,105.784417,5.8,Alluvium_Unconsolidated,0,China
387.03,7.69,0.31,36.26,1004.2,0.201,1.76,2.48,28.247657,106.737075,5.41,Alluvium_Unconsolidated,0,China
396.6,4.72,0.384,30.96,1050.8,0.209,1.61,1.48,26.412295,104.721068,5.73,Alluvium_Unconsolidated,0,China
397.2,4.74,0.228,30.98,1049.6,0.217,3.06,2.33,28.179571,107.861933,2.6,Alluvium_Unconsolidated,0,China
428.87,7.89,0.268,36.74,890.7,0.298,2.64,2.49,28.017935,104.412521,2.8,Alluvium_Unconsolidated,0,China
404.85,3.7,0.483,29.91,1076.8,0.201,2.39,1.7,26.49835,104.764533,0.86,Alluvium_Unconsolidated,0,China
372.66,7.99,0.281,36.98,903.4,0.356,1.9,2.08,25.084925,104.445513,4.13,Alluvium_Unconsolidated,0,China
327.45,7.32,0.314,35.41,1238.1,0.201,2.89,2.01,27.356337,105.358928,1.04,Alluvium_Unconsolidated,0,China
332.36,6.63,0.448,33.98,858.3,0.359,2.63,1.3,26.003675,104.292493,2.81,Alluvium_Unconsolidated,0,China
342.02,7.12,0.496,34.98,1234.6,0.233,2.77,1.32,28.408632,105.374801,1.73,Alluvium_Unconsolidated,0,China
310.09,2.95,0.459,29.4,1005.7,0.357,2.75,2.49,25.993744,107.935847,5.01,Alluvium_Unconsolidated,0,China
427.43,6.86,0.204,34.45,861.1,0.2,2.62,2.17,25.579961,106.17887,2.54,Alluvium_Unconsolidated,1,China
420.86,2.32,0.215,29.13,1226.7,0.201,3.19,2.1,25.558482,107.175254,3.51,Alluvium_Unconsolidated,1,China
440.01,3.9,0.216,30.09,1071.7,0.336,1.7,2.17,26.814123,105.730665,5.65,Alluvium_Unconsolidated,0,China
359.81,6.93,0.237,34.59,862.1,0.343,3.19,1.7,28.817744,106.173982,5.72,Alluvium_Unconsolidated,0,China
419.37,6.28,0.497,33.32,855.1,0.205,2.76,2.07,26.527381,104.271571,5.69,Alluvium_Unconsolidated,0,China
306.21,7.79,0.49,36.5,937.8,0.263,3.17,2.46,28.468471,105.965436,4.05,Alluvium_Unconsolidated,0,China
414.13,4.78,0.476,31.04,1050.8,0.25,1.61,2.44,29.001779,107.86004,3.71,Alluvium_Unconsolidated,0,China
326.09,6.39,0.344,33.54,1221.7,0.329,1.72,1.84,28.592639,105.42288,2.21,Alluvium_Unconsolidated,0,China
323.28,2.06,0.228,29.06,1239.4,0.324,2.35,2.44,26.170563,107.2286,4.6,Alluvium_Unconsolidated,1,China
357.49,2.03,0.464,29.05,984.9,0.214,1.79,2.5,28.360896,107.971856,2.32,Alluvium_Unconsolidated,0,China
383.38,6.07,0.328,32.95,938.1,0.2,1.61,2.19,28.25987,106.616239,4.85,Alluvium_Unconsolidated,0,China
413.86,2.95,0.477,29.4,855.0,0.341,1.6,1.71,25.233143,104.12149,2.22,Alluvium_Unconsolidated,0,China
421.09,7.73,0.488,36.35,1245.3,0.352,2.06,2.42,27.762541,105.171139,5.08,Alluvium_Unconsolidated,0,China
402.18,7.06,0.463,34.85,976.4,0.258,2.22,2.49,28.988078,104.594127,5.19,Alluvium_Unconsolidated,0,China
376.31,2.93,0.334,29.38,1244.9,0.31,1.6,1.52,28.892116,107.262112,5.42,Alluvium_Unconsolidated,0,China
442.24,7.41,0.351,35.61,1239.7,0.233,2.59,2.5,25.446083,105.135934,3.13,Alluvium_Unconsolidated,1,China
406.02,3.56,0.5,29.8,1247.7,0.226,2.83,1.32,29.05324,107.287406,4.05,Alluvium_Unconsolidated,0,China
406.23,6.29,0.248,33.35,855.2,0.312,2.44,2.43,29.455805,106.214062,4.54,Alluvium_Unconsolidated,0,China
417.18,6.96,0.214,34.64,980.5,0.244,1.71,1.97,29.329859,105.885184,2.09,Alluvium_Unconsolidated,0,China
358.08,6.48,0.266,33.69,856.8,0.272,2.58,1.32,27.58675,104.283266,5.17,Alluvium_Unconsolidated,0,China
333.46,7.81,0.496,36.53,1246.6,0.344,1.85,1.31,25.939863,105.304635,1.56,Alluvium_Unconsolidated,0,China
431.88,8.0,0.46,36.99,905.2,0.203,1.74,2.21,29.134389,106.036912,5.37,Alluvium_Unconsolidated,0,China
433.92,7.96,0.212,36.89,896.7,0.246,2.7,2.44,29.333512,106.05799,5.25,Alluvium_Unconsolidated,1,China
322.92,5.75,0.319,32.42,1210.0,0.201,2.23,1.31,27.352873,105.028763,2.08,Alluvium_Unconsolidated,1,China
404.07,7.93,0.447,36.84,1248.9,0.201,2.45,2.0,26.460125,105.207894,4.05,Alluvium_Unconsolidated,1,China
377.85,7.53,0.387,35.89,1241.8,0.201,2.04,1.47,28.299305,105.147731,3.55,Alluvium_Unconsolidated,0,China
316.84,7.54,0.24,35.9,874.6,0.355,1.85,2.21,28.671088,106.123585,4.88,Alluvium_Unconsolidated,0,China
373.4,6.58,0.342,33.89,874.9,0.252,2.28,1.33,25.755754,108.216718,5.71,Alluvium_Unconsolidated,0,China
395.71,5.82,0.394,32.53,852.3,0.358,1.62,1.3,25.162576,104.246845,1.26,Alluvium_Unconsolidated,0,China
387.36,1.58,0.327,29.0,865.9,0.296,3.19,1.33,27.630531,106.424573,4.97,Alluvium_Unconsolidated,1,China
425.38,4.23,0.497,30.41,899.3,0.216,3.11,1.73,29.07864,106.529803,1.81,Alluvium_Unconsolidated,1,China
390.5,3.51,0.484,29.77,1167.7,0.351,1.88,2.28,27.756611,104.92939,5.78,Alluvium_Unconsolidated,0,China
337.48,6.59,0.497,33.9,1146.5,0.343,1.6,2.29,25.936822,106.982028,5.41,Alluvium_Unconsolidated,0,China
439.36,7.02,0.241,34.78,1232.9,0.229,1.61,2.45,29.298604,105.104598,5.74,Alluvium_Unconsolidated,0,China
453.58,7.92,0.277,36.8,1173.7,0.301,2.16,2.33,28.011082,107.639099,5.38,Alluvium_Unconsolidated,0,China
359.64,7.91,0.302,36.77,851.6,0.321,2.8,1.72,28.870241,108.342262,4.76,Alluvium_Unconsolidated,1,China
433.5,8.0,0.201,37.0,1250.0,0.203,2.03,2.34,25.618052,105.240798,4.93,Alluvium_Unconsolidated,0,China
338.06,8.0,0.202,37.0,908.7,0.36,1.8,2.18,28.727624,104.45823,5.14,Alluvium_Unconsolidated,0,China
327.77,5.38,0.497,31.86,921.5,0.254,2.62,1.33,28.452056,106.581589,2.47,Alluvium_Unconsolidated,0,China
416.25,3.01,0.493,29.43,942.3,0.202,3.18,1.37,26.514903,108.050971,5.77,Alluvium_Unconsolidated,0,China
436.06,7.45,0.461,35.7,1141.4,0.277,2.05,1.34,25.363372,107.703114,1.88,Alluvium_Unconsolidated,0,China
333.45,4.89,0.201,31.17,1188.8,0.227,1.73,1.97,27.497971,107.069752,2.45,Alluvium_Unconsolidated,0,China
366.48,2.15,0.379,29.08,1112.5,0.338,2.89,1.63,27.037454,104.825763,4.16,Alluvium_Unconsolidated,0,China
336.18,5.86,0.497,32.61,1212.1,0.234,2.27,1.31,28.410422,105.452017,4.97,Alluvium_Unconsolidated,0,China
316.94,5.8,0.351,32.5,1079.8,0.204,2.56,2.24,27.331157,107.811501,5.09,Alluvium_Unconsolidated,1,China
309.61,6.48,0.426,33.7,876.7,0.218,1.84,1.42,27.278936,108.21073,4.91,Alluvium_Unconsolidated,0,China
303.02,7.97,0.396,36.92,1180.8,0.312,2.05,1.39,28.557404,107.623834,1.91,Alluvium_Unconsolidated,0,China
433.31,2.89,0.237,29.37,855.3,0.231,2.24,2.34,29.3019,104.119113,5.09,Alluvium_Unconsolidated,0,China
395.42,8.0,0.448,36.99,905.8,0.265,3.06,1.5,28.974068,106.035374,2.9,Alluvium_Unconsolidated,0,China
429.02,4.76,0.359,31.01,908.5,0.33,2.67,1.57,27.954311,108.123433,5.33,Alluvium_Unconsolidated,0,China
356.34,6.54,0.223,33.81,1148.1,0.249,1.68,2.4,27.544577,106.984973,1.73,Alluvium_Unconsolidated,0,China
432.7,6.65,0.202,34.02,1226.3,0.203,1.61,1.79,25.621132,105.079257,3.62,Alluvium_Unconsolidated,0,China
325.97,4.99,0.259,31.31,1249.9,0.351,2.85,2.49,28.653646,107.348573,5.8,Alluvium_Unconsolidated,1,China
453.67,4.92,0.408,31.22,850.1,0.2,2.64,1.57,29.177365,106.282803,5.45,Alluvium_Unconsolidated,0,China
439.59,2.32,0.263,29.13,1108.6,0.21,3.2,1.36,25.508677,105.667816,3.01,Alluvium_Unconsolidated,0,China
421.01,7.62,0.498,36.09,1101.1,0.205,1.61,1.71,26.530469,106.900328,1.61,Alluvium_Unconsolidated,0,China
441.51,7.41,0.331,35.62,1239.8,0.228,2.46,2.5,25.459372,105.136429,3.98,Alluvium_Unconsolidated,0,China
384.45,6.66,0.38,34.03,955.7,0.315,1.82,1.46,27.666387,106.650422,5.66,Alluvium_Unconsolidated,0,China
416.15,5.71,0.477,32.36,851.9,0.358,2.48,2.5,27.859533,106.245174,3.84,Alluvium_Unconsolidated,0,China
349.25,4.29,0.256,30.48,1061.9,0.351,2.34,2.45,25.065265,105.747129,4.67,Alluvium_Unconsolidated,0,China
428.98,2.74,0.33,29.29,1221.9,0.287,2.58,1.67,26.716648,107.158773,5.18,Alluvium_Unconsolidated,0,China
357.63,4.42,0.499,30.61,1185.1,0.248,1.7,1.33,28.440285,105.5197,5.09,Alluvium_Unconsolidated,0,China
427.54,7.71,0.202,36.3,1005.3,0.347,3.11,1.9,26.843945,106.738974,1.87,Alluvium_Unconsolidated,1,China
361.49,1.83,0.292,29.02,868.3,0.231,1.73,2.41,26.349845,106.434165,5.55,Alluvium_Unconsolidated,0,China
337.9,7.02,0.37,34.76,1131.2,0.321,1.6,1.9,28.575206,106.953492,2.64,Alluvium_Unconsolidated,1,China
403.94,6.58,0.222,33.89,857.8,0.212,1.63,2.42,25.65911,104.289622,5.79,Alluvium_Unconsolidated,0,China
374.46,7.99,0.352,36.97,850.2,0.344,2.0,2.42,27.019192,108.369564,1.46,Alluvium_Unconsolidated,0,China
311.8,7.3,0.246,35.36,966.0,0.333,2.85,1.35,26.151916,104.575291,4.45,Alluvium_Unconsolidated,0,China
332.45,7.99,0.303,36.99,850.1,0.349,1.75,1.9,26.106888,108.375124,5.45,Alluvium_Unconsolidated,0,China
314.67,4.36,0.378,30.55,1184.1,0.359,2.94,1.39,26.056283,105.522088,4.82,Alluvium_Unconsolidated,0,China
385.99,1.66,0.39,29.0,866.7,0.359,2.11,1.41,25.159575,106.427532,2.38,Alluvium_Unconsolidated,0,China
402.57,4.29,0.229,30.47,1037.9,0.217,3.12,2.29,28.180668,107.881458,1.58,Alluvium_Unconsolidated,0,China
333.75,5.51,0.478,32.05,1028.7,0.219,2.49,2.21,28.376018,104.684245,4.79,Alluvium_Unconsolidated,0,China
345.46,7.17,0.483,35.08,1234.1,0.315,3.2,1.67,25.870447,107.471719,5.48,Alluvium_Unconsolidated,0,China
301.22,7.56,0.281,35.96,1104.6,0.344,2.44,2.18,26.122893,106.906324,1.13,Alluvium_Unconsolidated,0,China
382.16,5.92,0.302,32.7,1016.5,0.332,2.77,1.3,29.498553,105.82312,4.93,Alluvium_Unconsolidated,1,China
395.69,5.27,0.495,31.69,1064.3,0.355,3.04,1.44,27.777185,107.837479,2.59,Alluvium_Unconsolidated,1,China
386.94,8.0,0.355,37.0,911.1,0.36,2.47,1.9,25.136243,104.463766,5.77,Alluvium_Unconsolidated,1,China
394.02,4.84,0.291,31.11,1193.1,0.203,1.95,1.7,28.233782,104.985507,1.03,Alluvium_Unconsolidated,1,China
424.57,7.98,0.498,36.94,1249.6,0.307,3.02,1.72,25.307386,105.264213,2.34,Alluvium_Unconsolidated,1,China
445.3,4.19,0.436,30.37,1064.4,0.247,2.3,2.46,26.642389,105.742898,3.76,Alluvium_Unconsolidated,1,China
319.21,4.69,0.256,30.93,850.0,0.351,2.9,2.5,28.656483,104.193552,5.79,Alluvium_Unconsolidated,0,China
420.94,5.6,0.221,32.18,1207.2,0.333,1.99,2.24,26.80743,105.021066,4.74,Alluvium_Unconsolidated,0,China
377.17,7.43,0.321,35.67,1112.0,0.294,1.91,2.44,27.626284,106.919177,4.22,Alluvium_Unconsolidated,0,China
420.86,8.0,0.21,37.0,1250.0,0.34,3.2,1.55,26.824474,105.248314,2.24,Alluvium_Unconsolidated,0,China
449.44,4.69,0.442,30.93,850.0,0.267,1.66,2.13,25.380608,106.292995,5.79,Alluvium_Unconsolidated,0,China
449.96,7.41,0.458,35.6,871.0,0.203,2.36,1.33,29.135959,104.350215,4.56,Alluvium_Unconsolidated,0,China
308.09,7.59,0.293,36.02,951.0,0.347,2.34,1.39,26.114017,104.547201,5.78,Alluvium_Unconsolidated,0,China
368.36,1.94,0.402,29.04,869.3,0.331,3.14,2.1,27.053123,106.438347,1.22,Alluvium_Unconsolidated,0,China
429.53,7.83,0.492,36.58,1247.0,0.299,3.18,2.07,25.32252,105.185475,4.63,Alluvium_Unconsolidated,1,China
398.81,1.79,0.392,29.02,862.8,0.289,1.6,2.01,28.930926,106.410324,3.08,Alluvium_Unconsolidated,0,China
312.76,1.51,0.334,29.0,1234.9,0.202,1.61,1.35,27.342294,107.207333,3.72,Alluvium_Unconsolidated,0,China
356.56,4.62,0.493,30.84,850.0,0.229,1.93,1.6,28.401003,104.190404,4.37,Alluvium_Unconsolidated,0,China
405.67,5.5,0.469,32.03,1248.9,0.254,2.81,1.45,28.994282,107.372489,3.92,Alluvium_Unconsolidated,1,China
434.46,5.3,0.408,31.73,898.3,0.2,2.77,2.33,29.177047,108.148279,5.72,Alluvium_Unconsolidated,0,China
418.47,2.76,0.24,29.3,878.4,0.218,2.5,1.5,25.678682,104.016408,4.83,Alluvium_Unconsolidated,0,China
303.67,1.66,0.338,29.0,863.8,0.33,2.9,2.05,28.59631,106.415272,4.53,Alluvium_Unconsolidated,0,China
387.37,7.49,0.36,35.79,873.1,0.259,3.08,1.32,25.767785,106.128701,3.07,Alluvium_Unconsolidated,0,China
322.03,3.06,0.235,29.46,1158.6,0.328,2.91,1.3,26.162729,105.575647,1.18,Alluvium_Unconsolidated,1,China
342.76,3.85,0.5,30.04,1206.8,0.268,3.19,1.67,27.173294,107.114425,4.86,Alluvium_Unconsolidated,0,China
307.26,7.19,0.335,35.13,864.1,0.354,1.73,2.2,26.085016,108.258816,3.0,Alluvium_Unconsolidated,0,China
421.71,7.9,0.498,36.76,928.3,0.229,2.8,1.99,29.045332,105.984965,1.46,Alluvium_Unconsolidated,0,China
430.78,6.13,0.24,33.06,939.9,0.205,2.35,1.68,25.529194,106.61979,4.59,Alluvium_Unconsolidated,0,China
377.66,5.28,0.28,31.7,850.5,0.355,3.17,1.32,25.084075,106.266401,1.18,Alluvium_Unconsolidated,0,China
431.03,2.0,0.475,29.05,1115.8,0.285,1.88,2.2,25.348098,104.831437,4.68,Alluvium_Unconsolidated,0,China
396.79,2.88,0.237,29.36,879.8,0.36,2.43,1.45,26.93253,106.474774,5.8,Alluvium_Unconsolidated,0,China
454.6,7.3,0.366,35.36,1134.0,0.332,2.25,1.8,27.949525,107.716882,5.04,Alluvium_Unconsolidated,0,China
410.55,1.9,0.203,29.03,1118.0,0.234,3.19,1.77,28.138032,104.835398,1.59,Alluvium_Unconsolidated,1,China
410.26,6.34,0.476,33.44,1244.4,0.341,2.19,1.33,25.23223,107.416924,5.52,Alluvium_Unconsolidated,0,China
424.01,3.85,0.497,30.04,1248.7,0.214,3.04,1.52,26.564755,107.299201,5.46,Alluvium_Unconsolidated,0,China
435.36,1.64,0.314,29.0,1233.5,0.223,3.01,2.46,25.47099,107.201402,3.1,Alluvium_Unconsolidated,0,China
426.46,5.83,0.48,32.55,852.4,0.288,2.99,1.78,25.342291,104.247563,3.33,Alluvium_Unconsolidated,0,China
316.55,7.62,0.216,36.09,1243.4,0.208,2.3,1.52,27.442573,105.329279,4.86,Alluvium_Unconsolidated,0,China
340.45,7.75,0.385,36.39,854.4,0.209,3.2,2.07,27.308146,108.454797,5.51,Alluvium_Unconsolidated,1,China
388.63,6.91,0.428,34.54,1135.4,0.275,2.44,1.82,28.957069,106.96119,4.57,Alluvium_Unconsolidated,0,China
414.84,5.41,0.421,31.9,1068.4,0.253,3.16,2.49,26.654033,107.830707,5.8,Alluvium_Unconsolidated,1,China
341.95,6.98,0.206,34.68,1120.2,0.276,3.08,1.33,26.261719,107.741816,5.21,Alluvium_Unconsolidated,0,China
351.92,4.92,0.304,31.21,1249.9,0.321,1.67,1.89,28.87141,107.345229,5.76,Alluvium_Unconsolidated,0,China
442.61,5.16,0.489,31.53,1199.0,0.359,2.48,1.78,27.842186,105.486678,4.74,Alluvium_Unconsolidated,0,China
332.74,7.74,0.204,36.38,1218.0,0.305,2.23,1.67,26.208778,107.528946,5.61,Alluvium_Unconsolidated,1,China
322.01,4.6,0.256,30.81,1188.5,0.201,2.34,1.52,27.39943,104.974751,1.31,Alluvium_Unconsolidated,0,China
346.55,7.46,0.48,35.72,989.2,0.221,2.74,1.97,28.378953,106.711272,3.37,Alluvium_Unconsolidated,0,China
413.8,6.49,0.201,33.71,856.9,0.347,2.66,1.41,26.84653,104.284026,2.77,Alluvium_Unconsolidated,0,China
452.41,7.27,0.362,35.3,979.8,0.276,1.71,2.38,26.695759,106.694534,2.08,Alluvium_Unconsolidated,0,China
342.67,3.73,0.484,29.94,851.7,0.243,2.96,2.34,27.221274,106.33385,5.72,Alluvium_Unconsolidated,0,China
326.73,3.32,0.484,29.63,1014.2,0.268,1.64,2.08,28.477645,107.921284,5.8,Alluvium_Unconsolidated,0,China
327.49,6.46,0.477,33.65,856.6,0.274,1.82,2.26,28.487178,106.204577,1.98,Alluvium_Unconsolidated,0,China
359.13,4.06,0.209,30.25,921.6,0.274,1.63,2.01,26.266344,108.093659,5.79,Alluvium_Unconsolidated,0,China
331.47,6.18,0.496,33.14,1158.9,0.256,1.97,2.47,28.454897,107.006101,5.78,Alluvium_Unconsolidated,0,China
326.46,7.37,0.239,35.52,984.6,0.203,3.18,2.5,27.415353,106.703025,5.75,Alluvium_Unconsolidated,0,China
430.92,8.0,0.5,37.0,850.0,0.359,2.93,2.38,27.806501,108.39101,3.92,Alluvium_Unconsolidated,0,China
319.53,7.94,0.226,36.86,1176.7,0.323,2.54,1.32,26.17288,107.632575,5.67,Alluvium_Unconsolidated,1,China
377.2,5.39,0.339,31.87,1032.3,0.218,1.67,1.46,26.382329,104.690184,3.81,Alluvium_Unconsolidated,0,China
323.93,1.76,0.242,29.01,867.6,0.202,1.73,1.32,27.412169,104.055295,2.37,Alluvium_Unconsolidated,1,China
347.73,7.85,0.225,36.63,1166.5,0.205,2.61,2.33,27.429984,107.65407,5.31,Alluvium_Unconsolidated,0,China
427.44,7.98,0.439,36.96,1249.7,0.265,2.39,2.1,25.383722,105.260721,4.38,Alluvium_Unconsolidated,0,China
335.78,2.39,0.477,29.15,874.1,0.354,2.71,1.82,25.974067,104.030965,3.18,Alluvium_Unconsolidated,0,China
434.11,4.61,0.263,30.83,1194.1,0.21,2.7,2.0,25.509157,107.082205,5.25,Alluvium_Unconsolidated,0,China
409.1,7.64,0.201,36.13,948.2,0.25,1.62,2.48,28.105677,104.541744,1.4,Alluvium_Unconsolidated,1,China
320.58,2.9,0.413,29.37,944.6,0.306,2.81,2.2,28.545215,108.046395,3.94,Alluvium_Unconsolidated,1,China
365.45,7.83,0.249,36.59,1165.3,0.247,3.1,1.72,26.315282,107.656577,5.09,Alluvium_Unconsolidated,1,China
429.48,7.9,0.207,36.75,928.8,0.251,2.32,2.24,29.343516,105.983917,5.76,Alluvium_Unconsolidated,0,China
380.22,7.58,0.432,36.0,1224.1,0.202,2.89,2.5,26.447178,107.509145,5.8,Alluvium_Unconsolidated,0,China
371.66,5.09,0.391,31.44,1040.7,0.201,3.0,2.47,28.301904,104.704322,5.63,Alluvium_Unconsolidated,0,China
354.95,7.67,0.479,36.2,1097.7,0.22,3.16,2.46,28.377669,106.894415,4.35,Alluvium_Unconsolidated,0,China
414.67,7.92,0.298,36.81,925.8,0.219,1.86,1.97,25.482127,105.990278,1.52,Alluvium_Unconsolidated,1,China
369.27,6.77,0.399,34.25,987.9,0.274,2.72,1.87,25.794537,105.872159,3.23,Alluvium_Unconsolidated,1,China
369.28,7.42,0.312,35.65,959.9,0.225,3.18,1.38,26.363767,105.922777,1.43,Alluvium_Unconsolidated,0,China
326.99,7.54,0.463,35.92,994.2,0.282,3.13,1.46,28.502774,106.719946,3.85,Alluvium_Unconsolidated,0,China
424.5,6.82,0.353,34.36,1229.3,0.234,2.87,2.48,25.444767,105.090303,0.84,Alluvium_Unconsolidated,1,China
434.59,4.73,0.343,30.97,1191.0,0.325,2.76,1.53,27.964671,104.980457,4.98,Alluvium_Unconsolidated,1,China
392.09,5.59,0.427,32.17,926.2,0.354,1.68,1.78,25.186732,106.591644,5.74,Alluvium_Unconsolidated,0,China
355.01,5.94,0.292,32.73,1084.1,0.357,3.14,2.5,25.09339,107.804258,1.37,Alluvium_Unconsolidated,0,China
404.49,7.59,0.234,36.03,1242.9,0.216,3.03,2.38,25.672316,105.3323,2.94,Alluvium_Unconsolidated,0,China
354.81,3.69,0.254,29.91,1076.8,0.266,2.68,2.45,27.576174,104.764588,2.97,Alluvium_Unconsolidated,0,China
397.39,7.82,0.207,36.55,1164.0,0.206,2.58,2.2,25.635582,107.659274,2.21,Alluvium_Unconsolidated,1,China
354.43,3.07,0.49,29.47,1008.4,0.263,1.63,2.16,28.468019,107.931247,5.79,Alluvium_Unconsolidated,0,China
411.43,5.69,0.498,32.33,1209.0,0.218,1.65,1.68,29.074383,105.460706,5.8,Alluvium_Unconsolidated,0,China
402.75,6.6,0.232,33.93,858.0,0.36,3.18,1.69,26.926786,104.290882,5.77,Alluvium_Unconsolidated,0,China
353.96,6.36,0.208,33.46,855.7,0.238,1.63,1.46,27.522616,106.210554,5.8,Alluvium_Unconsolidated,0,China
395.51,7.08,0.437,34.9,1128.5,0.353,3.18,2.47,25.194685,106.94865,4.61,Alluvium_Unconsolidated,0,China
412.58,3.78,0.499,29.99,892.2,0.322,1.89,1.31,25.277361,106.51115,4.59,Alluvium_Unconsolidated,0,China
445.03,5.39,0.205,31.86,1249.2,0.257,3.03,1.94,28.091566,107.367058,2.53,Alluvium_Unconsolidated,1,China
325.84,5.68,0.459,32.31,1023.7,0.357,2.02,2.29,25.993663,104.675828,4.88,Alluvium_Unconsolidated,0,China
418.87,7.99,0.289,36.97,902.7,0.306,2.59,2.42,28.001954,104.44372,3.13,Alluvium_Unconsolidated,1,China
441.49,7.98,0.21,36.96,850.3,0.34,3.17,1.61,26.824464,108.367048,1.12,Alluvium_Unconsolidated,1,China
354.58,7.91,0.5,36.79,926.8,0.264,1.78,1.42,27.180779,105.988267,3.07,Alluvium_Unconsolidated,0,China
408.73,2.46,0.477,29.17,874.9,0.341,1.6,1.31,25.233928,106.458491,5.26,Alluvium_Unconsolidated,0,China
387.83,5.07,0.342,31.42,850.2,0.217,1.63,2.37,26.384217,106.275969,4.47,Alluvium_Unconsolidated,0,China
332.11,7.33,0.465,35.43,1135.3,0.281,2.01,1.36,28.501408,107.714419,1.58,Alluvium_Unconsolidated,0,China
369.66,8.0,0.457,37.0,1250.0,0.31,1.6,2.5,27.097418,105.238124,5.35,Alluvium_Unconsolidated,0,China
370.59,7.17,0.47,35.1,1124.6,0.306,2.2,2.07,25.853933,106.941553,3.08,Alluvium_Unconsolidated,0,China
426.82,7.51,0.461,35.83,992.1,0.355,2.94,1.39,27.877058,106.71624,3.85,Alluvium_Unconsolidated,0,China
355.56,3.23,0.496,29.57,884.3,0.233,1.73,1.3,28.408618,106.488702,5.53,Alluvium_Unconsolidated,0,China
337.51,8.0,0.212,36.99,1249.9,0.314,2.57,2.22,26.191503,105.252993,2.13,Alluvium_Unconsolidated,0,China
393.06,7.26,0.359,35.27,863.0,0.258,2.68,1.37,25.766811,108.26414,5.3,Alluvium_Unconsolidated,0,China
394.73,1.73,0.266,29.01,1121.6,0.358,2.28,2.06,26.958531,104.841869,5.71,Alluvium_Unconsolidated,0,China
364.77,3.93,0.26,30.12,851.1,0.269,2.67,1.38,27.581576,106.325553,2.89,Alluvium_Unconsolidated,0,China
419.13,2.44,0.243,29.17,874.7,0.212,2.89,1.94,28.195183,106.457903,5.8,Alluvium_Unconsolidated,1,China
437.71,3.82,0.436,30.02,892.8,0.247,2.4,2.05,26.642432,106.512783,4.32,Alluvium_Unconsolidated,0,China
366.94,1.57,0.421,29.0,1125.0,0.325,3.15,1.58,27.067135,104.847822,1.16,Alluvium_Unconsolidated,0,China
427.59,6.56,0.491,33.85,1224.6,0.22,2.31,2.15,26.581346,105.41309,5.75,Alluvium_Unconsolidated,0,China
390.59,7.69,0.389,36.25,879.7,0.27,3.05,1.3,25.787218,106.106455,2.75,Alluvium_Unconsolidated,0,China
322.08,3.51,0.465,29.77,1167.7,0.356,3.2,2.36,25.987888,104.929389,2.1,Alluvium_Unconsolidated,0,China
399.86,5.63,0.222,32.23,1248.5,0.211,1.61,2.31,25.658772,107.379,4.93,Alluvium_Unconsolidated,0,China
410.23,4.58,0.218,30.79,1054.5,0.295,2.22,1.32,29.422892,104.727293,3.19,Alluvium_Unconsolidated,0,China
331.21,7.96,0.491,36.9,897.0,0.227,3.19,2.33,28.396094,106.057301,3.38,Alluvium_Unconsolidated,0,China
446.38,5.82,0.237,32.53,1247.7,0.231,1.65,1.94,29.302129,107.388356,4.5,Alluvium_Unconsolidated,0,China
434.57,3.54,0.2,29.79,1168.1,0.269,2.38,1.42,29.376558,105.556344,4.43,Alluvium_Unconsolidated,0,China
375.62,7.88,0.328,36.71,1078.6,0.36,2.56,2.45,25.118134,106.8619,2.08,Alluvium_Unconsolidated,0,China
446.66,6.31,0.293,33.39,1220.2,0.213,1.79,2.44,29.255575,105.059149,2.33,Alluvium_Unconsolidated,1,China
428.34,5.91,0.491,32.69,1247.2,0.333,2.25,1.42,25.254693,107.393466,5.67,Alluvium_Unconsolidated,0,China
345.59,7.96,0.447,36.91,897.6,0.315,1.61,2.03,27.08819,106.055682,2.01,Alluvium_Unconsolidated,0,China
426.57,4.69,0.498,30.93,1192.6,0.357,2.84,2.32,27.788163,107.078656,5.79,Alluvium_Unconsolidated,0,China
358.02,7.8,0.272,36.51,853.5,0.238,2.97,2.49,26.33439,108.447615,1.78,Alluvium_Unconsolidated,0,China
441.95,4.71,0.497,30.95,1190.7,0.216,1.84,1.8,29.081071,105.506964,4.93,Alluvium_Unconsolidated,0,China
367.28,4.74,0.308,30.99,1191.6,0.226,1.68,1.67,26.360772,107.076476,4.86,Alluvium_Unconsolidated,0,China
368.57,7.62,0.435,36.1,877.4,0.32,1.9,2.12,27.078078,104.372607,5.79,Alluvium_Unconsolidated,0,China
435.15,3.91,0.475,30.1,1175.4,0.285,2.56,2.46,25.348404,104.94561,2.07,Alluvium_Unconsolidated,0,China
411.65,7.95,0.225,36.87,895.6,0.218,1.61,2.23,28.17611,104.425651,1.92,Alluvium_Unconsolidated,1,China
324.2,5.51,0.287,32.04,851.1,0.345,1.95,1.79,26.118891,104.231435,5.8,Alluvium_Unconsolidated,0,China
326.12,5.97,0.498,32.78,1015.0,0.258,3.15,1.64,27.192246,104.661067,1.12,Alluvium_Unconsolidated,0,China
431.64,7.64,0.488,36.14,878.0,0.359,3.18,2.34,27.842642,106.11213,4.81,Alluvium_Unconsolidated,1,China
425.57,2.78,0.492,29.31,878.6,0.212,2.96,1.49,29.091819,106.470932,3.6,Alluvium_Unconsolidated,0,China
374.52,7.99,0.332,36.97,902.5,0.311,3.07,2.47,28.890383,104.443234,5.53,Alluvium_Unconsolidated,0,China
438.49,5.24,0.205,31.65,899.4,0.344,2.13,2.38,26.834839,108.145649,5.36,Alluvium_Unconsolidated,0,China
396.15,7.85,0.291,36.63,887.4,0.203,2.36,1.54,28.233551,106.083267,5.79,Alluvium_Unconsolidated,0,China
354.73,3.78,0.221,29.98,1025.2,0.248,2.34,2.49,27.542202,107.902801,1.28,Alluvium_Unconsolidated,0,China
426.63,7.56,0.412,35.95,857.7,0.257,1.64,1.31,26.66108,108.292124,0.83,Alluvium_Unconsolidated,1,China
315.14,7.62,0.484,36.09,1243.4,0.268,3.19,2.22,28.477397,105.157591,4.88,Alluvium_Unconsolidated,0,China
430.87,6.38,0.229,33.52,1001.5,0.235,3.17,1.42,29.31103,104.638095,1.17,Alluvium_Unconsolidated,0,China
397.5,7.68,0.44,36.24,1154.5,0.201,1.84,2.27,26.45336,107.678069,1.67,Alluvium_Unconsolidated,0,China
403.02,7.73,0.247,36.36,854.6,0.22,3.04,2.29,25.685786,108.456582,2.81,Alluvium_Unconsolidated,0,China
400.38,2.78,0.455,29.31,1098.4,0.2,2.91,2.0,26.466904,105.685526,4.02,Alluvium_Unconsolidated,0,China
329.66,7.78,0.371,36.46,1246.2,0.32,1.74,2.15,28.574182,105.308863,5.32,Alluvium_Unconsolidated,0,China
344.82,7.63,0.499,36.11,877.5,0.332,2.98,1.65,25.907763,104.373117,1.88,Alluvium_Unconsolidated,1,China
420.72,3.59,0.229,29.82,1247.8,0.235,2.0,2.3,29.310609,107.288549,5.76,Alluvium_Unconsolidated,0,China
436.92,7.39,0.316,35.56,1239.3,0.293,3.13,1.37,26.726382,105.352692,1.47,Alluvium_Unconsolidated,1,China
432.72,7.95,0.209,36.87,1204.2,0.358,3.11,1.31,26.895738,107.567845,3.52,Alluvium_Unconsolidated,0,China
340.91,6.44,0.491,33.63,1100.5,0.249,3.15,1.81,27.209973,107.776246,1.11,Alluvium_Unconsolidated,0,China
347.94,6.15,0.211,33.1,1159.6,0.353,3.18,1.32,28.78377,107.007436,1.55,Alluvium_Unconsolidated,0,China
316.66,7.74,0.293,36.38,1008.1,0.343,1.99,1.3,28.627766,106.743753,5.77,Alluvium_Unconsolidated,0,China
425.69,7.76,0.475,36.42,882.9,0.206,1.64,1.94,29.118628,106.096656,4.36,Alluvium_Unconsolidated,0,China
310.89,3.68,0.332,29.9,1022.9,0.354,3.18,2.18,26.087279,107.906686,1.35,Alluvium_Unconsolidated,0,China
422.16,4.76,0.206,31.02,1191.2,0.259,2.29,1.3,28.088798,107.075355,1.65,Alluvium_Unconsolidated,0,China
332.69,6.65,0.433,34.01,1144.7,0.36,1.92,2.49,26.01646,106.978503,4.42,Alluvium_Unconsolidated,0,China
344.19,2.46,0.493,29.18,874.9,0.323,1.91,1.47,25.887632,104.02811,4.49,Alluvium_Unconsolidated,0,China
378.47,7.99,0.374,36.99,850.1,0.313,1.67,1.83,27.661826,108.374553,1.46,Alluvium_Unconsolidated,0,China
430.24,1.54,0.207,29.0,1235.1,0.2,3.06,2.14,25.573491,107.208485,5.32,Alluvium_Unconsolidated,0,China
442.21,7.98,0.376,36.96,901.2,0.201,1.6,1.34,29.199245,104.440097,2.94,Alluvium_Unconsolidated,0,China
408.51,2.92,0.2,29.38,1219.7,0.201,3.11,1.81,25.601421,107.151836,4.96,Alluvium_Unconsolidated,0,China
333.73,6.16,0.294,33.12,1217.5,0.342,2.75,2.3,28.626665,105.050731,1.88,Alluvium_Unconsolidated,1,China
411.15,2.31,0.402,29.12,1241.1,0.358,1.9,1.52,25.168151,107.238003,5.79,Alluvium_Unconsolidated,0,China
321.4,6.78,0.423,34.27,1140.2,0.301,1.64,2.13,28.537549,106.970026,4.3,Alluvium_Unconsolidated,0,China
389.38,3.24,0.399,29.57,1087.8,0.286,1.75,2.39,28.936272,105.70362,5.42,Alluvium_Unconsolidated,0,China
350.87,6.91,0.203,34.55,982.3,0.232,1.61,2.29,27.509898,104.604647,5.0,Alluvium_Unconsolidated,0,China
330.79,5.25,0.251,31.67,918.6,0.335,1.81,1.3,26.146935,106.575277,2.07,Alluvium_Unconsolidated,0,China
334.92,7.59,0.396,36.02,1242.9,0.211,2.53,1.56,27.300525,105.154028,1.83,Alluvium_Unconsolidated,1,China
390.91,7.87,0.27,36.67,1019.6,0.358,2.75,1.47,26.961472,106.763284,5.68,Alluvium_Unconsolidated,0,China
443.98,5.0,0.362,31.32,1249.9,0.331,2.72,2.43,27.951915,107.349133,3.26,Alluvium_Unconsolidated,0,China
440.92,7.79,0.345,36.49,884.2,0.205,1.61,1.3,29.220145,104.393971,3.58,Alluvium_Unconsolidated,0,China
321.29,1.51,0.239,29.0,865.1,0.33,2.6,2.44,26.158619,104.065703,3.06,Alluvium_Unconsolidated,0,China
385.58,5.77,0.316,32.45,1021.1,0.243,2.75,2.15,25.738187,104.671483,1.9,Alluvium_Unconsolidated,0,China
370.19,6.88,0.384,34.48,861.4,0.292,2.73,1.35,28.925249,106.177697,2.07,Alluvium_Unconsolidated,1,China
315.64,3.23,0.37,29.56,1246.4,0.321,3.07,2.46,28.574948,107.274009,2.36,Alluvium_Unconsolidated,0,China
440.78,5.14,0.272,31.5,1039.5,0.31,1.63,2.47,26.758197,105.784438,5.79,Alluvium_Unconsolidated,0,China
423.35,7.96,0.48,36.91,1033.8,0.227,1.6,2.37,26.598929,106.78707,2.13,Alluvium_Unconsolidated,1,China
398.83,5.53,0.248,32.08,924.8,0.312,2.25,1.79,29.455927,106.588654,1.98,Alluvium_Unconsolidated,0,China
326.42,6.87,0.302,34.45,1230.1,0.348,2.66,1.41,26.107954,105.393223,2.83,Alluvium_Unconsolidated,0,China
396.47,7.23,0.445,35.22,867.1,0.351,3.18,1.79,25.201734,106.151698,4.0,Alluvium_Unconsolidated,0,China
363.38,4.75,0.26,31.0,1191.5,0.269,2.45,2.3,27.581342,107.076055,5.78,Alluvium_Unconsolidated,0,China
455.11,7.94,0.311,36.85,894.8,0.294,2.84,1.9,26.729541,106.062927,4.14,Alluvium_Unconsolidated,0,China
408.73,7.35,0.383,35.47,1230.4,0.359,1.92,1.45,25.155043,107.486578,4.3,Alluvium_Unconsolidated,0,China
357.14,7.98,0.385,36.95,1249.6,0.201,2.49,1.33,28.297609,105.22326,1.54,Alluvium_Unconsolidated,1,China
458.34,7.56,0.356,35.95,875.2,0.235,1.63,2.46,25.442584,106.121303,4.59,Alluvium_Unconsolidated,0,China
348.95,6.85,0.488,34.42,1115.4,0.29,2.47,1.56,27.13404,107.750388,5.77,Alluvium_Unconsolidated,0,China
351.6,5.82,0.462,32.53,1247.7,0.302,2.84,1.52,25.845776,107.38863,4.14,Alluvium_Unconsolidated,0,China
429.38,7.98,0.494,36.95,850.3,0.214,2.25,1.33,29.087597,108.366009,3.44,Alluvium_Unconsolidated,0,China
398.09,4.9,0.366,31.19,1250.0,0.212,2.85,2.37,26.400054,107.344579,4.45,Alluvium_Unconsolidated,0,China
420.27,4.55,0.201,30.76,850.1,0.273,1.61,2.43,29.384689,104.18727,1.74,Alluvium_Unconsolidated,0,China
402.02,2.27,0.2,29.11,1109.8,0.201,2.69,1.71,25.605681,105.665799,5.54,Alluvium_Unconsolidated,0,China
423.39,3.7,0.469,29.92,1171.3,0.232,2.72,1.63,26.61178,104.936931,2.14,Alluvium_Unconsolidated,1,China
372.76,6.69,0.405,34.09,859.0,0.33,1.84,2.48,27.055336,106.190443,3.67,Alluvium_Unconsolidated,1,China
429.97,7.95,0.221,36.89,1249.2,0.333,3.2,1.42,26.807609,105.273127,2.22,Alluvium_Unconsolidated,1,China
329.14,6.18,0.212,33.15,1217.9,0.314,1.61,2.49,26.191339,105.051845,5.73,Alluvium_Unconsolidated,0,China
440.49,6.28,0.28,33.32,1005.1,0.214,2.06,1.31,25.495325,104.644247,3.42,Alluvium_Unconsolidated,0,China
378.74,3.28,0.334,29.6,1246.6,0.25,1.61,1.56,25.750471,107.276105,5.64,Alluvium_Unconsolidated,0,China
405.69,3.94,0.255,30.12,924.1,0.359,2.83,2.39,26.949024,108.08825,4.57,Alluvium_Unconsolidated,1,China
374.55,6.27,0.359,33.31,1219.5,0.308,2.04,2.35,27.651926,105.056842,5.69,Alluvium_Unconsolidated,0,China
410.91,6.59,0.49,33.91,1105.7,0.202,1.73,2.23,26.509229,107.767211,5.53,Alluvium_Unconsolidated,0,China
442.58,2.52,0.384,29.2,1147.8,0.201,3.15,2.5,29.194174,104.890159,4.53,Alluvium_Unconsolidated,0,China
399.64,4.48,0.47,30.68,850.1,0.346,1.82,2.19,27.738867,104.184396,1.93,Alluvium_Unconsolidated,0,China
433.64,4.83,0.338,31.09,907.2,0.205,2.47,2.48,29.225017,108.126507,4.69,Alluvium_Unconsolidated,0,China
347.23,7.61,0.494,36.06,950.0,0.23,3.0,2.5,28.403417,105.941417,3.23,Alluvium_Unconsolidated,0,China
441.89,7.93,0.486,36.83,1028.3,0.209,2.22,2.41,29.102807,106.777936,3.2,Alluvium_Unconsolidated,0,China
325.35,4.4,0.25,30.59,1059.3,0.334,3.17,1.79,26.14826,104.735185,4.12,Alluvium_Unconsolidated,0,China
338.18,7.7,0.485,36.27,855.3,0.224,3.14,1.36,28.386873,108.461646,3.97,Alluvium_Unconsolidated,0,China
327.48,3.72,0.466,29.93,1171.6,0.28,1.68,1.3,28.499626,105.549039,1.56,Alluvium_Unconsolidated,0,China
419.93,7.4,0.388,35.6,986.3,0.245,2.82,1.31,25.420985,106.706071,1.31,Alluvium_Unconsolidated,1,China
346.47,7.61,0.493,36.07,1243.2,0.323,3.1,1.32,25.886896,105.156205,5.05,Alluvium_Unconsolidated,0,China
404.45,7.76,0.499,36.43,1009.6,0.322,3.15,1.9,25.278424,106.74634,5.79,Alluvium_Unconsolidated,0,China
333.53,3.02,0.202,29.44,854.6,0.302,2.43,2.12,26.21576,106.362294,4.52,Alluvium_Unconsolidated,1,China
411.53,3.73,0.201,29.94,1076.0,0.348,1.72,2.28,26.847505,104.763153,5.19,Alluvium_Unconsolidated,0,China
394.63,7.71,0.353,36.31,1245.0,0.2,2.87,1.35,28.27663,105.318047,4.32,Alluvium_Unconsolidated,0,China
391.2,6.53,0.355,33.78,1103.4,0.306,2.53,1.75,27.649354,107.771321,1.78,Alluvium_Unconsolidated,1,China
359.55,8.0,0.495,37.0,907.5,0.281,1.77,1.66,27.150094,106.031355,2.94,Alluvium_Unconsolidated,1,China
312.93,4.92,0.464,31.22,911.9,0.357,3.14,1.6,25.988638,106.56017,4.63,Alluvium_Unconsolidated,1,China
305.91,2.14,0.303,29.08,1112.7,0.2,1.63,2.46,27.363597,105.660741,1.11,Alluvium_Unconsolidated,0,China
358.44,7.05,0.255,34.84,1233.4,0.244,2.85,2.27,26.320655,105.106646,4.18,Alluvium_Unconsolidated,1,China
439.54,7.28,0.278,35.33,966.7,0.214,1.74,1.42,25.496901,104.576575,5.47,Alluvium_Unconsolidated,0,China
333.69,2.95,0.497,29.4,1094.4,0.234,1.7,1.92,28.41081,105.692335,2.06,Alluvium_Unconsolidated,1,China
359.04,7.25,0.278,35.26,867.5,0.355,2.69,1.36,25.082455,106.149876,5.29,Alluvium_Unconsolidated,0,China
368.18,7.75,0.412,36.39,854.4,0.279,3.15,1.37,25.803463,108.315111,1.11,Alluvium_Unconsolidated,0,China
312.94,7.97,0.372,36.93,850.5,0.207,3.16,1.87,27.316874,108.408992,5.8,Alluvium_Unconsolidated,0,China
370.03,7.45,0.248,35.7,872.1,0.339,2.04,2.47,28.82788,104.354322,3.57,Alluvium_Unconsolidated,0,China
350.15,7.13,0.486,35.01,865.2,0.224,2.64,1.97,28.387331,108.25424,2.69,Alluvium_Unconsolidated,0,China
432.23,7.53,0.217,35.88,954.4,0.222,1.99,2.5,28.165245,104.553698,4.69,Alluvium_Unconsolidated,0,China
373.46,3.7,0.377,29.92,1248.2,0.295,1.74,1.5,28.920964,107.293311,5.49,Alluvium_Unconsolidated,0,China
384.34,3.47,0.3,29.74,852.6,0.322,2.22,2.07,28.868375,106.344455,5.19,Alluvium_Unconsolidated,1,China
434.22,2.02,0.487,29.05,1137.5,0.21,2.67,2.1,29.101293,105.61603,2.85,Alluvium_Unconsolidated,0,China
350.68,7.33,0.477,35.44,861.6,0.219,3.08,1.3,28.37589,108.499185,3.09,Alluvium_Unconsolidated,0,China
445.88,6.89,0.248,34.5,1230.5,0.207,2.06,2.26,25.521279,105.391669,5.08,Alluvium_Unconsolidated,0,China
382.83,8.0,0.373,36.99,905.4,0.263,3.2,1.35,25.776161,106.036224,5.57,Alluvium_Unconsolidated,1,China
343.94,7.96,0.224,36.91,897.8,0.358,1.68,1.89,28.688026,106.055307,5.71,Alluvium_Unconsolidated,0,China
368.13,2.83,0.462,29.33,1097.2,0.302,1.63,2.19,25.845383,104.799148,0.98,Alluvium_Unconsolidated,0,China
443.77,5.22,0.242,31.62,1200.2,0.286,1.78,2.49,28.040092,105.483815,5.28,Alluvium_Unconsolidated,0,China
423.97,5.68,0.203,32.32,928.4,0.257,1.62,1.38,29.354232,106.596302,5.77,Alluvium_Unconsolidated,0,China
365.35,7.99,0.3,36.98,1249.9,0.228,3.04,2.48,26.355384,105.255921,2.67,Alluvium_Unconsolidated,1,China
397.2,5.68,0.259,32.31,1208.8,0.224,1.64,1.36,25.696072,105.025426,0.86,Alluvium_Unconsolidated,0,China
433.92,7.61,0.228,36.06,1243.2,0.235,2.84,1.85,29.312032,105.33063,4.14,Alluvium_Unconsolidated,0,China
327.77,5.05,0.34,31.38,1249.8,0.355,2.42,1.7,26.081735,107.35124,4.23,Alluvium_Unconsolidated,0,China
324.79,5.03,0.473,31.36,1042.3,0.277,1.6,1.75,28.492631,104.706963,5.14,Alluvium_Unconsolidated,0,China
431.09,7.0,0.277,34.72,863.0,0.213,2.31,2.25,25.497819,104.317136,3.8,Alluvium_Unconsolidated,0,China
325.83,1.52,0.498,29.0,865.0,0.343,2.56,1.42,25.935667,106.420638,5.64,Alluvium_Unconsolidated,0,China
443.96,2.59,0.381,29.22,857.1,0.201,3.14,1.93,29.195916,104.107232,3.94,Alluvium_Unconsolidated,0,China
341.54,3.09,0.497,29.48,1245.7,0.278,2.68,2.28,27.156207,107.268473,2.46,Alluvium_Unconsolidated,0,China
343.74,7.66,0.202,36.18,878.6,0.357,1.69,2.47,28.760147,104.376657,5.71,Alluvium_Unconsolidated,0,China
459.47,7.16,0.397,35.06,1235.3,0.248,2.96,2.5,25.415334,105.114668,1.74,Alluvium_Unconsolidated,0,China
437.28,8.0,0.446,37.0,906.1,0.201,1.69,2.27,29.147507,106.034679,4.95,Alluvium_Unconsolidated,0,China
409.98,7.55,0.46,35.93,1225.1,0.342,1.72,1.53,27.728274,107.505802,5.58,Alluvium_Unconsolidated,0,China
390.02,4.22,0.398,30.4,1200.9,0.358,2.76,1.97,25.165425,107.099123,1.79,Alluvium_Unconsolidated,1,China
402.6,2.64,0.26,29.25,1223.1,0.225,2.3,1.45,25.696639,107.162784,3.71,Alluvium_Unconsolidated,0,China
368.26,5.79,0.358,32.48,1020.7,0.307,2.79,1.89,27.651206,104.67067,3.76,Alluvium_Unconsolidated,0,China
406.11,7.75,0.488,36.39,1091.8,0.352,2.92,1.78,27.762425,106.884322,4.0,Alluvium_Unconsolidated,1,China
436.96,1.7,0.226,29.01,867.1,0.203,3.19,2.23,25.544289,104.057387,3.61,Alluvium_Unconsolidated,1,China
426.19,2.78,0.21,29.31,878.7,0.358,2.08,1.37,26.898135,106.471196,5.16,Alluvium_Unconsolidated,0,China
425.8,4.86,0.215,31.14,1250.0,0.268,3.18,1.95,28.072333,107.342838,4.67,Alluvium_Unconsolidated,0,China
424.06,7.98,0.486,36.95,850.4,0.359,3.17,2.45,27.847075,108.405231,1.19,Alluvium_Unconsolidated,0,China
448.5,8.0,0.463,37.0,850.0,0.203,1.78,1.39,29.131848,108.387956,2.4,Alluvium_Unconsolidated,1,China
350.28,7.66,0.483,36.18,1221.5,0.315,3.15,1.84,25.870075,107.51796,4.21,Alluvium_Unconsolidated,0,China
410.42,7.9,0.48,36.75,1248.2,0.339,3.03,1.63,25.238086,105.198919,5.33,Alluvium_Unconsolidated,0,China
425.46,4.77,0.2,31.03,1191.8,0.245,3.01,1.32,28.114913,104.982519,5.6,Alluvium_Unconsolidated,0,China
449.31,6.55,0.341,33.84,1147.6,0.23,1.69,1.92,25.452767,106.984136,1.88,Alluvium_Unconsolidated,0,China
398.41,2.23,0.289,29.1,1141.9,0.203,2.61,2.07,28.232811,104.878958,5.31,Alluvium_Unconsolidated,0,China
398.8,4.32,0.279,30.51,1249.7,0.205,2.16,1.32,28.224682,107.319052,5.39,Alluvium_Unconsolidated,0,China
424.55,5.05,0.2,31.39,1197.0,0.267,2.8,1.59,29.373768,105.491609,1.42,Alluvium_Unconsolidated,1,China
352.88,7.58,0.493,36.01,1242.7,0.284,2.19,2.49,27.144904,105.333437,2.43,Alluvium_Unconsolidated,1,China
398.65,4.55,0.471,30.76,1187.6,0.2,2.03,2.48,26.483143,105.514091,4.93,Alluvium_Unconsolidated,0,China
381.42,4.56,0.273,30.77,850.1,0.323,2.17,2.48,29.4773,104.18765,5.47,Alluvium_Unconsolidated,0,China
437.05,2.44,0.236,29.17,874.6,0.205,3.18,2.19,25.533385,104.02905,1.55,Alluvium_Unconsolidated,0,China
456.39,7.81,0.372,36.55,936.1,0.334,3.17,1.44,27.945171,105.968942,4.47,Alluvium_Unconsolidated,0,China
314.78,1.51,0.315,29.0,1126.3,0.337,3.03,1.33,28.611945,105.636487,2.88,Alluvium_Unconsolidated,1,China
341.43,7.41,0.5,35.61,1228.9,0.337,2.99,1.53,25.919828,107.492183,2.1,Alluvium_Unconsolidated,1,China
360.55,1.67,0.424,29.01,969.9,0.205,1.9,2.45,28.325949,107.998666,1.06,Alluvium_Unconsolidated,1,China
419.88,7.44,0.323,35.69,1141.1,0.208,2.23,1.48,29.234685,107.703788,5.63,Alluvium_Unconsolidated,0,China
339.44,2.36,0.496,29.14,1144.6,0.28,2.88,1.39,27.151578,104.883918,5.8,Alluvium_Unconsolidated,0,China
425.43,5.39,0.205,31.86,1067.6,0.257,2.14,2.07,28.091316,107.831993,5.36,Alluvium_Unconsolidated,0,China
426.29,5.27,0.262,31.69,1249.5,0.21,2.8,2.48,25.509347,107.361636,5.76,Alluvium_Unconsolidated,0,China
434.16,2.35,0.31,29.14,955.6,0.295,1.96,2.33,26.730389,108.025205,5.79,Alluvium_Unconsolidated,0,China
348.23,7.38,0.23,35.55,870.4,0.326,1.72,1.62,26.167697,104.347871,2.21,Alluvium_Unconsolidated,0,China
358.01,7.86,0.297,36.65,888.2,0.285,1.71,1.33,27.609689,104.405615,3.21,Alluvium_Unconsolidated,0,China
332.08,4.01,0.403,30.19,895.8,0.213,1.6,2.49,27.295548,106.520558,5.52,Alluvium_Unconsolidated,0,China
352.15,5.2,0.449,31.6,1249.6,0.314,2.73,2.49,27.090128,107.358457,2.02,Alluvium_Unconsolidated,0,China
379.86,7.97,0.284,36.93,1181.4,0.204,2.12,2.19,28.229029,107.622377,5.3,Alluvium_Unconsolidated,0,China
375.67,7.9,0.418,36.75,851.8,0.204,3.04,1.3,28.321472,108.429635,5.37,Alluvium_Unconsolidated,0,China
306.78,5.03,0.281,31.36,1196.6,0.2,2.27,1.41,27.379538,104.994067,1.83,Alluvium_Unconsolidated,0,China
346.95,4.64,0.266,30.87,1189.3,0.353,2.17,1.64,25.072926,104.976634,2.85,Alluvium_Unconsolidated,1,China
315.82,3.23,0.373,29.57,1088.0,0.207,2.0,1.78,27.316158,104.783395,1.41,Alluvium_Unconsolidated,1,China
431.16,5.74,0.5,32.4,929.7,0.208,2.79,2.5,26.542249,106.599044,1.51,Alluvium_Unconsolidated,1,China
316.45,8.0,0.324,36.99,1249.9,0.352,1.74,1.76,26.092825,105.253111,5.48,Alluvium_Unconsolidated,0,China
370.8,3.62,0.317,29.85,930.3,0.292,3.01,2.49,27.623544,108.075172,2.25,Alluvium_Unconsolidated,0,China
336.42,4.97,0.489,31.28,1195.5,0.247,3.17,2.4,27.212738,105.495435,4.51,Alluvium_Unconsolidated,0,China
316.13,3.32,0.483,29.63,1085.7,0.352,3.13,2.34,25.965928,105.707055,5.75,Alluvium_Unconsolidated,0,China
400.03,7.68,0.467,36.22,1003.0,0.344,1.81,1.44,27.734971,106.734999,3.38,Alluvium_Unconsolidated,0,China
405.9,2.31,0.218,29.12,858.9,0.21,2.23,1.87,25.653783,104.096383,3.25,Alluvium_Unconsolidated,0,China
430.78,4.87,0.207,31.15,1053.2,0.252,2.98,1.5,29.344319,107.855993,5.66,Alluvium_Unconsolidated,0,China
331.93,6.4,0.238,33.56,1152.3,0.203,1.98,1.85,27.416014,106.993098,5.78,Alluvium_Unconsolidated,0,China
319.11,7.67,0.337,36.21,1153.8,0.331,1.62,1.38,28.596903,107.679451,4.79,Alluvium_Unconsolidated,1,China
434.06,5.69,0.46,32.32,928.5,0.236,2.08,2.38,26.621221,106.596534,5.62,Alluvium_Unconsolidated,0,China
355.25,7.75,0.23,36.39,1091.6,0.254,1.62,2.5,27.553661,106.88393,3.97,Alluvium_Unconsolidated,0,China
341.99,3.14,0.5,29.51,883.2,0.245,1.61,2.36,28.433709,104.001293,3.64,Alluvium_Unconsolidated,0,China
432.94,2.99,0.2,29.42,1006.5,0.353,1.6,2.28,26.868097,107.934491,3.04,Alluvium_Unconsolidated,0,China
381.9,7.08,0.299,34.9,1235.6,0.202,1.6,1.6,28.239513,107.464958,2.27,Alluvium_Unconsolidated,0,China
403.9,7.93,0.499,36.83,1027.8,0.323,3.19,2.02,25.27601,106.777105,5.69,Alluvium_Unconsolidated,0,China
422.3,5.28,0.5,31.71,1249.5,0.209,2.87,1.8,26.547337,107.362166,5.8,Alluvium_Unconsolidated,0,China
330.35,2.12,0.327,29.07,871.2,0.353,3.16,2.3,26.090404,104.041451,4.37,Alluvium_Unconsolidated,0,China
351.88,7.74,0.49,36.37,1158.4,0.32,2.31,2.3,25.880515,107.670408,4.81,Alluvium_Unconsolidated,0,China
351.76,7.13,0.285,35.0,1234.8,0.233,3.04,2.2,26.344292,105.112441,5.38,Alluvium_Unconsolidated,1,China
403.32,7.59,0.442,36.01,1242.8,0.336,2.6,1.71,27.711816,105.333088,5.56,Alluvium_Unconsolidated,0,China
391.8,2.41,0.259,29.16,1145.5,0.208,3.1,2.43,28.209203,105.600967,3.38,Alluvium_Unconsolidated,0,China
435.5,2.7,0.483,29.27,1100.2,0.225,3.2,2.01,26.594509,104.804407,5.63,Alluvium_Unconsolidated,0,China
433.34,7.06,0.464,34.86,1129.3,0.234,2.44,1.94,26.616811,106.950022,5.79,Alluvium_Unconsolidated,1,China
339.67,4.26,0.499,30.44,1062.8,0.273,2.3,1.43,27.164194,105.74566,4.83,Alluvium_Unconsolidated,1,China
346.57,6.98,0.496,34.69,1237.2,0.326,3.19,1.53,25.893671,107.457785,5.01,Alluvium_Unconsolidated,0,China
337.95,5.45,0.249,31.95,1030.6,0.339,1.6,1.63,28.829222,105.79928,5.64,Alluvium_Unconsolidated,0,China
398.86,7.09,0.237,34.92,1128.2,0.217,3.17,1.35,25.675626,106.948052,1.09,Alluvium_Unconsolidated,0,China
341.7,7.54,0.474,35.9,953.9,0.218,2.72,2.49,28.371901,105.933977,5.15,Alluvium_Unconsolidated,0,China
342.89,3.37,0.493,29.66,853.0,0.324,1.75,1.4,25.88828,106.348547,2.72,Alluvium_Unconsolidated,0,China
368.08,4.6,0.429,30.82,911.5,0.206,1.6,2.18,28.329747,108.11642,5.6,Alluvium_Unconsolidated,0,China
346.84,7.69,0.341,36.26,1095.9,0.203,3.14,1.84,27.33792,106.891278,4.05,Alluvium_Unconsolidated,0,China
461.65,6.5,0.466,33.74,997.5,0.234,2.66,2.49,26.615395,104.631166,2.79,Alluvium_Unconsolidated,0,China
417.63,5.55,0.474,32.11,1206.4,0.347,3.19,1.44,27.743796,105.467705,3.49,Alluvium_Unconsolidated,0,China
415.3,5.72,0.477,32.37,929.3,0.286,2.99,1.31,25.34652,106.598104,5.13,Alluvium_Unconsolidated,0,China
425.18,7.96,0.473,36.9,1067.2,0.357,3.2,1.33,27.86443,106.842773,2.84,Alluvium_Unconsolidated,0,China
338.83,6.3,0.492,33.35,855.2,0.285,2.76,2.3,27.142874,106.214029,4.96,Alluvium_Unconsolidated,0,China
329.52,2.85,0.48,29.35,1244.5,0.24,2.08,1.93,27.22671,107.259188,5.62,Alluvium_Unconsolidated,0,China
440.85,6.21,0.362,33.2,1092.7,0.203,2.53,1.87,29.208806,107.789669,5.69,Alluvium_Unconsolidated,0,China
375.84,6.12,0.373,33.03,1216.6,0.36,1.61,1.74,25.147857,105.048068,5.74,Alluvium_Unconsolidated,0,China
372.72,7.47,0.255,35.74,1110.2,0.267,1.64,2.5,27.577517,106.916021,0.84,Alluvium_Unconsolidated,0,China
361.02,4.79,0.215,31.04,850.0,0.336,2.63,1.53,25.020359,104.197728,2.86,Alluvium_Unconsolidated,0,China
401.57,6.01,0.225,32.85,1013.8,0.218,2.12,2.14,28.176009,105.827682,5.51,Alluvium_Unconsolidated,0,China
433.43,5.4,0.26,31.88,921.8,0.294,3.19,2.39,28.02491,106.582301,1.91,Alluvium_Unconsolidated,1,China
410.01,5.5,0.201,32.03,1175.9,0.354,1.88,2.5,26.873246,107.041149,1.32,Alluvium_Unconsolidated,0,China
375.67,2.61,0.384,29.23,856.9,0.209,1.88,2.48,26.412026,106.378481,4.64,Alluvium_Unconsolidated,0,China
337.1,4.26,0.214,30.44,899.9,0.316,1.74,1.45,26.188325,106.531091,2.92,Alluvium_Unconsolidated,0,China
447.62,7.16,0.201,35.07,865.8,0.2,1.62,2.48,25.590178,104.329524,4.6,Alluvium_Unconsolidated,0,China
367.83,7.84,0.376,36.62,852.7,0.265,3.08,1.48,25.778332,108.329751,2.24,Alluvium_Unconsolidated,0,China
318.85,5.33,0.483,31.77,1034.2,0.352,3.17,2.48,25.966745,105.793377,4.52,Alluvium_Unconsolidated,0,China
410.61,7.43,0.498,35.66,1240.1,0.205,2.23,1.46,26.529665,105.138127,5.14,Alluvium_Unconsolidated,0,China
331.95,6.25,0.202,33.27,1093.9,0.36,2.9,1.54,28.728278,107.787553,4.51,Alluvium_Unconsolidated,1,China
381.83,5.84,0.352,32.56,932.2,0.36,1.6,2.08,25.133964,106.604134,5.16,Alluvium_Unconsolidated,0,China
425.78,6.61,0.231,33.94,993.7,0.234,3.14,1.4,29.308847,104.624554,1.27,Alluvium_Unconsolidated,0,China
453.39,4.86,0.288,31.13,1047.2,0.303,2.84,2.46,26.746,104.715015,1.13,Alluvium_Unconsolidated,1,China
371.31,7.69,0.383,36.26,1095.9,0.201,3.02,2.48,28.29661,106.891409,5.27,Alluvium_Unconsolidated,0,China
328.62,7.45,0.483,35.7,859.6,0.294,1.68,2.29,27.127228,108.281149,3.64,Alluvium_Unconsolidated,0,China
335.44,4.79,0.5,31.05,1190.7,0.246,1.78,2.48,28.436869,107.074188,5.54,Alluvium_Unconsolidated,0,China
427.06,3.82,0.231,30.02,1173.6,0.328,1.63,2.4,26.795358,104.941773,1.14,Alluvium_Unconsolidated,1,China
425.83,8.0,0.488,37.0,1191.0,0.335,3.19,1.42,25.249735,107.600561,1.77,Alluvium_Unconsolidated,0,China
444.57,1.81,0.415,29.02,1119.9,0.345,1.64,1.36,27.915023,104.83881,0.85,Alluvium_Unconsolidated,0,China
327.34,7.93,0.476,36.84,851.2,0.238,2.21,2.06,27.231604,108.348954,2.24,Alluvium_Unconsolidated,0,China
338.56,7.97,0.214,36.91,920.0,0.243,1.86,1.78,27.532925,104.483788,1.46,Alluvium_Unconsolidated,0,China
338.96,7.63,0.497,36.11,877.4,0.328,2.06,1.53,25.898138,106.113972,5.66,Alluvium_Unconsolidated,0,China
382.42,3.93,0.262,30.12,894.5,0.27,3.16,1.41,27.58366,106.517167,4.26,Alluvium_Unconsolidated,0,China
361.24,1.63,0.49,29.0,970.7,0.227,1.6,2.49,28.394813,107.997249,5.19,Alluvium_Unconsolidated,0,China
402.65,7.48,0.201,35.77,859.1,0.262,2.17,2.5,29.364048,108.284232,2.61,Alluvium_Unconsolidated,1,China
334.12,7.94,0.2,36.86,1249.0,0.295,2.64,2.44,26.227848,105.210238,2.69,Alluvium_Unconsolidated,0,China
410.4,7.7,0.424,36.29,855.2,0.203,1.95,2.4,26.440625,108.460764,5.8,Alluvium_Unconsolidated,0,China
379.4,7.75,0.313,36.39,1091.8,0.201,2.61,2.39,28.24927,106.884344,2.4,Alluvium_Unconsolidated,0,China
421.53,7.89,0.497,36.72,890.1,0.326,3.12,2.34,25.270344,106.075766,4.91,Alluvium_Unconsolidated,1,China
326.0,5.4,0.351,31.89,921.9,0.204,1.95,2.5,27.331288,106.582521,4.22,Alluvium_Unconsolidated,0,China
358.98,6.91,0.235,34.54,1117.5,0.256,1.68,2.09,27.558178,107.746606,5.74,Alluvium_Unconsolidated,0,China
444.33,7.94,0.437,36.86,1249.0,0.246,1.72,1.33,26.641756,105.21003,2.33,Alluvium_Unconsolidated,0,China
348.71,6.06,0.5,32.94,1246.4,0.24,2.57,1.49,28.424686,107.401408,5.61,Alluvium_Unconsolidated,0,China
430.72,4.1,0.5,30.28,897.1,0.317,2.04,1.31,25.287707,106.524126,3.52,Alluvium_Unconsolidated,0,China
331.97,2.0,0.5,29.05,870.0,0.336,2.51,1.53,25.91706,106.440737,5.72,Alluvium_Unconsolidated,0,China
328.44,7.82,0.236,36.56,1014.5,0.329,1.89,1.5,26.161547,106.754653,4.62,Alluvium_Unconsolidated,0,China
415.92,7.24,0.235,35.25,867.4,0.232,2.96,2.47,29.304645,106.150516,3.65,Alluvium_Unconsolidated,1,China
412.78,2.63,0.2,29.24,856.8,0.266,2.2,2.13,29.371469,106.377714,3.08,Alluvium_Unconsolidated,0,China
420.17,7.69,0.5,36.26,1155.2,0.358,3.14,1.35,27.796394,107.676772,5.77,Alluvium_Unconsolidated,1,China
425.82,4.28,0.497,30.46,1037.7,0.36,2.4,1.4,27.824062,107.881859,4.32,Alluvium_Unconsolidated,0,China
394.47,7.39,0.253,35.58,985.8,0.359,3.11,1.39,26.947095,106.705288,4.99,Alluvium_Unconsolidated,0,China
400.91,7.17,0.214,35.09,1124.8,0.224,2.13,1.84,28.160832,106.941891,2.86,Alluvium_Unconsolidated,0,China
402.08,7.89,0.206,36.72,1248.0,0.357,3.17,2.02,26.889338,105.196665,4.21,Alluvium_Unconsolidated,0,China
372.43,7.93,0.385,36.83,894.1,0.336,1.93,1.77,27.041474,104.421771,5.8,Alluvium_Unconsolidated,0,China
404.86,4.98,0.247,31.29,1195.7,0.211,2.22,1.53,28.198638,104.991823,3.24,Alluvium_Unconsolidated,0,China
355.05,3.7,0.276,29.91,1023.3,0.33,2.44,1.69,28.851146,107.906003,4.1,Alluvium_Unconsolidated,0,China
373.69,3.99,0.324,30.17,895.4,0.201,1.96,1.87,28.25678,106.519731,1.13,Alluvium_Unconsolidated,0,China
409.91,7.91,0.477,36.77,1208.2,0.2,2.21,2.5,26.490502,107.557144,3.1,Alluvium_Unconsolidated,0,China
388.95,3.67,0.417,29.89,890.5,0.326,3.17,1.91,27.063894,106.506428,4.23,Alluvium_Unconsolidated,1,China
375.57,2.76,0.354,29.3,856.1,0.306,2.99,2.02,27.64871,104.113837,5.63,Alluvium_Unconsolidated,1,China
448.81,7.93,0.34,36.83,1206.1,0.324,3.0,2.37,27.966665,107.562779,2.14,Alluvium_Unconsolidated,0,China
416.71,7.93,0.203,36.83,1205.9,0.346,3.18,1.32,26.841937,107.563306,5.75,Alluvium_Unconsolidated,0,China
439.7,6.54,0.387,33.8,1224.2,0.266,1.6,1.49,26.678321,105.07231,3.28,Alluvium_Unconsolidated,0,China
440.04,8.0,0.226,36.99,850.1,0.203,1.63,2.5,25.544224,108.392496,0.98,Alluvium_Unconsolidated,0,China
362.38,1.82,0.263,29.02,1119.6,0.241,1.6,1.4,26.327302,104.838209,5.62,Alluvium_Unconsolidated,0,China
310.19,6.76,0.362,34.24,1140.6,0.357,2.32,2.48,26.067266,106.970941,1.41,Alluvium_Unconsolidated,0,China
453.18,1.71,0.296,29.01,977.9,0.309,2.2,1.31,27.997164,107.98431,5.56,Alluvium_Unconsolidated,0,China
380.36,2.43,0.385,29.17,1106.1,0.317,2.91,1.64,27.66953,105.672097,5.79,Alluvium_Unconsolidated,0,China
451.78,2.49,0.24,29.19,857.7,0.23,2.37,2.37,29.298761,104.103595,4.48,Alluvium_Unconsolidated,0,China
407.28,2.07,0.466,29.06,1229.4,0.344,2.69,2.48,27.734188,107.184959,5.55,Alluvium_Unconsolidated,0,China
318.89,4.75,0.461,31.0,850.0,0.357,2.27,1.4,25.991692,106.290495,5.69,Alluvium_Unconsolidated,1,China
314.25,4.75,0.35,31.0,1191.4,0.356,2.99,2.47,26.075186,107.075907,5.13,Alluvium_Unconsolidated,1,China
356.15,4.92,0.387,31.21,1194.6,0.269,2.03,1.37,25.786281,104.989074,4.94,Alluvium_Unconsolidated,0,China
364.8,7.75,0.493,36.38,1217.9,0.23,3.06,1.31,28.401566,107.52929,2.58,Alluvium_Unconsolidated,1,China
413.4,5.3,0.488,31.73,1201.6,0.242,1.61,2.0,29.019061,105.480163,4.93,Alluvium_Unconsolidated,0,China
310.64,5.85,0.47,32.58,852.4,0.355,1.89,1.49,25.98202,106.238348,4.01,Alluvium_Unconsolidated,0,China
354.79,7.67,0.49,36.2,1153.6,0.288,2.06,1.81,27.137302,107.679874,5.08,Alluvium_Unconsolidated,0,China
369.59,4.07,0.261,30.25,1203.3,0.242,1.75,1.93,26.325882,107.105275,5.43,Alluvium_Unconsolidated,0,China
425.65,6.45,0.212,33.63,999.4,0.208,3.17,1.84,25.644976,104.634483,5.8,Alluvium_Unconsolidated,0,China
396.42,6.22,0.421,33.22,1157.7,0.329,3.0,2.42,27.695242,107.003703,3.23,Alluvium_Unconsolidated,1,China
330.79,7.94,0.345,36.85,1176.2,0.329,1.75,1.47,28.592095,107.63375,2.73,Alluvium_Unconsolidated,1,China
420.53,8.0,0.2,36.99,905.7,0.349,3.19,1.33,26.853304,104.451148,4.91,Alluvium_Unconsolidated,0,China
450.3,7.96,0.311,36.89,1032.7,0.21,1.66,1.86,29.24306,106.785206,5.77,Alluvium_Unconsolidated,0,China
439.12,7.52,0.485,35.87,993.1,0.292,3.2,1.55,25.33544,106.717953,5.17,Alluvium_Unconsolidated,1,China
368.91,2.32,0.259,29.13,1108.7,0.269,3.0,2.49,27.580577,104.819124,5.16,Alluvium_Unconsolidated,0,China
437.5,6.96,0.315,34.65,980.3,0.316,1.82,1.88,27.983974,104.601055,5.68,Alluvium_Unconsolidated,1,China
447.34,7.91,0.451,36.79,1207.6,0.24,1.65,2.11,26.629285,107.558885,5.79,Alluvium_Unconsolidated,0,China
319.25,4.01,0.451,30.2,1204.2,0.358,2.56,2.17,26.001143,107.107539,2.05,Alluvium_Unconsolidated,0,China
343.8,6.07,0.202,32.95,1215.8,0.283,1.85,2.36,26.248969,105.045558,4.85,Alluvium_Unconsolidated,0,China
441.97,5.45,0.46,31.96,851.0,0.236,2.15,1.51,26.621383,104.228721,2.67,Alluvium_Unconsolidated,0,China
372.89,7.99,0.306,36.98,850.2,0.289,1.61,1.63,27.616533,108.371776,3.51,Alluvium_Unconsolidated,0,China
404.77,7.65,0.252,36.17,856.1,0.359,2.07,1.83,26.946097,108.46715,2.05,Alluvium_Unconsolidated,0,China
440.1,4.68,0.221,30.92,907.3,0.333,1.79,1.45,26.807655,106.549332,3.13,Alluvium_Unconsolidated,0,China
420.47,3.89,0.486,30.08,1072.0,0.243,2.58,2.5,29.016071,105.730263,2.22,Alluvium_Unconsolidated,1,China
430.54,3.68,0.215,29.9,1170.9,0.243,1.85,2.3,29.328319,104.936045,1.65,Alluvium_Unconsolidated,0,China
435.65,2.24,0.233,29.1,872.5,0.233,2.36,1.58,29.306298,106.450057,4.13,Alluvium_Unconsolidated,1,China
328.66,6.62,0.336,33.96,858.2,0.331,2.84,2.16,28.598141,104.291898,5.79,Alluvium_Unconsolidated,0,China
437.87,7.88,0.208,36.7,1021.0,0.25,2.28,1.4,29.341033,106.765608,1.76,Alluvium_Unconsolidated,0,China
317.41,4.13,0.253,30.31,1066.1,0.335,3.16,1.85,26.145628,104.746683,4.39,Alluvium_Unconsolidated,1,China
434.44,7.04,0.432,34.82,977.1,0.262,1.71,1.34,25.389019,104.595397,3.22,Alluvium_Unconsolidated,0,China
372.67,2.54,0.303,29.2,875.7,0.287,3.17,1.3,27.614045,106.461548,4.6,Alluvium_Unconsolidated,0,China
448.17,7.84,0.279,36.62,852.7,0.217,1.69,2.14,29.266298,108.329979,5.71,Alluvium_Unconsolidated,0,China
415.55,3.53,0.497,29.78,888.4,0.204,3.2,2.44,26.526645,106.500668,5.2,Alluvium_Unconsolidated,0,China
398.73,1.52,0.45,29.0,973.9,0.265,1.72,1.97,28.975334,107.991487,2.26,Alluvium_Unconsolidated,0,China
314.18,3.1,0.399,29.49,882.7,0.36,3.13,1.31,26.042132,106.483751,4.75,Alluvium_Unconsolidated,0,China
364.09,7.03,0.237,34.79,1233.0,0.258,1.66,1.32,27.560452,105.38162,1.3,Alluvium_Unconsolidated,0,China
406.61,7.84,0.229,36.61,934.1,0.214,2.83,2.33,25.666862,104.51363,4.08,Alluvium_Unconsolidated,0,China
429.17,5.25,0.439,31.66,850.5,0.201,2.97,1.41,29.153185,104.21906,1.8,Alluvium_Unconsolidated,0,China
438.58,3.17,0.449,29.53,883.5,0.352,1.68,2.1,27.888013,104.00033,3.72,Alluvium_Unconsolidated,0,China
427.82,5.48,0.464,32.0,851.0,0.355,2.13,2.48,27.873922,104.229952,2.89,Alluvium_Unconsolidated,0,China
403.8,4.78,0.435,31.04,1190.8,0.272,1.76,1.48,28.962653,107.074415,2.57,Alluvium_Unconsolidated,1,China
387.79,7.87,0.33,36.68,1211.0,0.248,2.91,2.42,25.748014,107.549351,4.63,Alluvium_Unconsolidated,0,China
331.53,6.43,0.317,33.61,856.4,0.351,2.73,2.12,26.097694,106.206021,5.09,Alluvium_Unconsolidated,0,China
437.85,7.0,0.333,34.72,968.0,0.322,3.2,1.9,27.971846,106.673325,2.46,Alluvium_Unconsolidated,1,China
404.89,3.33,0.233,29.63,1164.0,0.215,3.2,2.43,28.185085,105.564816,5.57,Alluvium_Unconsolidated,1,China
348.17,5.15,0.248,31.52,1183.6,0.248,2.07,1.82,26.31442,107.057886,5.63,Alluvium_Unconsolidated,0,China
340.04,2.02,0.201,29.05,1137.4,0.219,2.43,2.23,27.478612,104.870486,1.02,Alluvium_Unconsolidated,0,China
372.32,5.83,0.37,32.54,1211.4,0.36,1.6,1.78,25.146101,105.032752,5.52,Alluvium_Unconsolidated,0,China
319.17,7.3,0.246,35.38,1237.8,0.202,2.42,1.76,27.408821,105.360168,4.21,Alluvium_Unconsolidated,0,China
421.73,5.66,0.488,32.27,1208.3,0.241,1.64,1.94,29.019546,105.462551,4.4,Alluvium_Unconsolidated,0,China
326.34,6.33,0.5,33.42,1154.5,0.27,2.96,1.38,27.169777,106.997499,4.93,Alluvium_Unconsolidated,1,China
381.35,5.41,0.355,31.9,850.8,0.2,3.16,1.31,28.277624,106.260029,4.36,Alluvium_Unconsolidated,0,China
426.68,7.48,0.213,35.77,872.8,0.337,2.83,1.3,26.817972,104.357013,4.05,Alluvium_Unconsolidated,0,China
433.01,2.16,0.357,29.08,1140.5,0.235,2.96,1.92,25.44213,104.876237,4.92,Alluvium_Unconsolidated,0,China
354.5,7.98,0.455,36.96,901.4,0.298,2.98,1.5,25.838968,106.046027,1.94,Alluvium_Unconsolidated,1,China
350.9,7.66,0.455,36.2,1002.1,0.211,2.62,2.17,28.351497,106.733494,2.52,Alluvium_Unconsolidated,1,China
319.84,2.15,0.368,29.08,871.5,0.358,3.15,1.32,26.063117,106.446354,4.57,Alluvium_Unconsolidated,0,China
417.8,7.01,0.212,34.76,968.7,0.265,2.67,2.34,28.076439,106.674581,5.5,Alluvium_Unconsolidated,0,China
317.56,6.77,0.352,34.25,1228.4,0.326,1.63,1.9,28.587324,105.399871,0.92,Alluvium_Unconsolidated,0,China
339.16,5.19,0.5,31.57,850.4,0.247,2.42,1.68,28.438079,104.216023,5.8,Alluvium_Unconsolidated,0,China
429.93,4.01,0.495,30.19,922.8,0.217,2.96,1.45,26.573536,108.09116,1.67,Alluvium_Unconsolidated,1,China
440.58,2.13,0.365,29.07,871.2,0.202,3.14,1.32,29.206494,106.445571,4.63,Alluvium_Unconsolidated,1,China
343.04,7.98,0.484,36.96,1198.6,0.243,2.24,2.44,27.221602,107.582287,5.64,Alluvium_Unconsolidated,0,China
409.54,4.44,0.413,30.64,1249.8,0.356,1.6,1.35,25.17632,107.324212,3.32,Alluvium_Unconsolidated,0,China
447.81,3.16,0.327,29.52,1216.6,0.32,1.74,1.69,27.975391,107.14222,5.47,Alluvium_Unconsolidated,0,China
360.7,7.95,0.448,36.87,895.7,0.21,3.12,2.12,28.345677,106.060568,1.71,Alluvium_Unconsolidated,0,China
384.43,6.01,0.361,32.84,853.3,0.2,1.6,1.33,28.281467,104.256743,2.44,Alluvium_Unconsolidated,1,China
346.69,7.38,0.499,35.54,860.8,0.237,2.81,1.37,28.417765,108.495099,1.36,Alluvium_Unconsolidated,0,China
306.78,7.49,0.283,35.79,858.9,0.2,2.8,1.85,27.378283,108.484749,1.42,Alluvium_Unconsolidated,0,China
418.06,6.54,0.2,33.8,951.8,0.264,1.82,1.34,29.367976,106.643092,5.04,Alluvium_Unconsolidated,0,China
353.23,2.02,0.27,29.05,1137.6,0.354,2.8,2.03,25.076185,104.870833,5.75,Alluvium_Unconsolidated,0,China
443.48,7.16,0.395,35.07,974.8,0.263,1.61,2.42,26.67317,106.685717,1.64,Alluvium_Unconsolidated,0,China
344.09,2.76,0.208,29.3,856.0,0.331,3.16,1.85,25.007567,106.372719,0.84,Alluvium_Unconsolidated,1,China
341.53,4.92,0.204,31.22,1194.6,0.233,3.19,1.98,27.512386,104.989185,5.73,Alluvium_Unconsolidated,0,China
355.81,6.08,0.47,32.97,1011.5,0.216,2.75,2.16,28.366896,104.655137,5.68,Alluvium_Unconsolidated,0,China
399.74,7.21,0.427,35.18,969.9,0.354,2.13,2.45,25.187036,105.904345,5.35,Alluvium_Unconsolidated,0,China
414.4,2.23,0.221,29.1,1110.7,0.297,1.71,1.49,29.426846,104.82247,3.25,Alluvium_Unconsolidated,0,China
440.21,3.39,0.35,29.68,852.9,0.28,2.85,1.34,26.70332,106.347769,1.03,Alluvium_Unconsolidated,0,China
396.06,7.25,0.331,35.25,1236.8,0.249,2.51,1.41,25.748499,105.121716,5.73,Alluvium_Unconsolidated,1,China
373.14,6.06,0.292,32.94,853.6,0.357,1.7,1.44,25.092838,104.259641,5.04,Alluvium_Unconsolidated,0,China
436.65,6.95,0.201,34.62,1231.6,0.347,2.61,1.32,26.846995,105.387508,5.3,Alluvium_Unconsolidated,0,China
323.07,3.38,0.223,29.67,934.9,0.206,2.33,1.84,27.432921,108.065781,1.32,Alluvium_Unconsolidated,1,China
418.04,6.69,0.233,34.09,858.9,0.36,3.19,1.68,26.928102,104.296247,5.72,Alluvium_Unconsolidated,0,China
420.79,7.94,0.495,36.85,1205.0,0.36,2.9,1.77,27.829972,107.565711,4.56,Alluvium_Unconsolidated,0,China
419.85,6.5,0.206,33.74,950.7,0.23,2.23,2.5,28.146285,106.640916,3.25,Alluvium_Unconsolidated,0,China
366.78,7.91,0.233,36.78,851.6,0.255,2.03,1.48,27.556499,108.343268,5.71,Alluvium_Unconsolidated,0,China
429.53,5.44,0.463,31.94,1030.8,0.355,2.13,1.32,27.875147,105.798986,2.89,Alluvium_Unconsolidated,0,China
417.16,4.72,0.489,30.96,1050.8,0.36,1.72,1.33,27.84099,105.765649,5.59,Alluvium_Unconsolidated,0,China
329.69,4.57,0.471,30.79,912.0,0.303,2.72,1.8,27.111347,108.115246,5.61,Alluvium_Unconsolidated,0,China
427.3,4.78,0.246,31.03,1191.9,0.207,2.78,1.89,25.523501,105.503974,4.89,Alluvium_Unconsolidated,0,China
416.42,7.25,0.245,35.25,867.4,0.36,3.17,1.6,26.939737,104.336402,4.44,Alluvium_Unconsolidated,0,China
331.65,3.39,0.22,29.68,1165.3,0.349,1.95,1.31,28.798344,104.924505,5.8,Alluvium_Unconsolidated,0,China
322.04,7.91,0.261,36.79,926.8,0.201,3.19,1.61,27.395535,105.988269,3.41,Alluvium_Unconsolidated,0,China
435.23,7.94,0.2,36.85,1070.4,0.201,2.16,1.36,25.608573,106.848162,5.45,Alluvium_Unconsolidated,0,China
345.91,4.53,0.21,30.74,1249.9,0.272,1.69,2.48,26.269735,107.327974,1.8,Alluvium_Unconsolidated,1,China
398.94,7.99,0.45,36.99,1056.5,0.339,2.17,1.78,27.718946,106.824917,5.46,Alluvium_Unconsolidated,0,China
428.21,3.56,0.212,29.8,888.9,0.225,2.94,2.25,28.158281,106.501903,5.74,Alluvium_Unconsolidated,0,China
426.91,7.96,0.203,36.9,1249.3,0.235,1.64,1.54,28.136234,105.215221,4.35,Alluvium_Unconsolidated,0,China
377.57,4.63,0.396,30.85,1046.7,0.272,1.93,2.2,25.79248,107.866819,5.8,Alluvium_Unconsolidated,0,China
425.79,4.12,0.452,30.3,1066.3,0.202,3.18,2.31,29.141678,105.739746,4.64,Alluvium_Unconsolidated,0,China
441.36,4.4,0.285,30.59,850.2,0.305,2.7,1.32,26.748198,106.306016,2.28,Alluvium_Unconsolidated,1,China
365.87,3.73,0.312,29.94,928.1,0.359,2.09,1.93,25.107109,108.079806,2.25,Alluvium_Unconsolidated,1,China
408.44,5.58,0.499,32.16,1206.9,0.212,2.71,1.31,26.556711,105.0204,2.18,Alluvium_Unconsolidated,0,China
347.63,7.6,0.496,36.05,1243.1,0.233,2.99,1.39,28.408081,105.331404,2.06,Alluvium_Unconsolidated,0,China
343.47,4.16,0.32,30.34,850.6,0.352,3.17,1.72,26.095616,106.315906,0.98,Alluvium_Unconsolidated,0,China
440.91,5.64,0.202,32.25,851.6,0.347,2.15,1.79,26.845118,106.248698,5.43,Alluvium_Unconsolidated,0,China
394.55,6.24,0.281,33.26,854.9,0.357,1.6,2.41,26.969908,106.216987,2.77,Alluvium_Unconsolidated,0,China
330.98,7.81,0.474,36.53,1246.6,0.301,1.79,2.49,27.11448,105.304689,5.2,Alluvium_Unconsolidated,0,China
434.14,5.18,0.41,31.57,850.3,0.2,2.81,1.49,29.175899,104.215753,1.33,Alluvium_Unconsolidated,1,China
404.15,7.56,0.487,35.96,1147.5,0.242,2.22,2.37,29.017826,107.691576,5.2,Alluvium_Unconsolidated,1,China
399.27,3.36,0.474,29.66,853.0,0.342,1.96,1.35,25.229848,106.348829,1.07,Alluvium_Unconsolidated,1,China
336.06,3.56,0.497,29.8,1080.2,0.234,1.73,2.32,28.411371,104.770233,3.05,Alluvium_Unconsolidated,0,China
432.26,4.01,0.438,30.19,1177.4,0.246,2.37,1.72,26.640624,104.949855,4.5,Alluvium_Unconsolidated,0,China
444.34,5.69,0.425,32.32,1023.6,0.2,2.77,2.4,29.164708,105.811149,1.71,Alluvium_Unconsolidated,0,China
314.44,2.84,0.236,29.34,855.6,0.329,2.88,1.84,26.161193,106.369347,5.8,Alluvium_Unconsolidated,1,China
355.91,7.58,0.493,35.99,1103.7,0.229,3.03,2.44,28.400801,106.904794,2.46,Alluvium_Unconsolidated,0,China
363.42,4.87,0.227,31.15,1046.7,0.252,2.12,2.42,27.549578,104.714335,2.99,Alluvium_Unconsolidated,0,China
432.96,6.46,0.441,33.66,998.8,0.266,1.64,1.42,25.382007,104.633536,4.32,Alluvium_Unconsolidated,0,China
351.58,7.97,0.224,36.93,850.5,0.348,2.3,2.1,28.803101,108.360877,5.73,Alluvium_Unconsolidated,0,China
349.52,7.44,0.499,35.69,859.7,0.262,2.66,2.5,27.185195,108.489154,2.81,Alluvium_Unconsolidated,1,China
329.12,3.42,0.478,29.7,886.9,0.354,3.16,1.48,25.972548,106.496309,0.83,Alluvium_Unconsolidated,1,China
391.33,7.99,0.385,36.98,1042.9,0.292,3.19,2.23,28.926201,106.802284,1.96,Alluvium_Unconsolidated,1,China
332.47,4.56,0.201,30.77,1187.8,0.229,1.82,1.87,27.50235,111.796828,3.4,Alluvium_Unconsolidated,0,China
433.63,4.03,0.387,30.21,1177.6,0.245,3.12,2.26,25.421758,111.233598,5.73,Alluvium_Unconsolidated,0,China
308.0,7.54,0.37,35.91,1242.0,0.321,2.63,2.49,28.575193,111.431955,2.86,Alluvium_Unconsolidated,0,China
407.71,7.91,0.212,36.78,927.2,0.208,2.03,1.34,25.644229,112.270598,3.6,Alluvium_Unconsolidated,0,China
391.81,6.41,0.226,33.57,948.0,0.301,2.34,1.54,29.433859,112.918937,1.29,Alluvium_Unconsolidated,1,China
377.43,6.78,0.417,34.27,987.5,0.204,3.18,1.34,26.435356,112.156013,4.03,Alluvium_Unconsolidated,0,China
432.52,5.55,0.369,32.1,1248.8,0.239,1.79,2.43,25.434494,109.394922,5.21,Alluvium_Unconsolidated,0,China
376.26,3.1,0.468,29.49,1217.3,0.216,1.6,1.36,28.365186,109.625414,5.46,Alluvium_Unconsolidated,0,China
333.12,6.15,0.498,33.09,940.4,0.342,3.18,2.07,25.933574,112.903954,3.84,Alluvium_Unconsolidated,0,China
440.81,6.35,0.495,33.46,855.7,0.36,2.95,2.5,27.828397,112.493811,1.59,Alluvium_Unconsolidated,0,China
413.13,7.37,0.482,35.53,984.8,0.201,2.58,2.23,26.497017,112.986731,3.23,Alluvium_Unconsolidated,0,China
392.13,7.11,0.245,34.97,864.9,0.36,1.85,2.44,26.940463,112.44405,5.73,Alluvium_Unconsolidated,0,China
403.24,6.03,0.488,32.89,1215.1,0.241,3.1,1.52,29.020114,111.326671,1.97,Alluvium_Unconsolidated,1,China
399.73,6.27,0.284,33.31,1005.2,0.327,2.15,1.45,29.485436,110.927687,2.69,Alluvium_Unconsolidated,0,China
436.32,6.69,0.382,34.1,956.9,0.336,2.09,1.38,27.938593,110.117205,2.18,Alluvium_Unconsolidated,0,China
431.87,6.71,0.219,34.14,957.6,0.334,2.84,2.5,26.810104,110.115897,5.79,Alluvium_Unconsolidated,1,China
434.85,6.28,0.23,33.33,944.1,0.203,2.47,1.58,25.53953,110.141787,5.77,Alluvium_Unconsolidated,0,China
425.27,1.99,0.483,29.05,869.9,0.291,1.81,2.39,25.337665,110.329402,3.32,Alluvium_Unconsolidated,0,China
382.29,2.89,0.408,29.37,1244.7,0.205,1.96,2.43,26.429114,109.509105,4.13,Alluvium_Unconsolidated,0,China
318.55,3.45,0.463,29.72,1082.7,0.357,2.6,2.48,25.989729,111.057685,5.56,Alluvium_Unconsolidated,0,China
315.88,6.04,0.355,32.91,1215.3,0.357,2.2,2.35,26.072199,111.327223,3.05,Alluvium_Unconsolidated,0,China
341.23,3.21,0.489,29.55,1161.7,0.247,2.11,1.32,27.214056,111.200463,2.35,Alluvium_Unconsolidated,0,China
321.25,7.12,0.437,34.99,1126.7,0.296,3.13,1.33,28.526845,109.824497,3.89,Alluvium_Unconsolidated,0,China
441.21,7.98,0.369,36.94,917.9,0.273,2.42,2.03,26.691114,110.762341,0.93,Alluvium_Unconsolidated,1,China
332.54,4.53,0.215,30.73,1055.9,0.359,3.07,1.31,28.700012,111.012806,5.54,Alluvium_Unconsolidated,0,China
399.3,7.98,0.465,36.95,1249.6,0.346,3.02,1.49,25.21979,111.506541,5.27,Alluvium_Unconsolidated,0,China
434.18,2.63,0.481,29.24,856.8,0.226,3.04,1.33,26.597224,110.392126,5.46,Alluvium_Unconsolidated,0,China
395.51,5.5,0.304,32.02,924.0,0.333,1.82,1.57,29.499896,110.182906,5.66,Alluvium_Unconsolidated,0,China
346.8,2.51,0.449,29.19,857.6,0.314,3.18,2.43,27.089843,110.387333,4.67,Alluvium_Unconsolidated,0,China
370.59,7.61,0.253,36.07,949.9,0.351,2.28,2.43,25.062661,110.82819,5.72,Alluvium_Unconsolidated,0,China
344.09,5.38,0.498,31.85,850.8,0.343,1.69,1.33,25.934453,112.544847,1.88,Alluvium_Unconsolidated,1,China
436.14,3.48,0.354,29.74,1167.0,0.234,3.15,2.09,25.444433,111.211268,5.79,Alluvium_Unconsolidated,0,China
387.46,5.86,0.362,32.61,1247.5,0.2,3.18,1.34,28.28257,109.379019,3.78,Alluvium_Unconsolidated,0,China
426.52,6.34,0.2,33.43,855.6,0.244,2.56,1.99,28.117391,110.558353,3.33,Alluvium_Unconsolidated,0,China
399.74,6.41,0.259,33.56,1221.9,0.359,1.63,1.54,26.95265,111.705397,4.43,Alluvium_Unconsolidated,0,China
381.52,2.27,0.373,29.11,1227.3,0.263,1.6,2.2,25.776196,109.592662,2.1,Alluvium_Unconsolidated,1,China
430.37,2.21,0.279,29.1,872.1,0.217,2.75,1.44,29.265882,112.731963,5.68,Alluvium_Unconsolidated,0,China
406.92,3.03,0.415,29.44,881.8,0.327,3.14,2.46,27.690793,110.288936,4.6,Alluvium_Unconsolidated,0,China
429.05,7.91,0.237,36.79,892.3,0.231,2.48,2.5,29.302547,112.352807,5.76,Alluvium_Unconsolidated,0,China
350.03,6.45,0.477,33.64,1222.6,0.219,2.8,1.32,28.374829,111.702936,1.45,Alluvium_Unconsolidated,1,China
426.94,7.19,0.42,35.13,866.3,0.346,3.04,2.4,27.911253,110.615003,5.36,Alluvium_Unconsolidated,0,China
419.58,6.63,0.481,33.97,1225.8,0.2,2.91,1.43,26.495099,111.360948,1.15,Alluvium_Unconsolidated,1,China
402.91,7.48,0.235,35.78,873.0,0.306,3.02,2.28,29.443198,112.412163,5.55,Alluvium_Unconsolidated,1,China
444.65,4.88,0.201,31.17,1193.9,0.261,1.6,2.31,29.361978,111.270744,5.44,Alluvium_Unconsolidated,0,China
421.19,4.28,0.488,30.47,1249.6,0.359,2.23,2.44,27.842638,109.452428,5.16,Alluvium_Unconsolidated,0,China
423.34,7.98,0.221,36.94,1182.3,0.24,2.26,2.38,29.32091,109.14938,5.68,Alluvium_Unconsolidated,0,China
386.96,7.59,0.248,36.03,1102.8,0.36,3.06,1.44,26.943292,109.86673,5.33,Alluvium_Unconsolidated,0,China
412.17,7.98,0.203,36.95,917.6,0.203,2.21,2.26,25.622384,110.761716,2.29,Alluvium_Unconsolidated,1,China
352.7,6.87,0.481,34.46,963.2,0.221,2.9,2.5,28.380488,110.105434,1.06,Alluvium_Unconsolidated,0,China
336.7,7.42,0.224,35.63,960.3,0.206,3.2,2.01,27.431964,112.20523,2.9,Alluvium_Unconsolidated,1,China
424.08,8.0,0.498,36.99,1053.9,0.307,3.11,1.98,25.307904,109.949322,3.53,Alluvium_Unconsolidated,0,China
347.86,4.66,0.5,30.89,850.0,0.339,3.11,1.3,25.924661,110.475463,5.7,Alluvium_Unconsolidated,0,China
367.19,7.59,0.42,36.03,1243.0,0.205,3.17,1.31,28.322658,111.615293,5.8,Alluvium_Unconsolidated,0,China
356.24,7.25,0.256,35.25,968.4,0.267,2.32,2.5,27.578162,112.190266,3.88,Alluvium_Unconsolidated,1,China
425.34,3.85,0.221,30.04,1206.8,0.333,1.67,1.38,26.807659,109.655347,1.44,Alluvium_Unconsolidated,1,China
442.95,2.09,0.246,29.07,1113.7,0.288,2.48,1.4,28.036468,111.110991,5.76,Alluvium_Unconsolidated,0,China
346.31,7.99,0.244,36.97,902.3,0.341,2.74,1.35,28.824359,112.327093,3.4,Alluvium_Unconsolidated,0,China
398.6,4.2,0.296,30.38,1064.4,0.203,3.17,2.44,28.237429,111.026951,4.15,Alluvium_Unconsolidated,0,China
396.99,6.79,0.261,34.29,860.1,0.359,1.68,2.43,26.95425,112.467258,4.92,Alluvium_Unconsolidated,0,China
390.1,5.1,0.273,31.45,1184.6,0.323,2.32,1.96,29.476739,109.709698,1.46,Alluvium_Unconsolidated,0,China
382.25,5.53,0.33,32.08,1248.8,0.248,2.59,1.65,25.74782,109.395665,3.13,Alluvium_Unconsolidated,0,China
443.8,2.74,0.257,29.29,856.2,0.316,1.66,1.59,26.770808,110.396264,4.03,Alluvium_Unconsolidated,0,China
370.28,2.74,0.4,29.29,1221.9,0.332,3.19,1.99,27.051747,109.610899,1.81,Alluvium_Unconsolidated,1,China
378.18,3.71,0.388,29.93,1171.5,0.208,1.72,2.22,26.415005,111.832448,2.29,Alluvium_Unconsolidated,0,China
305.23,7.4,0.391,35.6,986.3,0.314,2.83,1.31,28.561082,112.989247,1.19,Alluvium_Unconsolidated,0,China
329.91,6.86,0.449,34.44,962.8,0.29,1.74,2.21,28.516828,110.106191,5.35,Alluvium_Unconsolidated,0,China
355.08,7.03,0.281,34.79,977.7,0.2,2.56,2.49,27.37989,110.879655,5.1,Alluvium_Unconsolidated,0,China
331.37,5.08,0.312,31.43,1041.1,0.35,2.23,2.02,26.100737,112.06504,5.15,Alluvium_Unconsolidated,0,China
317.71,4.54,0.449,30.75,1249.9,0.359,2.43,1.41,26.002934,109.441211,5.79,Alluvium_Unconsolidated,0,China
416.44,5.65,0.205,32.26,851.6,0.232,2.54,1.48,28.142902,112.531656,5.67,Alluvium_Unconsolidated,1,China
406.05,6.67,0.439,34.07,1241.2,0.335,2.98,2.33,27.709593,109.332938,5.03,Alluvium_Unconsolidated,0,China
423.72,8.0,0.49,37.0,908.2,0.221,1.61,2.39,26.58378,110.740274,5.66,Alluvium_Unconsolidated,0,China
430.97,7.99,0.494,36.98,903.0,0.36,3.01,1.72,27.832561,110.727699,5.24,Alluvium_Unconsolidated,0,China
444.74,3.22,0.361,29.56,1246.3,0.236,2.41,2.19,25.43967,109.496152,0.84,Alluvium_Unconsolidated,0,China
363.1,2.93,0.422,29.38,1156.0,0.283,1.61,2.48,25.811249,111.863968,4.97,Alluvium_Unconsolidated,0,China
444.54,5.4,0.219,31.88,921.9,0.334,2.4,2.42,26.810388,110.187485,4.36,Alluvium_Unconsolidated,1,China
363.07,6.05,0.274,32.92,1162.3,0.237,2.62,1.79,26.33599,109.757004,2.53,Alluvium_Unconsolidated,1,China
399.43,2.49,0.276,29.19,1224.8,0.23,1.75,2.44,25.709766,109.601235,5.41,Alluvium_Unconsolidated,0,China
362.77,3.73,0.438,29.94,1171.9,0.319,2.9,1.67,27.080132,111.831699,4.54,Alluvium_Unconsolidated,0,China
400.14,6.34,0.409,33.44,855.6,0.325,2.91,2.18,27.686198,112.494532,4.58,Alluvium_Unconsolidated,0,China
419.35,5.75,0.221,32.41,1021.9,0.202,2.74,1.37,25.550145,110.955889,3.43,Alluvium_Unconsolidated,0,China
333.53,7.41,0.218,35.61,1239.7,0.319,1.81,2.46,26.183006,111.419252,5.08,Alluvium_Unconsolidated,0,China
353.82,7.81,0.219,36.54,936.5,0.32,2.03,2.28,26.180842,112.251246,4.95,Alluvium_Unconsolidated,0,China
390.93,6.04,0.344,32.91,1246.5,0.2,3.2,1.34,28.270556,109.369658,2.59,Alluvium_Unconsolidated,1,China
343.04,4.52,0.467,30.73,1249.9,0.304,1.62,1.41,25.850032,109.442131,3.87,Alluvium_Unconsolidated,1,China
407.62,3.19,0.233,29.54,1161.3,0.215,3.2,2.44,28.184797,111.853355,5.49,Alluvium_Unconsolidated,0,China
365.13,2.52,0.276,29.2,1104.3,0.276,3.2,2.0,27.594758,111.958461,2.79,Alluvium_Unconsolidated,1,China
390.21,7.0,0.352,34.73,1232.5,0.305,1.84,2.21,27.647202,111.385933,5.72,Alluvium_Unconsolidated,1,China
335.48,7.41,0.347,35.62,1239.8,0.204,2.73,1.4,27.333712,111.41947,3.32,Alluvium_Unconsolidated,0,China
434.39,4.2,0.498,30.38,850.5,0.324,1.96,1.72,25.274017,110.455684,4.51,Alluvium_Unconsolidated,0,China
422.01,7.94,0.247,36.84,1175.7,0.321,2.87,2.34,26.779653,109.135101,4.35,Alluvium_Unconsolidated,0,China
370.36,6.49,0.214,33.71,856.9,0.268,2.85,2.48,26.276285,112.485898,5.8,Alluvium_Unconsolidated,0,China
407.76,6.31,0.22,33.37,1244.7,0.24,3.2,2.4,29.321115,109.354966,2.13,Alluvium_Unconsolidated,1,China
353.61,7.71,0.272,36.31,880.8,0.331,2.4,2.47,28.847728,110.666673,0.81,Alluvium_Unconsolidated,1,China
393.14,1.84,0.253,29.02,1133.7,0.359,2.15,1.33,26.947662,111.906296,2.72,Alluvium_Unconsolidated,1,China
421.87,7.18,0.251,35.1,971.4,0.29,1.64,2.16,28.032637,110.868235,4.33,Alluvium_Unconsolidated,0,China
374.98,2.89,0.237,29.37,855.3,0.217,2.56,2.34,25.675253,112.650637,3.32,Alluvium_Unconsolidated,1,China
439.22,7.96,0.368,36.91,1034.0,0.202,1.66,2.22,29.205035,109.9824,5.78,Alluvium_Unconsolidated,0,China
412.86,3.87,0.447,30.06,1072.6,0.201,3.06,1.81,26.459927,112.012422,2.59,Alluvium_Unconsolidated,1,China
433.24,7.4,0.336,35.58,1229.2,0.323,2.13,1.87,27.969324,109.278873,5.5,Alluvium_Unconsolidated,0,China
350.1,6.95,0.489,34.62,981.0,0.319,1.89,2.45,25.879187,110.885461,5.79,Alluvium_Unconsolidated,0,China
331.16,7.44,0.495,35.68,988.3,0.346,1.67,2.45,25.943051,110.060342,3.76,Alluvium_Unconsolidated,0,China
342.35,4.06,0.205,30.25,850.8,0.306,2.78,2.22,26.206821,112.603242,5.72,Alluvium_Unconsolidated,1,China
431.11,7.83,0.209,36.6,1247.1,0.358,2.7,1.68,26.895577,111.583188,5.57,Alluvium_Unconsolidated,0,China
446.09,2.3,0.251,29.12,858.9,0.225,2.51,2.36,29.289024,110.379394,3.65,Alluvium_Unconsolidated,0,China
340.05,7.3,0.203,35.38,1118.6,0.217,3.13,2.41,27.470276,109.838985,3.87,Alluvium_Unconsolidated,0,China
349.56,5.21,0.5,31.6,917.7,0.335,1.64,1.96,25.91478,110.196652,5.8,Alluvium_Unconsolidated,0,China
384.55,4.35,0.38,30.54,1249.7,0.315,3.15,1.75,27.666181,109.449401,5.79,Alluvium_Unconsolidated,1,China
394.84,7.44,0.487,35.67,959.3,0.242,3.18,2.07,29.017369,112.207125,4.71,Alluvium_Unconsolidated,0,China
316.12,2.2,0.269,29.09,1111.3,0.2,1.61,1.99,27.388507,111.106803,5.69,Alluvium_Unconsolidated,0,China
433.5,2.06,0.494,29.06,1138.3,0.36,1.83,1.38,27.831602,111.897791,1.86,Alluvium_Unconsolidated,0,China
336.99,5.67,0.497,32.3,1248.3,0.279,3.01,2.35,27.154089,109.388673,3.12,Alluvium_Unconsolidated,1,China
438.67,1.64,0.265,29.0,1129.6,0.211,3.19,1.56,25.507379,111.139379,5.72,Alluvium_Unconsolidated,0,China
311.83,2.04,0.482,29.05,1229.7,0.242,2.3,2.5,27.223822,109.583721,3.74,Alluvium_Unconsolidated,0,China
377.6,7.72,0.373,36.32,1005.9,0.313,2.03,2.26,27.661568,110.029801,4.94,Alluvium_Unconsolidated,0,China
451.34,7.59,0.388,36.02,951.2,0.201,1.79,2.5,29.191506,112.22233,5.58,Alluvium_Unconsolidated,0,China
336.57,2.57,0.211,29.21,857.2,0.359,2.95,2.29,28.706876,110.389608,5.73,Alluvium_Unconsolidated,0,China
365.44,6.94,0.245,34.59,965.7,0.348,1.71,2.48,25.055062,112.952225,3.31,Alluvium_Unconsolidated,0,China
366.52,7.93,0.472,36.82,1206.5,0.302,1.7,1.95,27.113207,109.208177,1.99,Alluvium_Unconsolidated,0,China
341.61,3.89,0.21,30.08,1175.0,0.312,2.82,1.36,26.196487,111.825183,1.26,Alluvium_Unconsolidated,1,China
426.44,4.96,0.2,31.27,1249.9,0.349,1.91,1.71,26.852743,109.422604,5.79,Alluvium_Unconsolidated,0,China
426.52,7.75,0.201,36.41,882.5,0.348,3.01,2.3,26.847024,112.38097,2.27,Alluvium_Unconsolidated,0,China
330.65,4.21,0.273,30.39,1063.9,0.2,2.1,2.36,27.385501,112.026918,5.25,Alluvium_Unconsolidated,0,China
315.8,8.0,0.312,36.99,1053.9,0.338,1.78,1.34,28.613918,109.949226,5.55,Alluvium_Unconsolidated,0,China
433.01,5.15,0.316,31.53,1039.1,0.293,3.03,2.47,26.726619,110.984691,2.56,Alluvium_Unconsolidated,0,China
338.23,3.71,0.318,29.93,851.7,0.201,1.82,1.77,27.353316,112.617784,1.98,Alluvium_Unconsolidated,0,China
433.05,3.74,0.431,29.95,1172.2,0.348,1.68,1.85,27.903164,111.83111,3.7,Alluvium_Unconsolidated,0,China
414.27,8.0,0.202,36.99,1249.9,0.277,3.02,2.41,29.39049,111.53413,5.28,Alluvium_Unconsolidated,0,China
401.52,6.49,0.26,33.72,856.9,0.225,1.77,2.3,25.696695,110.567307,5.33,Alluvium_Unconsolidated,0,China
327.82,7.74,0.292,36.38,941.4,0.346,1.62,2.45,26.11491,112.241543,1.34,Alluvium_Unconsolidated,1,China
368.53,6.03,0.464,32.89,853.5,0.307,2.5,2.44,27.104083,112.511718,5.74,Alluvium_Unconsolidated,0,China
393.46,4.47,0.27,30.67,1057.4,0.206,2.19,2.46,28.21792,112.037858,5.31,Alluvium_Unconsolidated,0,China
373.09,6.22,0.302,33.21,942.3,0.358,1.64,2.28,25.100416,112.907691,4.25,Alluvium_Unconsolidated,0,China
363.1,6.26,0.229,33.29,1005.6,0.343,2.01,2.12,25.038335,112.124786,5.75,Alluvium_Unconsolidated,0,China
340.51,5.81,0.499,32.52,931.4,0.26,3.15,1.38,27.188332,110.167257,5.8,Alluvium_Unconsolidated,0,China
366.33,2.44,0.305,29.17,1105.9,0.32,1.95,1.61,28.872286,111.097449,5.8,Alluvium_Unconsolidated,0,China
428.55,8.0,0.22,36.99,1054.6,0.272,1.97,1.86,28.064903,109.94803,1.18,Alluvium_Unconsolidated,0,China
334.7,4.99,0.203,31.3,1043.6,0.216,1.61,2.5,27.467504,110.992316,5.73,Alluvium_Unconsolidated,0,China
327.61,4.91,0.437,31.2,1188.4,0.359,3.03,1.51,26.013043,109.701078,5.52,Alluvium_Unconsolidated,0,China
435.1,7.94,0.238,36.84,894.5,0.324,3.17,2.17,26.787756,112.346909,5.8,Alluvium_Unconsolidated,1,China
447.94,6.37,0.491,33.49,946.6,0.298,1.95,2.44,25.323986,110.136778,5.8,Alluvium_Unconsolidated,0,China
445.45,3.7,0.382,29.92,891.1,0.268,3.05,1.64,26.681894,110.261929,5.4,Alluvium_Unconsolidated,0,China
422.45,7.22,0.238,35.19,969.6,0.325,3.13,1.94,26.788141,110.865046,3.76,Alluvium_Unconsolidated,0,China
355.72,6.77,0.47,34.26,1140.4,0.306,3.12,2.45,25.853476,109.799326,1.68,Alluvium_Unconsolidated,0,China
311.9,7.96,0.434,36.91,1179.9,0.36,1.74,2.38,26.015634,109.144173,5.37,Alluvium_Unconsolidated,1,China
369.41,7.74,0.349,36.36,881.7,0.304,1.63,1.3,27.645504,110.669739,4.55,Alluvium_Unconsolidated,0,China
394.17,3.43,0.28,29.7,852.8,0.205,3.14,1.45,28.22569,112.629456,4.64,Alluvium_Unconsolidated,1,China
314.54,2.52,0.425,29.2,1147.7,0.301,2.65,2.19,28.53621,111.17313,2.72,Alluvium_Unconsolidated,0,China
330.47,5.31,0.234,31.74,919.8,0.204,1.7,1.67,27.420392,110.192072,5.06,Alluvium_Unconsolidated,0,China
361.62,7.69,0.393,36.24,879.6,0.334,1.6,2.36,27.046968,112.390026,2.52,Alluvium_Unconsolidated,0,China
387.47,6.41,0.273,33.57,1000.5,0.357,1.61,1.39,26.963898,110.919649,3.59,Alluvium_Unconsolidated,0,China
447.5,7.64,0.258,36.13,877.9,0.223,2.57,2.48,29.283002,112.395704,5.63,Alluvium_Unconsolidated,1,China
433.36,7.33,0.369,35.43,1238.3,0.273,1.7,1.4,26.6909,111.411969,1.97,Alluvium_Unconsolidated,0,China
345.69,4.75,0.2,31.0,1191.4,0.358,2.02,1.52,28.751985,111.26472,5.73,Alluvium_Unconsolidated,0,China
338.48,4.43,0.49,30.63,850.2,0.227,2.01,1.52,28.394928,112.587677,1.53,Alluvium_Unconsolidated,0,China
343.92,5.34,0.42,31.79,1179.5,0.36,2.83,1.51,26.026963,109.720927,5.79,Alluvium_Unconsolidated,0,China
318.83,7.96,0.284,36.9,920.9,0.344,2.03,1.3,26.120788,110.768944,4.9,Alluvium_Unconsolidated,0,China
326.98,6.05,0.21,32.91,937.5,0.312,1.61,1.32,26.195875,112.898225,5.72,Alluvium_Unconsolidated,0,China
426.03,3.7,0.257,29.92,851.8,0.223,3.13,1.87,29.28361,112.618113,4.78,Alluvium_Unconsolidated,0,China
380.07,6.44,0.34,33.62,1151.3,0.347,3.01,1.34,27.011028,109.778752,5.58,Alluvium_Unconsolidated,0,China
439.34,6.68,0.224,34.09,1109.0,0.202,2.0,1.35,25.546583,109.008407,1.42,Alluvium_Unconsolidated,0,China
390.48,7.93,0.232,36.82,1072.6,0.215,2.29,1.79,25.67002,109.918032,5.73,Alluvium_Unconsolidated,0,China
346.79,6.06,0.499,32.94,938.0,0.239,2.22,2.5,28.422708,110.153928,5.18,Alluvium_Unconsolidated,0,China
451.15,2.2,0.353,29.09,872.0,0.234,2.99,1.89,25.445147,112.731603,5.08,Alluvium_Unconsolidated,0,China
346.69,7.99,0.494,36.98,1249.8,0.252,2.25,2.33,27.202647,111.539705,1.97,Alluvium_Unconsolidated,1,China
349.41,7.99,0.496,36.97,1058.5,0.233,3.2,2.14,28.409115,109.941634,5.56,Alluvium_Unconsolidated,0,China
428.08,1.59,0.492,29.0,866.0,0.219,3.2,1.31,26.578986,110.345138,3.0,Alluvium_Unconsolidated,0,China
428.04,6.01,0.231,32.86,936.7,0.216,2.79,1.68,28.182637,110.156559,3.76,Alluvium_Unconsolidated,0,China
362.03,2.18,0.303,29.09,859.8,0.358,2.54,1.34,25.101029,110.374481,3.5,Alluvium_Unconsolidated,1,China
371.03,3.05,0.381,29.45,854.5,0.267,1.67,1.43,25.781783,110.408586,5.76,Alluvium_Unconsolidated,0,China
421.73,7.96,0.499,36.89,1249.2,0.228,2.68,1.3,29.049466,111.497385,5.51,Alluvium_Unconsolidated,0,China
406.14,4.21,0.201,30.39,1181.2,0.202,2.12,1.45,25.614487,111.24136,5.52,Alluvium_Unconsolidated,0,China
327.86,6.56,0.5,33.85,1242.4,0.336,1.62,1.39,25.916512,109.339961,3.96,Alluvium_Unconsolidated,0,China
409.75,7.98,0.235,36.94,917.8,0.306,3.2,1.78,29.444062,110.762235,3.1,Alluvium_Unconsolidated,0,China
429.04,7.79,0.484,36.48,938.2,0.292,3.15,2.44,25.335881,112.247804,4.51,Alluvium_Unconsolidated,0,China
399.2,7.05,0.202,34.82,1130.0,0.276,2.18,1.33,29.389835,109.818549,2.5,Alluvium_Unconsolidated,0,China
372.67,2.25,0.323,29.11,859.3,0.359,2.75,1.46,25.114596,112.675766,5.67,Alluvium_Unconsolidated,1,China
439.34,4.58,0.296,30.79,905.4,0.3,1.61,1.7,26.740049,112.827996,3.52,Alluvium_Unconsolidated,0,China
434.77,4.45,0.258,30.65,903.1,0.293,3.12,2.47,28.026209,112.822449,1.73,Alluvium_Unconsolidated,0,China
414.51,7.72,0.2,36.33,942.9,0.201,2.37,2.02,25.604794,110.814494,1.0,Alluvium_Unconsolidated,1,China
380.42,7.87,0.37,36.67,1247.7,0.2,2.21,1.35,28.288041,111.475539,2.3,Alluvium_Unconsolidated,0,China
323.03,3.94,0.434,30.13,1248.9,0.22,2.58,2.12,27.272423,109.466719,5.18,Alluvium_Unconsolidated,0,China
428.6,2.86,0.368,29.35,1096.5,0.273,2.18,2.46,26.691842,111.971967,2.9,Alluvium_Unconsolidated,0,China
337.34,1.54,0.496,29.0,1235.2,0.256,1.74,1.43,28.455677,109.561374,5.5,Alluvium_Unconsolidated,0,China
423.02,4.32,0.211,30.51,900.9,0.339,1.82,1.37,26.822857,112.816899,3.44,Alluvium_Unconsolidated,0,China
408.7,7.39,0.483,35.58,1239.4,0.35,3.04,1.84,27.754951,111.635342,2.84,Alluvium_Unconsolidated,0,China
416.41,6.29,0.204,33.35,1004.5,0.232,2.31,2.39,28.141634,110.926477,5.75,Alluvium_Unconsolidated,0,China
322.39,7.56,0.495,35.95,1104.9,0.257,3.19,1.64,28.45617,109.863057,5.67,Alluvium_Unconsolidated,0,China
379.87,7.67,0.366,36.2,878.8,0.212,2.28,1.76,26.400046,112.392508,3.64,Alluvium_Unconsolidated,0,China
417.64,3.09,0.243,29.48,1091.3,0.322,1.61,2.2,26.782498,111.980835,5.05,Alluvium_Unconsolidated,0,China
422.93,8.0,0.5,37.0,910.8,0.316,3.15,1.33,25.291208,110.746406,4.59,Alluvium_Unconsolidated,0,China
437.52,3.45,0.237,29.72,887.4,0.205,3.09,2.06,25.532471,110.272143,2.11,Alluvium_Unconsolidated,1,China
364.41,6.17,0.328,33.13,1008.6,0.297,2.48,1.91,27.631384,110.933422,1.46,Alluvium_Unconsolidated,1,China
307.01,6.84,0.36,34.4,985.2,0.357,1.96,2.41,26.06841,112.160207,5.79,Alluvium_Unconsolidated,0,China
444.4,7.42,0.445,35.63,1228.7,0.243,2.42,1.34,26.634714,109.277084,0.98,Alluvium_Unconsolidated,0,China
437.85,3.48,0.218,29.74,1082.0,0.27,3.17,2.04,28.068368,111.996651,5.8,Alluvium_Unconsolidated,0,China
388.64,7.68,0.377,36.24,1154.7,0.295,3.0,1.54,28.920976,109.092157,5.17,Alluvium_Unconsolidated,0,China
329.39,5.28,0.491,31.7,850.5,0.262,2.72,1.79,28.466512,110.503511,5.17,Alluvium_Unconsolidated,0,China
426.66,4.11,0.496,30.29,897.4,0.36,2.33,2.24,27.826569,110.245035,3.95,Alluvium_Unconsolidated,0,China
449.03,3.65,0.215,29.88,1170.4,0.243,2.85,1.33,29.328315,111.83477,1.01,Alluvium_Unconsolidated,1,China
412.31,3.78,0.468,29.99,851.5,0.345,1.99,2.26,27.736046,110.438136,1.34,Alluvium_Unconsolidated,1,China
426.12,4.0,0.466,30.18,1177.1,0.234,3.17,2.37,26.615644,111.820544,1.05,Alluvium_Unconsolidated,1,China
429.71,1.8,0.255,29.02,1237.3,0.317,1.86,1.31,26.772523,109.551655,5.75,Alluvium_Unconsolidated,0,China
407.33,6.73,0.486,34.18,958.2,0.359,2.3,1.43,27.846288,112.938389,5.74,Alluvium_Unconsolidated,1,China
369.3,5.04,0.381,31.38,1042.1,0.267,2.12,2.22,25.781747,110.989771,5.51,Alluvium_Unconsolidated,0,China
418.59,3.21,0.201,29.55,884.0,0.238,3.15,2.32,28.129772,112.771094,4.56,Alluvium_Unconsolidated,0,China
373.0,5.99,0.396,32.82,936.1,0.207,3.16,2.2,26.420592,112.895456,5.8,Alluvium_Unconsolidated,0,China
448.87,7.44,0.432,35.67,1240.2,0.349,3.06,2.32,27.902255,111.421754,2.49,Alluvium_Unconsolidated,0,China
434.35,2.01,0.273,29.05,861.0,0.3,2.54,1.81,28.014142,110.368141,1.9,Alluvium_Unconsolidated,0,China
390.0,6.85,0.29,34.42,1239.1,0.357,2.92,1.33,25.091228,109.321479,3.95,Alluvium_Unconsolidated,0,China
425.96,5.09,0.5,31.44,1197.7,0.358,2.86,1.57,27.796674,111.773134,5.8,Alluvium_Unconsolidated,1,China
440.66,7.96,0.41,36.91,897.9,0.257,1.88,2.0,26.66209,110.714835,4.67,Alluvium_Unconsolidated,0,China
422.58,3.16,0.231,29.52,883.4,0.216,2.84,2.1,28.182182,112.769304,5.79,Alluvium_Unconsolidated,1,China
363.0,4.69,0.282,30.93,1190.3,0.356,3.2,2.13,25.085626,111.791045,5.47,Alluvium_Unconsolidated,0,China
445.26,3.55,0.426,29.8,888.8,0.251,3.17,1.5,26.650036,110.268143,4.21,Alluvium_Unconsolidated,0,China
377.2,4.35,0.344,30.54,1060.4,0.2,3.05,2.49,28.270294,111.020219,5.38,Alluvium_Unconsolidated,0,China
335.57,6.96,0.495,34.64,1119.5,0.282,1.7,1.32,27.149207,109.026914,5.09,Alluvium_Unconsolidated,0,China
318.1,4.21,0.387,30.39,1181.2,0.315,3.14,2.28,28.563803,111.241478,5.78,Alluvium_Unconsolidated,0,China
323.05,6.88,0.428,34.49,983.4,0.3,3.15,2.0,28.534149,112.163314,4.52,Alluvium_Unconsolidated,0,China
459.92,3.68,0.248,29.9,890.7,0.289,2.07,1.41,28.034527,110.262804,3.31,Alluvium_Unconsolidated,0,China
402.85,1.69,0.266,29.01,1236.4,0.227,2.03,2.37,25.701593,109.555685,5.72,Alluvium_Unconsolidated,0,China
381.66,7.44,0.361,35.69,1111.4,0.301,2.79,2.4,28.910305,109.851668,4.8,Alluvium_Unconsolidated,0,China
375.19,7.11,0.373,34.97,972.8,0.36,1.79,2.27,25.147909,112.965295,5.24,Alluvium_Unconsolidated,0,China
309.61,4.38,0.359,30.57,1059.7,0.357,3.02,2.17,26.069003,111.019048,3.0,Alluvium_Unconsolidated,0,China
304.61,5.99,0.331,32.82,1164.0,0.202,2.24,2.5,27.344779,109.753631,2.07,Alluvium_Unconsolidated,1,China
338.92,7.84,0.265,36.61,1247.2,0.353,1.67,1.31,25.072643,111.471176,5.77,Alluvium_Unconsolidated,0,China
406.69,3.84,0.493,30.03,1174.0,0.355,1.73,2.26,27.772642,111.225779,5.27,Alluvium_Unconsolidated,0,China
375.06,2.13,0.299,29.07,1112.9,0.229,1.64,1.33,26.354459,111.109627,5.8,Alluvium_Unconsolidated,0,China
392.0,7.73,0.326,36.34,881.3,0.359,1.84,1.72,25.116443,110.668231,3.61,Alluvium_Unconsolidated,0,China
422.74,7.86,0.215,36.67,1247.6,0.268,1.68,2.11,28.071686,111.577811,3.68,Alluvium_Unconsolidated,0,China
369.67,2.18,0.404,29.09,1111.9,0.203,1.91,2.26,28.311415,111.945261,5.8,Alluvium_Unconsolidated,0,China
389.91,4.06,0.378,30.24,1067.9,0.359,1.71,2.47,25.15183,112.020289,5.16,Alluvium_Unconsolidated,0,China
360.55,7.77,0.498,36.45,1246.1,0.235,3.13,1.86,28.413179,111.460468,5.74,Alluvium_Unconsolidated,0,China
359.67,4.49,0.454,30.69,1056.8,0.211,2.43,2.41,28.350583,111.014348,4.51,Alluvium_Unconsolidated,0,China
373.07,5.81,0.257,32.52,1019.8,0.268,2.85,2.45,27.579518,112.100621,5.8,Alluvium_Unconsolidated,1,China
375.99,7.48,0.322,35.77,957.0,0.222,2.44,1.82,26.370533,110.84167,4.55,Alluvium_Unconsolidated,0,China
433.54,1.59,0.428,29.0,864.4,0.261,2.4,2.47,25.39217,110.35203,5.8,Alluvium_Unconsolidated,0,China
379.84,5.28,0.385,31.71,919.3,0.268,2.16,1.42,25.784869,110.193138,2.8,Alluvium_Unconsolidated,0,China
326.64,7.21,0.223,35.17,970.0,0.322,3.05,1.32,26.176798,110.86569,2.62,Alluvium_Unconsolidated,0,China
315.59,7.94,0.326,36.86,1069.6,0.334,1.97,1.33,28.604799,109.923042,5.78,Alluvium_Unconsolidated,1,China
446.99,2.15,0.272,29.08,860.0,0.212,3.2,2.44,25.501529,110.373577,2.21,Alluvium_Unconsolidated,0,China
357.99,6.1,0.334,33.0,853.9,0.219,1.82,2.26,26.378772,112.508161,1.95,Alluvium_Unconsolidated,0,China
399.26,1.57,0.277,29.0,1128.0,0.23,1.93,2.29,25.709928,111.916598,0.84,Alluvium_Unconsolidated,0,China
323.52,3.82,0.39,30.02,1173.7,0.314,3.09,2.24,28.561246,111.225263,5.61,Alluvium_Unconsolidated,0,China
391.87,5.64,0.264,32.25,1172.6,0.319,2.42,1.83,29.470092,109.73588,0.95,Alluvium_Unconsolidated,1,China
403.59,2.55,0.457,29.21,1103.6,0.261,1.64,2.14,28.982305,111.09346,0.83,Alluvium_Unconsolidated,1,China
315.16,7.99,0.476,36.98,913.8,0.274,2.89,2.49,28.488869,112.299772,5.79,Alluvium_Unconsolidated,0,China
375.93,5.42,0.32,31.92,850.9,0.201,3.2,1.3,28.254533,112.542622,2.93,Alluvium_Unconsolidated,0,China
307.76,3.84,0.243,30.04,851.4,0.332,2.07,2.21,26.154391,110.44056,5.65,Alluvium_Unconsolidated,0,China
452.68,5.44,0.356,31.94,1030.8,0.203,2.4,2.21,29.21263,112.082154,4.32,Alluvium_Unconsolidated,1,China
412.85,5.26,0.227,31.68,1035.9,0.301,2.3,1.3,29.434608,110.979447,3.76,Alluvium_Unconsolidated,0,China
406.78,5.01,0.45,31.33,913.6,0.201,1.78,1.32,26.462275,110.205824,2.99,Alluvium_Unconsolidated,0,China
376.24,4.58,0.395,30.8,1249.9,0.202,2.86,1.31,28.305143,109.439625,5.8,Alluvium_Unconsolidated,0,China
354.43,7.43,0.239,35.65,959.8,0.347,2.28,2.48,25.049397,110.846931,5.71,Alluvium_Unconsolidated,0,China
439.07,5.32,0.221,31.76,1034.3,0.272,1.93,1.93,28.064353,110.976807,4.31,Alluvium_Unconsolidated,0,China
341.06,1.51,0.482,29.0,1234.7,0.352,2.84,1.35,25.967008,109.563468,4.5,Alluvium_Unconsolidated,0,China
416.19,1.98,0.232,29.04,861.3,0.279,2.65,2.37,28.051252,112.686325,5.41,Alluvium_Unconsolidated,0,China
424.34,5.59,0.494,32.17,926.2,0.301,1.79,2.49,25.318461,110.178239,5.58,Alluvium_Unconsolidated,0,China
404.08,2.67,0.442,29.26,856.6,0.336,2.48,2.3,27.712399,110.393772,4.74,Alluvium_Unconsolidated,0,China
324.23,4.05,0.461,30.23,1068.0,0.23,2.82,1.6,27.248442,111.032905,5.78,Alluvium_Unconsolidated,0,China
326.66,3.43,0.469,29.71,1083.1,0.234,2.74,1.49,27.240702,111.058291,5.66,Alluvium_Unconsolidated,0,China
415.17,3.24,0.453,29.58,1162.3,0.349,2.11,1.76,25.208477,111.851379,5.53,Alluvium_Unconsolidated,0,China
363.24,7.33,0.432,35.44,1238.4,0.206,3.2,1.31,28.332117,111.640842,5.33,Alluvium_Unconsolidated,1,China
323.03,7.26,0.486,35.28,1237.1,0.351,1.6,1.34,25.961977,111.646894,5.2,Alluvium_Unconsolidated,0,China
443.67,8.0,0.244,36.99,1249.9,0.206,1.6,2.5,25.525673,111.518926,3.04,Alluvium_Unconsolidated,0,China
430.36,7.74,0.352,36.38,941.5,0.204,1.63,2.5,29.215728,112.241277,4.11,Alluvium_Unconsolidated,0,China
422.27,6.91,0.2,34.54,1230.9,0.35,2.89,2.21,26.856708,111.379587,4.18,Alluvium_Unconsolidated,0,China
326.93,5.65,0.217,32.25,927.5,0.208,2.98,2.25,27.441323,112.877555,5.05,Alluvium_Unconsolidated,0,China
381.63,5.66,0.365,32.28,1248.4,0.261,2.41,1.54,25.771083,109.389395,4.28,Alluvium_Unconsolidated,0,China
324.0,6.19,0.242,33.16,854.4,0.331,1.63,1.84,26.15517,110.549686,4.08,Alluvium_Unconsolidated,0,China
426.49,7.12,0.311,34.99,865.1,0.21,1.67,1.43,29.242846,110.609714,4.79,Alluvium_Unconsolidated,0,China
310.35,7.71,0.236,36.31,1156.4,0.203,3.19,1.83,27.418205,109.095553,3.4,Alluvium_Unconsolidated,1,China
386.49,3.78,0.278,29.98,1248.5,0.205,3.17,1.42,28.224321,109.473425,4.06,Alluvium_Unconsolidated,0,China
445.39,4.02,0.225,30.2,1068.8,0.237,3.01,1.73,29.315927,111.03426,5.58,Alluvium_Unconsolidated,1,China
363.56,7.95,0.307,36.88,1177.9,0.358,1.95,1.87,25.103718,109.139855,4.49,Alluvium_Unconsolidated,0,China
336.96,2.12,0.445,29.07,1239.8,0.292,2.1,1.75,28.520273,109.539276,3.09,Alluvium_Unconsolidated,0,China
361.11,5.94,0.433,32.74,1213.5,0.32,2.64,2.19,27.076605,111.322023,5.39,Alluvium_Unconsolidated,1,China
361.33,7.67,0.271,36.22,1244.3,0.354,1.63,1.3,25.076994,111.447029,5.79,Alluvium_Unconsolidated,0,China
325.47,5.63,0.228,32.23,1025.3,0.357,2.4,1.3,28.683151,112.091349,4.34,Alluvium_Unconsolidated,0,China
368.34,2.35,0.435,29.14,873.7,0.288,1.77,2.01,25.820926,112.737601,2.94,Alluvium_Unconsolidated,0,China
356.13,7.94,0.466,36.86,895.2,0.306,1.66,1.97,27.105747,112.345139,1.21,Alluvium_Unconsolidated,0,China
364.23,2.76,0.297,29.3,1098.8,0.285,3.17,1.97,27.609948,111.968013,4.14,Alluvium_Unconsolidated,0,China
430.41,7.51,0.495,35.83,1144.4,0.214,2.76,2.33,29.085778,109.072353,1.77,Alluvium_Unconsolidated,0,China
366.51,7.57,0.312,35.97,1104.2,0.359,1.71,2.47,25.106874,109.864217,5.62,Alluvium_Unconsolidated,0,China
332.61,5.16,0.264,31.54,1038.8,0.201,1.83,2.38,27.393028,110.984322,1.83,Alluvium_Unconsolidated,0,China
409.94,3.67,0.448,29.89,890.6,0.201,3.03,2.5,26.460281,112.789879,5.32,Alluvium_Unconsolidated,0,China
408.55,7.99,0.263,36.97,915.0,0.319,3.16,1.93,29.469132,110.755877,4.35,Alluvium_Unconsolidated,0,China
432.67,5.63,0.209,32.24,851.5,0.341,2.32,1.7,26.826754,112.53234,4.75,Alluvium_Unconsolidated,0,China
432.14,1.72,0.205,29.01,1131.3,0.254,2.09,1.96,29.348852,111.142412,2.23,Alluvium_Unconsolidated,0,China
312.8,4.49,0.202,30.7,903.9,0.301,1.61,1.52,26.217572,112.824324,4.94,Alluvium_Unconsolidated,0,China
435.73,4.87,0.475,31.15,1250.0,0.229,3.01,1.46,26.605433,109.426669,5.24,Alluvium_Unconsolidated,1,China
420.75,2.02,0.226,29.05,861.0,0.33,1.72,1.3,26.800652,112.684677,5.25,Alluvium_Unconsolidated,0,China
397.2,3.23,0.426,29.56,853.6,0.203,2.0,2.37,26.442745,112.637441,3.85,Alluvium_Unconsolidated,0,China
420.27,4.16,0.202,30.34,850.6,0.252,3.15,1.7,28.101504,110.45385,4.22,Alluvium_Unconsolidated,0,China
373.17,5.05,0.314,31.38,1185.6,0.291,2.71,1.4,27.621487,109.707307,2.23,Alluvium_Unconsolidated,0,China
433.89,2.65,0.265,29.25,856.7,0.296,2.75,1.87,28.020475,110.392942,3.47,Alluvium_Unconsolidated,0,China
427.7,7.27,0.5,35.3,967.3,0.317,3.03,2.45,25.288153,112.192221,2.92,Alluvium_Unconsolidated,0,China
434.44,7.43,0.404,35.66,1240.1,0.342,2.58,2.47,27.923019,111.63186,5.2,Alluvium_Unconsolidated,0,China
420.39,6.11,0.221,33.03,1216.6,0.239,3.2,1.53,29.320164,111.721945,5.47,Alluvium_Unconsolidated,0,China
424.16,7.1,0.205,34.93,972.0,0.232,2.03,2.48,28.142146,112.963877,1.67,Alluvium_Unconsolidated,1,China
360.71,7.3,0.286,35.36,1237.7,0.327,3.2,2.31,28.858365,111.643988,3.24,Alluvium_Unconsolidated,0,China
324.33,3.11,0.285,29.49,882.7,0.2,1.63,1.32,27.376308,110.285929,4.19,Alluvium_Unconsolidated,0,China
410.17,2.46,0.481,29.17,1105.6,0.247,2.15,2.49,29.008706,111.956196,2.73,Alluvium_Unconsolidated,1,China
437.49,7.6,0.288,36.04,876.5,0.215,2.37,2.43,29.259694,112.400295,5.8,Alluvium_Unconsolidated,0,China
404.15,6.76,0.221,34.24,959.2,0.22,1.92,2.5,28.170572,112.940314,0.87,Alluvium_Unconsolidated,0,China
308.38,2.22,0.47,29.1,872.2,0.234,2.11,2.49,27.239324,112.732308,2.4,Alluvium_Unconsolidated,0,China
426.51,6.89,0.378,34.5,1238.5,0.242,1.6,2.5,25.428428,109.318727,5.47,Alluvium_Unconsolidated,0,China
389.22,6.48,0.474,33.7,856.8,0.342,2.22,1.32,25.230426,110.566695,5.61,Alluvium_Unconsolidated,0,China
407.88,7.92,0.226,36.81,925.9,0.213,2.71,2.36,25.663879,110.779785,3.2,Alluvium_Unconsolidated,1,China
388.52,6.78,0.351,34.27,1112.5,0.344,2.86,1.72,27.018393,109.0145,0.91,Alluvium_Unconsolidated,1,China
395.43,6.89,0.434,34.5,983.3,0.202,1.64,2.03,26.448585,110.889546,4.39,Alluvium_Unconsolidated,0,China
432.84,6.1,0.206,33.01,853.9,0.283,2.85,2.5,29.402502,112.507981,5.8,Alluvium_Unconsolidated,1,China
427.99,7.99,0.202,36.98,1196.4,0.253,1.67,1.3,28.099227,109.182398,4.82,Alluvium_Unconsolidated,0,China
410.67,2.06,0.202,29.06,1114.4,0.347,1.6,2.43,26.846002,111.112309,2.91,Alluvium_Unconsolidated,0,China
414.65,6.14,0.461,33.08,1217.1,0.355,2.37,2.16,27.876728,111.332541,5.79,Alluvium_Unconsolidated,1,China
369.41,3.92,0.389,30.11,894.3,0.201,2.74,1.9,28.300807,110.25321,1.94,Alluvium_Unconsolidated,0,China
443.52,7.93,0.403,36.83,1175.1,0.251,2.48,2.29,25.410679,109.133738,4.75,Alluvium_Unconsolidated,0,China
373.33,3.66,0.324,29.89,1170.6,0.314,2.11,2.5,28.885138,111.834351,2.4,Alluvium_Unconsolidated,1,China
337.1,4.41,0.458,30.6,902.3,0.285,2.85,1.35,28.50839,112.820496,4.18,Alluvium_Unconsolidated,0,China
431.71,4.13,0.361,30.31,1066.1,0.33,1.6,1.35,27.952913,111.029735,2.58,Alluvium_Unconsolidated,1,China
415.1,8.0,0.251,37.0,911.1,0.221,2.67,1.32,25.688679,112.306075,2.87,Alluvium_Unconsolidated,1,China
383.3,4.45,0.32,30.65,850.2,0.351,3.18,2.36,26.997786,110.466315,5.78,Alluvium_Unconsolidated,0,China
433.1,7.43,0.468,35.65,959.7,0.233,1.65,1.85,26.612898,112.206312,4.12,Alluvium_Unconsolidated,0,China
431.97,6.49,0.401,33.71,998.0,0.261,1.62,2.32,26.668531,112.13784,4.64,Alluvium_Unconsolidated,0,China
425.68,7.98,0.44,36.95,917.3,0.35,3.16,1.9,27.896182,110.761194,4.24,Alluvium_Unconsolidated,0,China
329.82,6.79,0.205,34.29,1228.7,0.36,1.74,2.03,28.720511,111.371232,5.35,Alluvium_Unconsolidated,0,China
405.37,4.62,0.497,30.84,1193.9,0.205,3.12,2.49,26.527329,109.688114,3.65,Alluvium_Unconsolidated,0,China
420.73,7.74,0.214,36.37,881.9,0.208,2.75,1.59,25.647214,112.382844,3.51,Alluvium_Unconsolidated,0,China
423.12,5.79,0.39,32.48,852.2,0.265,1.68,1.38,26.676336,110.528425,3.65,Alluvium_Unconsolidated,0,China
446.54,3.58,0.486,29.82,1079.6,0.209,2.3,2.5,29.103349,111.052492,5.74,Alluvium_Unconsolidated,0,China
423.29,2.31,0.494,29.13,1143.5,0.302,1.66,1.44,25.317836,111.8879,1.33,Alluvium_Unconsolidated,0,China
322.4,7.39,0.226,35.56,870.5,0.323,2.97,2.49,26.172744,112.421425,3.56,Alluvium_Unconsolidated,0,China
436.94,5.99,0.355,32.82,853.2,0.203,2.65,1.91,29.213209,112.514037,5.41,Alluvium_Unconsolidated,0,China
422.76,7.36,0.479,35.51,962.9,0.358,2.69,1.63,27.8562,112.200256,3.04,Alluvium_Unconsolidated,0,China
445.93,5.43,0.492,31.93,1249.1,0.202,2.06,1.76,26.513434,109.400567,3.41,Alluvium_Unconsolidated,0,China
359.01,2.55,0.429,29.21,1148.4,0.286,1.6,2.49,25.816707,111.878701,5.49,Alluvium_Unconsolidated,0,China
349.58,7.02,0.468,34.77,1236.6,0.304,2.15,2.3,27.108237,109.309438,5.42,Alluvium_Unconsolidated,0,China
323.62,5.95,0.204,32.75,935.0,0.356,1.67,2.17,28.769195,112.893205,4.72,Alluvium_Unconsolidated,1,China
452.94,7.97,0.345,36.93,1181.3,0.282,2.28,2.0,26.706734,109.147198,1.71,Alluvium_Unconsolidated,1,China
360.48,7.59,0.418,36.03,1243.0,0.204,2.28,1.53,28.321133,111.437803,1.72,Alluvium_Unconsolidated,0,China
331.96,4.99,0.202,31.3,850.1,0.36,3.14,2.41,28.727834,112.563112,5.77,Alluvium_Unconsolidated,1,China
461.8,6.68,0.369,34.08,1226.8,0.239,1.62,1.82,25.433983,111.688782,1.51,Alluvium_Unconsolidated,0,China
416.42,7.99,0.5,36.96,1060.0,0.359,2.77,1.38,27.802365,109.939051,4.91,Alluvium_Unconsolidated,0,China
395.92,2.46,0.224,29.17,857.9,0.219,3.2,1.77,28.175169,112.667705,3.19,Alluvium_Unconsolidated,0,China
422.22,6.81,0.2,34.34,986.3,0.272,3.14,1.3,29.381494,110.894888,4.61,Alluvium_Unconsolidated,1,China
327.17,3.6,0.2,29.83,889.5,0.359,3.16,1.69,28.749288,110.266223,4.4,Alluvium_Unconsolidated,0,China
420.09,6.73,0.218,34.17,1141.9,0.21,1.63,2.14,25.652888,109.796531,1.17,Alluvium_Unconsolidated,1,China
375.84,2.94,0.369,29.39,1094.6,0.34,3.15,1.3,27.030308,111.975129,5.8,Alluvium_Unconsolidated,1,China
336.56,6.86,0.459,34.45,1137.0,0.285,3.2,1.34,28.507369,109.805745,5.36,Alluvium_Unconsolidated,1,China
391.27,7.99,0.333,36.97,1249.8,0.2,2.19,1.3,28.262753,111.510125,2.46,Alluvium_Unconsolidated,0,China
320.2,6.2,0.496,33.19,854.6,0.256,3.13,2.1,27.196766,112.502423,1.41,Alluvium_Unconsolidated,1,China
437.21,6.4,0.21,33.55,856.1,0.2,2.68,2.3,25.567221,112.49107,3.0,Alluvium_Unconsolidated,0,China
321.9,4.52,0.451,30.72,1056.1,0.289,1.65,1.73,28.515045,111.013154,5.79,Alluvium_Unconsolidated,0,China
348.67,5.59,0.204,32.16,1207.0,0.356,1.73,1.57,28.768246,111.303773,5.26,Alluvium_Unconsolidated,0,China
393.29,7.94,0.284,36.85,1070.4,0.233,2.74,1.99,25.715472,109.921616,5.07,Alluvium_Unconsolidated,0,China
399.59,7.95,0.374,36.88,896.1,0.313,1.82,2.46,27.662071,112.342906,5.06,Alluvium_Unconsolidated,0,China
436.39,6.35,0.289,33.45,1220.9,0.306,1.62,2.49,28.001942,111.708707,4.65,Alluvium_Unconsolidated,0,China
379.1,2.09,0.393,29.06,1138.8,0.271,1.61,2.5,25.789901,111.8967,4.99,Alluvium_Unconsolidated,0,China
357.34,2.69,0.481,29.27,1222.5,0.221,1.6,1.31,28.380008,109.609027,5.56,Alluvium_Unconsolidated,0,China
459.27,7.89,0.359,36.74,890.7,0.236,2.24,1.66,25.441082,110.695821,3.37,Alluvium_Unconsolidated,0,China
421.91,6.66,0.495,34.05,991.8,0.235,1.73,2.46,29.032963,110.904441,5.31,Alluvium_Unconsolidated,0,China
429.29,8.0,0.475,37.0,1053.3,0.229,1.65,2.34,26.604493,109.950292,0.95,Alluvium_Unconsolidated,1,China
415.09,2.74,0.212,29.29,1099.2,0.339,1.72,2.44,26.821071,111.085752,5.2,Alluvium_Unconsolidated,0,China
408.61,4.92,0.48,31.22,911.9,0.2,3.19,2.49,26.494136,112.843269,4.92,Alluvium_Unconsolidated,0,China
413.79,7.93,0.201,36.84,1248.8,0.349,3.2,1.8,26.851789,111.490605,2.25,Alluvium_Unconsolidated,0,China
378.15,7.89,0.399,36.73,1170.5,0.202,2.42,2.21,28.307385,109.124124,5.8,Alluvium_Unconsolidated,0,China
411.16,4.26,0.201,30.45,1200.1,0.349,2.02,1.32,26.850945,109.672888,4.88,Alluvium_Unconsolidated,0,China
434.88,7.32,0.22,35.42,964.8,0.334,3.06,1.81,26.808431,110.856217,2.83,Alluvium_Unconsolidated,1,China
337.5,5.4,0.489,31.88,850.8,0.247,1.68,2.33,27.213775,110.509204,4.86,Alluvium_Unconsolidated,0,China
400.29,7.15,0.203,35.05,974.5,0.204,1.61,1.9,25.624282,112.968319,1.79,Alluvium_Unconsolidated,0,China
384.69,7.9,0.382,36.75,928.8,0.293,3.13,1.46,28.923945,112.267081,5.76,Alluvium_Unconsolidated,1,China
415.2,3.02,0.499,29.44,881.6,0.229,2.65,1.71,29.046851,112.76369,5.41,Alluvium_Unconsolidated,0,China
343.92,6.25,0.496,33.27,943.1,0.345,1.62,2.25,25.941089,110.143725,5.76,Alluvium_Unconsolidated,0,China
437.42,7.88,0.478,36.7,1210.6,0.287,2.57,2.49,25.344301,109.219376,5.13,Alluvium_Unconsolidated,0,China
315.05,7.11,0.225,34.96,972.7,0.323,3.06,2.09,26.173352,110.08797,5.5,Alluvium_Unconsolidated,0,China
319.12,2.74,0.369,29.29,878.1,0.206,1.87,1.32,27.318927,110.300347,5.77,Alluvium_Unconsolidated,0,China
382.6,6.61,0.355,33.94,1241.9,0.257,2.79,1.43,25.764257,109.337115,1.52,Alluvium_Unconsolidated,1,China
416.09,5.17,0.491,31.55,917.0,0.332,2.04,1.44,25.255879,112.854744,3.54,Alluvium_Unconsolidated,0,China
401.41,6.99,0.478,34.71,979.2,0.2,1.61,2.24,26.491813,110.882359,5.71,Alluvium_Unconsolidated,0,China
342.36,1.68,0.494,29.01,866.8,0.23,1.6,1.31,28.402168,112.711466,5.46,Alluvium_Unconsolidated,0,China
430.19,5.58,0.201,32.15,1206.8,0.262,3.0,1.63,29.363935,111.749694,2.15,Alluvium_Unconsolidated,1,China
368.8,6.27,0.22,33.32,855.1,0.349,3.2,1.94,28.797953,112.498364,5.59,Alluvium_Unconsolidated,0,China
370.83,5.67,0.271,32.29,851.7,0.274,2.81,1.39,27.590439,110.522526,5.76,Alluvium_Unconsolidated,0,China
326.33,7.97,0.211,36.92,1065.0,0.21,2.9,2.49,27.449736,109.930738,1.06,Alluvium_Unconsolidated,0,China
351.67,6.17,0.471,33.13,1008.5,0.217,2.77,2.14,28.367857,110.933295,5.72,Alluvium_Unconsolidated,0,China
372.84,7.49,0.269,35.79,1109.0,0.239,3.09,1.47,26.332189,109.855986,5.6,Alluvium_Unconsolidated,0,China
398.68,6.06,0.484,32.93,853.6,0.351,1.6,2.02,27.757058,110.542645,5.55,Alluvium_Unconsolidated,0,China
336.72,4.22,0.245,30.4,1249.5,0.202,1.62,1.47,27.409306,109.455057,4.61,Alluvium_Unconsolidated,0,China
436.05,3.63,0.28,29.86,852.0,0.216,2.41,2.11,29.265084,110.431775,4.29,Alluvium_Unconsolidated,0,China
437.95,3.53,0.216,29.78,888.5,0.201,2.82,2.22,25.557768,112.78409,1.31,Alluvium_Unconsolidated,0,China
411.3,6.62,0.489,33.96,858.2,0.202,1.72,1.57,26.508487,112.478021,5.57,Alluvium_Unconsolidated,0,China
432.9,6.55,0.212,33.83,995.8,0.265,1.72,2.21,28.077105,110.911429,2.35,Alluvium_Unconsolidated,0,China
437.48,6.45,0.202,33.64,1150.9,0.237,2.38,2.5,28.131972,109.779491,4.23,Alluvium_Unconsolidated,0,China
396.86,8.0,0.228,37.0,1191.8,0.302,3.19,1.98,29.435825,109.171185,1.56,Alluvium_Unconsolidated,1,China
349.23,5.37,0.481,31.84,850.7,0.296,2.87,2.45,27.123588,112.545204,4.36,Alluvium_Unconsolidated,1,China
414.33,8.0,0.46,36.99,1249.9,0.259,3.06,1.39,28.984754,111.516972,5.33,Alluvium_Unconsolidated,1,China
417.65,7.2,0.497,35.16,866.6,0.216,1.64,1.57,29.080867,112.437048,4.34,Alluvium_Unconsolidated,0,China
436.31,2.91,0.213,29.38,1219.8,0.291,1.6,2.0,29.416036,109.617766,5.42,Alluvium_Unconsolidated,1,China
391.39,7.81,0.28,36.54,1013.8,0.357,1.99,1.78,26.969521,110.016383,1.38,Alluvium_Unconsolidated,0,China
328.71,5.98,0.276,32.79,853.1,0.343,1.78,1.75,26.126615,110.53831,5.56,Alluvium_Unconsolidated,0,China
378.68,4.31,0.352,30.5,1183.1,0.304,2.11,2.49,28.903823,111.807417,2.35,Alluvium_Unconsolidated,1,China
402.77,3.53,0.293,29.78,888.5,0.236,1.61,2.47,25.722219,112.783984,3.52,Alluvium_Unconsolidated,0,China
425.0,5.14,0.294,31.51,1183.8,0.217,3.01,1.65,25.485412,109.711566,2.25,Alluvium_Unconsolidated,1,China
390.77,4.48,0.208,30.68,1186.4,0.286,2.35,1.65,29.406342,111.800046,4.61,Alluvium_Unconsolidated,0,China
447.78,2.01,0.279,29.05,1137.3,0.302,2.25,2.11,28.009664,111.899624,1.98,Alluvium_Unconsolidated,0,China
392.13,7.24,0.274,35.24,978.4,0.229,3.2,1.45,25.707612,110.077703,2.83,Alluvium_Unconsolidated,1,China
401.59,2.43,0.435,29.16,1145.9,0.334,2.59,2.34,27.706531,111.169617,3.11,Alluvium_Unconsolidated,0,China
444.23,6.78,0.411,34.29,1112.8,0.254,3.12,1.92,25.404757,109.014954,4.88,Alluvium_Unconsolidated,0,China
425.44,5.94,0.205,32.73,1016.0,0.282,2.83,1.3,29.39942,110.946004,5.79,Alluvium_Unconsolidated,0,China
440.49,3.05,0.22,29.46,1218.0,0.271,3.12,2.47,28.065272,109.62331,1.68,Alluvium_Unconsolidated,0,China
377.77,6.79,0.35,34.3,1113.0,0.255,2.41,1.71,25.761034,109.015353,0.9,Alluvium_Unconsolidated,1,China
439.27,4.83,0.497,31.09,1192.8,0.326,1.97,1.36,25.270033,111.784984,5.79,Alluvium_Unconsolidated,0,China
339.79,2.04,0.462,29.05,870.3,0.213,1.8,1.91,28.358223,110.327757,5.62,Alluvium_Unconsolidated,0,China
381.05,2.72,0.331,29.28,856.3,0.349,3.01,2.48,27.005294,110.395724,5.19,Alluvium_Unconsolidated,0,China
336.7,4.61,0.496,30.83,850.0,0.233,1.99,1.63,28.40852,110.473279,4.73,Alluvium_Unconsolidated,0,China
376.09,7.16,0.304,35.07,1234.2,0.227,2.38,2.13,26.358317,109.298654,4.22,Alluvium_Unconsolidated,0,China
430.0,5.25,0.329,31.67,1200.8,0.227,3.12,2.27,25.460653,111.287665,3.67,Alluvium_Unconsolidated,0,China
304.74,1.6,0.293,29.0,1124.4,0.2,1.61,1.82,27.371064,111.129929,5.66,Alluvium_Unconsolidated,0,China
420.41,7.23,0.452,35.21,977.9,0.349,2.33,2.04,25.207355,112.974337,1.35,Alluvium_Unconsolidated,1,China
367.99,7.94,0.338,36.85,1029.4,0.218,2.75,1.34,26.381186,109.990077,1.89,Alluvium_Unconsolidated,0,China
443.14,2.42,0.392,29.16,1145.7,0.264,2.44,2.1,26.675266,111.169311,4.08,Alluvium_Unconsolidated,0,China
429.93,2.61,0.475,29.23,856.9,0.357,1.73,2.36,27.861879,112.6618,5.29,Alluvium_Unconsolidated,0,China
322.87,7.99,0.342,36.99,912.8,0.329,1.84,1.54,28.593578,110.751003,1.67,Alluvium_Unconsolidated,0,China
414.41,4.67,0.205,30.91,1052.0,0.357,1.66,1.97,26.887608,111.006288,4.62,Alluvium_Unconsolidated,0,China
399.47,7.06,0.466,34.85,864.0,0.345,2.38,1.3,25.221353,110.604851,5.8,Alluvium_Unconsolidated,0,China
384.84,1.98,0.361,29.04,861.3,0.259,1.6,1.38,25.76817,110.366792,5.2,Alluvium_Unconsolidated,0,China
419.89,5.94,0.498,32.73,1016.0,0.213,2.36,2.32,26.562689,110.945998,1.12,Alluvium_Unconsolidated,0,China
421.15,2.19,0.466,29.09,1111.6,0.234,3.0,2.5,26.615228,111.94575,5.61,Alluvium_Unconsolidated,0,China
419.16,4.35,0.241,30.54,1183.9,0.36,1.64,1.31,26.936124,111.805695,5.8,Alluvium_Unconsolidated,0,China
314.88,3.34,0.346,29.64,1164.2,0.203,1.63,1.44,27.334784,111.205545,5.8,Alluvium_Unconsolidated,0,China
347.71,7.66,0.497,36.18,878.5,0.233,3.06,1.3,28.40994,110.659514,2.53,Alluvium_Unconsolidated,0,China
375.63,7.39,0.343,35.56,961.8,0.36,1.76,2.25,25.12823,112.20237,2.78,Alluvium_Unconsolidated,0,China
328.19,7.57,0.21,35.98,1104.0,0.24,2.62,2.3,27.525982,109.86463,2.88,Alluvium_Unconsolidated,0,China
328.27,7.04,0.284,34.81,863.7,0.345,1.62,1.51,26.120497,110.603547,4.01,Alluvium_Unconsolidated,0,China
375.36,5.07,0.393,31.41,914.8,0.202,1.6,1.81,28.303626,112.849962,5.27,Alluvium_Unconsolidated,0,China
325.99,7.99,0.202,36.99,1249.9,0.217,2.63,1.3,27.471309,111.515734,2.81,Alluvium_Unconsolidated,1,China
438.7,5.9,0.237,32.67,1017.1,0.231,3.19,1.51,29.301978,110.947879,1.81,Alluvium_Unconsolidated,0,China
380.06,7.6,0.283,36.06,950.2,0.356,2.52,2.37,25.086352,110.828852,5.72,Alluvium_Unconsolidated,0,China
407.74,2.74,0.22,29.29,1152.3,0.297,1.79,1.51,29.426011,111.871103,5.58,Alluvium_Unconsolidated,0,China
427.83,4.51,0.301,30.71,904.2,0.311,2.94,2.39,27.993519,112.824957,3.84,Alluvium_Unconsolidated,0,China
371.75,4.86,0.256,31.13,1047.2,0.337,1.6,1.75,28.834645,112.054851,5.3,Alluvium_Unconsolidated,0,China
326.48,4.98,0.205,31.3,850.1,0.214,1.61,1.31,27.462183,112.563195,5.65,Alluvium_Unconsolidated,0,China
420.53,6.41,0.201,33.56,1221.9,0.272,3.07,1.86,29.382084,111.705371,2.95,Alluvium_Unconsolidated,1,China
425.4,4.93,0.232,31.23,1045.2,0.327,1.75,2.37,26.793765,112.058146,5.43,Alluvium_Unconsolidated,0,China
366.73,7.56,0.31,35.96,952.6,0.319,2.55,1.42,28.875577,112.219766,2.0,Alluvium_Unconsolidated,0,China
362.36,2.28,0.418,29.11,1109.6,0.281,1.6,1.95,25.808246,111.103812,2.64,Alluvium_Unconsolidated,0,China
446.52,7.11,0.467,34.97,865.0,0.233,2.39,1.3,26.614065,112.443984,0.91,Alluvium_Unconsolidated,1,China
400.97,2.56,0.469,29.21,857.2,0.2,2.51,2.31,26.480515,112.663667,1.66,Alluvium_Unconsolidated,1,China
345.46,1.91,0.5,29.03,1117.7,0.264,2.9,1.3,27.181665,111.11803,5.79,Alluvium_Unconsolidated,0,China
393.01,7.57,0.426,35.97,875.4,0.331,1.62,1.43,27.699099,110.649195,5.76,Alluvium_Unconsolidated,1,China
334.97,6.89,0.451,34.51,861.5,0.226,3.2,1.66,27.257916,112.4599,2.61,Alluvium_Unconsolidated,1,China
448.34,2.1,0.209,29.07,1113.5,0.341,1.63,2.47,26.826765,111.110583,4.17,Alluvium_Unconsolidated,0,China
385.0,4.57,0.385,30.79,1054.7,0.317,2.39,1.95,27.669851,112.042371,4.27,Alluvium_Unconsolidated,0,China
428.57,6.26,0.5,33.28,1245.0,0.223,1.6,1.36,29.061489,109.357826,3.0,Alluvium_Unconsolidated,0,China
325.44,5.58,0.223,32.16,1248.6,0.261,2.44,2.5,26.288736,109.393162,4.56,Alluvium_Unconsolidated,0,China
313.0,4.66,0.239,30.89,850.0,0.203,1.64,1.41,27.415497,112.577754,4.28,Alluvium_Unconsolidated,0,China
331.1,2.56,0.344,29.21,1103.3,0.329,3.07,1.3,28.592414,111.960286,2.35,Alluvium_Unconsolidated,0,China
352.5,2.97,0.201,29.41,1219.0,0.288,1.66,1.83,26.241033,109.620103,4.03,Alluvium_Unconsolidated,0,China
319.32,7.46,0.273,35.72,872.3,0.2,3.11,2.02,27.385754,110.638415,1.89,Alluvium_Unconsolidated,0,China
362.88,5.31,0.466,31.75,850.6,0.215,2.56,1.51,28.362357,112.547891,5.09,Alluvium_Unconsolidated,0,China
466.66,7.58,0.36,36.0,875.9,0.203,1.69,1.31,29.210003,110.65099,5.02,Alluvium_Unconsolidated,0,China
317.16,7.32,0.432,35.4,982.0,0.36,2.19,1.95,26.017111,112.981609,3.01,Alluvium_Unconsolidated,0,China
450.96,3.06,0.384,29.46,1092.0,0.337,1.61,1.3,27.937006,111.07344,1.63,Alluvium_Unconsolidated,0,China
326.76,6.23,0.316,33.23,1218.6,0.337,2.86,2.36,28.611593,111.337366,0.93,Alluvium_Unconsolidated,0,China
378.88,4.42,0.326,30.62,1249.8,0.296,2.95,1.6,27.630102,109.44653,4.87,Alluvium_Unconsolidated,1,China
402.48,7.09,0.364,34.93,864.6,0.31,2.34,2.2,27.655632,112.445518,1.25,Alluvium_Unconsolidated,0,China
340.16,7.98,0.203,36.96,916.1,0.356,2.2,2.28,28.765614,110.758323,2.34,Alluvium_Unconsolidated,0,China
325.54,6.2,0.49,33.19,941.8,0.227,2.54,2.49,28.394625,110.146208,3.49,Alluvium_Unconsolidated,0,China
405.12,4.3,0.203,30.48,900.5,0.279,2.41,2.23,29.394803,110.23716,4.29,Alluvium_Unconsolidated,0,China
331.43,3.3,0.211,29.61,1086.3,0.313,1.86,1.39,26.194452,111.989382,5.76,Alluvium_Unconsolidated,0,China
395.63,8.0,0.439,37.0,1189.3,0.27,3.14,1.5,28.965844,109.165348,3.92,Alluvium_Unconsolidated,1,China
383.55,4.34,0.417,30.52,1060.8,0.279,1.77,2.23,28.948792,111.020957,5.5,Alluvium_Unconsolidated,0,China
410.43,5.89,0.424,32.66,852.7,0.33,3.08,2.15,27.697747,112.519038,5.58,Alluvium_Unconsolidated,0,China
342.0,3.3,0.496,29.62,885.4,0.233,1.7,2.3,28.409729,110.278111,5.08,Alluvium_Unconsolidated,0,China
345.19,1.81,0.488,29.02,868.0,0.29,3.15,2.14,27.135043,110.336688,4.07,Alluvium_Unconsolidated,0,China
318.34,7.83,0.305,36.59,1247.1,0.34,1.61,2.35,28.618616,111.583636,3.4,Alluvium_Unconsolidated,0,China
321.69,5.22,0.2,31.63,850.4,0.291,2.83,2.43,26.234371,112.552074,5.79,Alluvium_Unconsolidated,0,China
325.98,7.56,0.255,35.95,1104.8,0.352,1.87,1.37,28.657473,109.863248,5.77,Alluvium_Unconsolidated,0,China
419.33,6.58,0.476,33.88,1225.0,0.206,1.68,1.39,29.116476,111.69515,5.72,Alluvium_Unconsolidated,0,China
320.19,4.18,0.419,30.36,898.6,0.216,1.6,2.5,27.284396,112.811064,5.34,Alluvium_Unconsolidated,0,China
345.82,3.04,0.463,29.45,854.5,0.283,2.47,2.28,28.503339,110.408403,5.77,Alluvium_Unconsolidated,1,China
393.75,6.54,0.411,33.81,951.9,0.357,1.79,2.03,25.174687,112.926523,5.21,Alluvium_Unconsolidated,0,China
403.78,8.0,0.242,37.0,908.0,0.219,2.64,1.33,25.680949,112.313351,2.67,Alluvium_Unconsolidated,1,China
439.99,7.67,0.453,36.2,946.5,0.202,2.14,2.44,29.141278,112.23137,5.47,Alluvium_Unconsolidated,1,China
346.34,3.72,0.217,29.93,1171.6,0.351,1.92,1.33,28.793398,111.220871,5.8,Alluvium_Unconsolidated,0,China
344.81,7.88,0.484,36.7,930.8,0.223,3.04,2.45,28.384204,112.262873,2.81,Alluvium_Unconsolidated,1,China
330.74,4.54,0.305,30.75,1249.9,0.34,2.41,2.44,28.618848,109.44125,0.91,Alluvium_Unconsolidated,1,China
425.85,6.65,0.233,34.03,955.6,0.233,1.6,1.31,29.30628,112.933434,5.58,Alluvium_Unconsolidated,0,China
433.61,7.14,0.205,35.02,865.4,0.257,2.47,2.28,28.092064,110.610847,3.93,Alluvium_Unconsolidated,1,China
432.42,2.71,0.475,29.28,856.3,0.25,2.15,1.3,29.001643,110.395366,2.76,Alluvium_Unconsolidated,0,China
407.37,7.42,0.408,35.63,1139.7,0.205,3.08,1.3,26.428805,109.063593,5.24,Alluvium_Unconsolidated,0,China
399.42,7.98,0.451,36.95,1249.6,0.339,2.23,1.99,27.719474,111.547097,5.63,Alluvium_Unconsolidated,0,China
373.12,5.6,0.356,32.19,926.5,0.307,2.27,1.38,27.650068,112.875433,4.96,Alluvium_Unconsolidated,0,China
446.91,7.86,0.31,36.66,1167.9,0.21,1.62,2.49,29.244006,109.118615,1.35,Alluvium_Unconsolidated,0,China
418.77,7.31,0.498,35.39,965.4,0.36,2.31,1.78,27.818875,112.195793,1.49,Alluvium_Unconsolidated,1,China
441.04,7.99,0.224,36.97,1041.1,0.331,3.17,2.36,26.803143,109.97052,1.15,Alluvium_Unconsolidated,1,China
445.26,4.63,0.463,30.86,1053.2,0.355,2.03,1.3,27.875097,111.008193,5.72,Alluvium_Unconsolidated,0,China
445.71,7.56,0.2,35.94,953.0,0.27,3.19,1.35,29.378302,110.834097,1.84,Alluvium_Unconsolidated,1,China
433.3,7.0,0.3,34.74,1232.6,0.212,2.62,1.44,29.25075,111.666802,2.47,Alluvium_Unconsolidated,0,China
430.09,2.77,0.411,29.31,1221.5,0.344,1.86,2.32,27.918263,109.612303,3.82,Alluvium_Unconsolidated,0,China
413.41,7.34,0.202,35.45,869.4,0.258,2.02,1.85,29.355954,110.627302,4.86,Alluvium_Unconsolidated,0,China
454.61,7.99,0.484,36.98,1249.9,0.292,2.86,1.89,25.336046,111.537437,0.88,Alluvium_Unconsolidated,1,China
395.58,5.66,0.414,32.27,851.6,0.28,2.09,1.42,28.947047,112.531185,5.6,Alluvium_Unconsolidated,0,China
374.7,3.44,0.48,29.71,1082.9,0.312,2.38,2.5,25.86555,111.995132,0.95,Alluvium_Unconsolidated,0,China
386.8,3.12,0.326,29.5,1159.8,0.221,2.15,1.43,26.373113,111.196743,2.75,Alluvium_Unconsolidated,0,China
394.31,7.26,0.319,35.28,1132.3,0.351,2.84,1.94,26.996724,109.049945,1.06,Alluvium_Unconsolidated,1,China
405.53,3.73,0.248,29.94,1171.8,0.211,3.2,2.35,28.199849,111.831837,5.47,Alluvium_Unconsolidated,0,China
431.31,7.97,0.484,36.93,899.2,0.224,1.67,1.39,26.593468,112.334794,5.75,Alluvium_Unconsolidated,0,China
349.49,4.9,0.454,31.18,1046.1,0.298,2.51,2.37,25.837575,112.056679,1.63,Alluvium_Unconsolidated,0,China
442.31,7.07,0.495,34.88,864.2,0.216,2.03,2.04,26.572522,110.605911,1.68,Alluvium_Unconsolidated,0,China
321.0,7.5,0.457,35.82,1241.3,0.228,3.11,2.38,27.25231,111.625156,5.69,Alluvium_Unconsolidated,0,China
306.26,7.54,0.254,35.91,1242.0,0.336,2.66,1.71,26.144886,111.621055,2.84,Alluvium_Unconsolidated,0,China
400.04,7.65,0.308,36.17,878.3,0.241,3.2,1.35,25.732988,112.394167,5.4,Alluvium_Unconsolidated,0,China
392.76,7.97,0.284,36.93,898.9,0.327,3.18,2.14,29.485514,110.717404,3.83,Alluvium_Unconsolidated,0,China
388.93,4.01,0.384,30.19,1069.2,0.359,2.79,2.5,25.155664,111.034919,5.75,Alluvium_Unconsolidated,0,China
334.75,6.7,0.201,34.12,957.2,0.229,3.12,2.19,27.502748,112.936565,3.69,Alluvium_Unconsolidated,0,China
331.11,4.7,0.5,30.94,1190.5,0.245,2.25,2.48,28.43494,111.262625,1.94,Alluvium_Unconsolidated,1,China
431.41,5.82,0.206,32.53,931.7,0.258,2.95,2.49,28.089361,112.886318,5.73,Alluvium_Unconsolidated,1,China
411.22,7.55,0.434,35.93,1146.7,0.353,2.38,2.42,25.192537,109.076764,5.8,Alluvium_Unconsolidated,0,China
430.19,5.39,0.39,31.87,1032.2,0.338,1.77,1.4,27.933249,110.973315,5.5,Alluvium_Unconsolidated,0,China
414.02,8.0,0.224,37.0,1048.1,0.212,2.47,1.61,25.661124,109.958952,5.77,Alluvium_Unconsolidated,0,China
425.61,4.61,0.204,30.83,1053.8,0.2,2.32,1.37,25.581933,112.043859,3.85,Alluvium_Unconsolidated,0,China
361.05,7.4,0.273,35.6,1239.6,0.237,2.72,2.44,26.335797,111.634349,2.15,Alluvium_Unconsolidated,0,China
327.23,7.47,0.407,35.75,989.9,0.36,1.77,2.47,26.036123,110.057499,5.34,Alluvium_Unconsolidated,1,China
320.8,4.9,0.269,31.19,1250.0,0.2,1.8,1.46,27.389159,109.425564,2.13,Alluvium_Unconsolidated,0,China
392.23,7.39,0.362,35.57,961.5,0.2,1.84,2.29,28.282143,112.202989,3.62,Alluvium_Unconsolidated,1,China
396.25,7.69,0.424,36.25,1244.6,0.203,2.87,1.94,26.440784,111.448616,0.84,Alluvium_Unconsolidated,1,China
328.32,6.26,0.487,33.29,855.0,0.245,3.18,2.0,27.216201,112.499197,1.49,Alluvium_Unconsolidated,0,China
422.02,1.57,0.211,29.0,1235.4,0.247,2.29,1.82,29.334778,109.560159,3.69,Alluvium_Unconsolidated,0,China
338.47,7.83,0.208,36.58,1165.1,0.275,2.82,1.92,26.264552,109.112872,4.64,Alluvium_Unconsolidated,0,China
320.04,3.79,0.434,29.99,1074.5,0.22,1.64,1.95,27.272596,112.009148,4.3,Alluvium_Unconsolidated,1,China
415.39,7.98,0.48,36.94,1200.1,0.248,2.76,1.59,29.006912,109.191388,1.81,Alluvium_Unconsolidated,0,China
327.43,6.0,0.366,32.84,1014.0,0.358,2.58,1.92,26.064821,110.942561,5.59,Alluvium_Unconsolidated,0,China
410.58,7.98,0.481,36.94,1062.9,0.2,2.04,1.92,26.495088,109.934218,5.7,Alluvium_Unconsolidated,1,China
413.43,8.0,0.495,36.99,905.5,0.234,2.59,1.76,29.035084,112.319267,3.15,Alluvium_Unconsolidated,0,China
432.35,4.0,0.431,30.18,1069.3,0.262,2.93,1.52,25.389464,112.0179,3.87,Alluvium_Unconsolidated,0,China
424.82,4.05,0.433,30.23,850.8,0.2,2.7,1.41,29.158424,112.60381,5.25,Alluvium_Unconsolidated,0,China
326.14,6.34,0.424,33.44,1154.2,0.301,3.19,1.3,28.537234,109.773108,5.07,Alluvium_Unconsolidated,0,China
319.14,6.41,0.213,33.56,1000.7,0.315,1.63,1.83,26.191004,112.133203,1.05,Alluvium_Unconsolidated,1,China
311.36,5.11,0.292,31.46,1198.1,0.346,3.14,1.3,26.115139,111.772245,5.78,Alluvium_Unconsolidated,0,China
416.16,6.81,0.5,34.34,986.2,0.358,3.18,1.3,27.796275,110.894779,4.78,Alluvium_Unconsolidated,0,China
408.09,7.43,0.2,35.66,1140.4,0.27,2.28,1.87,29.378831,109.064963,5.71,Alluvium_Unconsolidated,0,China
425.07,8.0,0.463,37.0,907.2,0.355,3.2,1.95,27.874525,112.31525,5.55,Alluvium_Unconsolidated,0,China
294.48,5.97,0.297,32.78,1246.9,0.2,2.26,1.41,27.36781,109.373728,3.49,Alluvium_Unconsolidated,0,China
440.37,7.85,0.45,36.64,1212.3,0.353,3.1,2.06,27.887184,109.22413,3.44,Alluvium_Unconsolidated,0,China
436.53,4.33,0.261,30.51,1061.0,0.21,2.78,1.32,25.510444,111.021305,3.68,Alluvium_Unconsolidated,1,China
440.91,7.87,0.258,36.67,888.8,0.316,2.7,1.46,26.76986,110.690382,3.14,Alluvium_Unconsolidated,0,China
379.44,4.53,0.314,30.74,1055.8,0.243,1.65,2.01,25.737048,112.040392,5.79,Alluvium_Unconsolidated,0,China
391.55,5.96,0.354,32.76,935.1,0.303,2.58,1.43,28.90511,110.159648,5.18,Alluvium_Unconsolidated,0,China
421.11,3.32,0.205,29.63,853.2,0.254,2.59,2.12,29.348855,112.633513,5.23,Alluvium_Unconsolidated,0,China
414.96,7.04,0.212,34.81,969.8,0.359,3.16,1.46,26.900951,112.959724,0.87,Alluvium_Unconsolidated,0,China
414.27,6.71,0.496,34.14,1227.3,0.356,1.76,2.49,27.780608,111.366189,2.82,Alluvium_Unconsolidated,1,China
348.49,2.29,0.458,29.12,1143.1,0.3,1.67,2.46,25.841496,111.888692,5.77,Alluvium_Unconsolidated,1,China
433.55,6.56,0.27,33.84,952.5,0.219,1.65,1.35,29.272752,112.927586,4.07,Alluvium_Unconsolidated,0,China
445.43,3.77,0.377,29.97,1075.0,0.335,1.6,1.32,27.942182,111.044716,2.63,Alluvium_Unconsolidated,0,China
348.62,7.99,0.487,36.98,1185.9,0.29,1.65,1.68,27.133658,109.157552,1.0,Alluvium_Unconsolidated,0,China
439.21,2.7,0.276,29.27,1151.4,0.218,3.08,1.35,29.268288,111.872861,3.1,Alluvium_Unconsolidated,0,China
328.99,5.73,0.418,32.39,1209.7,0.36,2.71,2.24,26.0283,111.311094,5.6,Alluvium_Unconsolidated,0,China
421.13,7.73,0.2,36.35,1093.1,0.349,3.15,1.86,26.853542,109.883294,1.03,Alluvium_Unconsolidated,0,China
383.67,2.19,0.341,29.09,1111.5,0.301,3.2,2.4,27.639747,111.107166,5.36,Alluvium_Unconsolidated,1,China
328.01,7.51,0.499,35.84,1144.7,0.274,1.6,1.36,27.162204,109.072894,2.64,Alluvium_Unconsolidated,0,China
348.72,7.99,0.499,36.98,914.1,0.332,2.59,1.89,25.906248,112.299147,3.1,Alluvium_Unconsolidated,0,China
400.13,7.98,0.474,36.96,901.1,0.2,1.89,1.32,26.487033,112.330029,1.17,Alluvium_Unconsolidated,0,China
386.99,4.93,0.383,31.23,1194.9,0.337,2.23,1.67,27.039786,111.780132,2.15,Alluvium_Unconsolidated,1,China
457.71,2.13,0.371,29.07,860.2,0.333,1.73,2.5,27.946126,112.680499,2.44,Alluvium_Unconsolidated,1,China
354.34,3.99,0.267,30.17,895.4,0.24,1.98,2.11,26.330453,112.802747,3.98,Alluvium_Unconsolidated,1,China
418.19,7.74,0.211,36.37,881.9,0.358,3.18,1.35,26.898876,110.670152,4.78,Alluvium_Unconsolidated,0,China
395.51,6.02,0.286,32.87,853.4,0.327,2.69,2.5,29.486553,110.540574,5.26,Alluvium_Unconsolidated,0,China
332.28,3.34,0.201,29.64,1085.3,0.36,3.17,1.31,28.736809,111.062143,4.55,Alluvium_Unconsolidated,0,China
427.37,3.86,0.41,30.06,851.3,0.343,1.63,2.5,27.919113,112.611598,4.25,Alluvium_Unconsolidated,0,China
428.07,7.88,0.23,36.71,889.7,0.203,1.62,2.14,25.539613,110.692947,4.74,Alluvium_Unconsolidated,0,China
446.41,1.86,0.251,29.02,1134.2,0.208,3.2,1.54,25.518952,111.147781,5.33,Alluvium_Unconsolidated,0,China
382.86,3.93,0.329,30.11,1071.1,0.2,1.95,2.5,28.260509,112.014863,5.8,Alluvium_Unconsolidated,0,China
371.03,5.8,0.311,32.51,931.3,0.352,1.67,2.21,26.991408,110.167479,5.74,Alluvium_Unconsolidated,1,China
411.1,2.3,0.448,29.12,858.9,0.35,1.95,1.3,25.203701,112.673748,0.95,Alluvium_Unconsolidated,0,China
420.35,4.58,0.214,30.79,850.1,0.359,1.61,1.89,26.904062,112.581415,3.54,Alluvium_Unconsolidated,0,China
337.42,7.06,0.5,34.85,970.5,0.248,3.02,1.58,28.438973,112.961067,5.27,Alluvium_Unconsolidated,0,China
383.48,7.46,0.276,35.72,989.2,0.324,2.73,1.35,29.479261,110.058625,2.05,Alluvium_Unconsolidated,1,China
446.38,7.85,0.379,36.64,1166.9,0.201,1.65,2.49,29.197319,109.116697,4.49,Alluvium_Unconsolidated,0,China
425.82,4.1,0.216,30.28,1066.7,0.201,2.69,1.35,25.556884,112.02224,5.54,Alluvium_Unconsolidated,0,China
437.63,2.97,0.414,29.41,1156.9,0.255,2.82,2.21,25.403048,111.190841,4.01,Alluvium_Unconsolidated,0,China
401.73,7.78,0.488,36.46,939.0,0.241,2.37,2.29,29.019526,110.806768,4.52,Alluvium_Unconsolidated,1,China
451.32,3.27,0.484,29.6,1162.9,0.208,2.41,1.9,29.106603,111.850121,0.86,Alluvium_Unconsolidated,1,China
386.65,5.13,0.409,31.5,916.1,0.329,2.34,2.02,27.058232,110.200297,1.24,Alluvium_Unconsolidated,0,China
339.58,3.32,0.204,29.62,853.2,0.279,1.6,2.5,26.256462,110.419201,3.2,Alluvium_Unconsolidated,0,China
313.18,3.57,0.359,29.81,889.0,0.357,3.13,2.37,26.068937,110.267588,5.77,Alluvium_Unconsolidated,0,China
426.4,7.62,0.469,36.09,949.3,0.204,1.6,1.89,29.125266,110.827129,3.26,Alluvium_Unconsolidated,0,China
418.49,7.91,0.202,36.79,926.8,0.276,2.77,2.05,29.389297,112.27126,4.9,Alluvium_Unconsolidated,0,China
328.87,7.12,0.422,34.99,865.1,0.302,3.08,1.76,28.538673,110.609839,5.21,Alluvium_Unconsolidated,0,China
349.11,5.6,0.211,32.18,851.4,0.313,3.14,2.36,26.194168,112.533972,4.6,Alluvium_Unconsolidated,0,China
415.11,1.58,0.48,29.0,864.6,0.247,1.92,1.67,29.007985,112.701721,4.26,Alluvium_Unconsolidated,0,China
333.19,4.1,0.475,30.28,897.2,0.354,3.2,1.54,25.976342,112.807577,2.43,Alluvium_Unconsolidated,1,China
329.79,2.54,0.485,29.2,1103.8,0.223,1.6,1.98,28.38644,111.959269,2.15,Alluvium_Unconsolidated,0,China
336.58,6.62,0.218,33.96,954.5,0.339,2.43,1.73,25.025589,110.121714,1.06,Alluvium_Unconsolidated,1,China
444.06,3.96,0.222,30.15,1176.4,0.202,2.79,1.67,25.548694,111.230897,1.5,Alluvium_Unconsolidated,0,China
448.49,6.05,0.472,32.91,853.5,0.283,3.09,1.78,25.351553,110.542079,2.18,Alluvium_Unconsolidated,0,China
443.1,2.73,0.36,29.29,1099.5,0.276,2.16,2.44,26.696769,111.966824,2.8,Alluvium_Unconsolidated,0,China
395.39,7.61,0.369,36.08,877.0,0.298,2.93,2.26,28.915317,110.654653,4.7,Alluvium_Unconsolidated,0,China
315.58,1.6,0.277,29.0,864.3,0.343,2.9,1.53,26.125748,112.700688,5.79,Alluvium_Unconsolidated,1,China
422.3,5.19,0.202,31.57,1038.1,0.253,3.02,1.93,28.099226,112.07002,2.44,Alluvium_Unconsolidated,1,China
335.02,2.28,0.483,29.11,1142.8,0.352,2.99,2.4,25.966923,111.163857,3.37,Alluvium_Unconsolidated,0,China
329.88,8.0,0.213,37.0,1051.8,0.315,2.48,1.55,26.190597,109.9527,1.45,Alluvium_Unconsolidated,0,China
445.48,7.97,0.362,36.93,1181.0,0.203,1.6,2.48,29.208816,109.146503,2.55,Alluvium_Unconsolidated,0,China
384.87,3.32,0.329,29.63,1163.9,0.349,3.08,2.13,27.003335,111.204971,2.23,Alluvium_Unconsolidated,1,China
396.64,6.76,0.266,34.24,859.8,0.207,1.66,1.63,28.215256,110.584192,4.67,Alluvium_Unconsolidated,0,China
416.05,7.11,0.259,34.96,972.6,0.294,1.65,1.34,28.025082,110.088243,4.13,Alluvium_Unconsolidated,0,China
313.35,5.68,0.249,32.31,851.7,0.353,2.58,2.47,28.66261,110.522988,5.19,Alluvium_Unconsolidated,0,China
342.24,7.99,0.498,36.97,1185.4,0.252,3.14,2.5,28.446926,109.156325,4.65,Alluvium_Unconsolidated,0,China
402.89,7.56,0.463,35.95,952.9,0.346,2.62,2.47,25.21826,112.219096,5.49,Alluvium_Unconsolidated,0,China
372.13,5.31,0.39,31.74,1034.8,0.335,2.17,1.32,27.044734,110.977501,5.46,Alluvium_Unconsolidated,0,China
427.27,4.28,0.369,30.46,1062.3,0.239,2.08,1.51,25.43428,111.023477,3.23,Alluvium_Unconsolidated,0,China
415.75,4.93,0.204,31.23,912.1,0.232,2.73,1.39,28.140903,110.209361,3.35,Alluvium_Unconsolidated,0,China
433.63,7.36,0.476,35.5,869.8,0.206,1.6,1.77,29.116989,112.424052,2.64,Alluvium_Unconsolidated,0,China
333.11,5.24,0.486,31.65,1200.6,0.267,1.66,1.31,28.475367,111.766,4.63,Alluvium_Unconsolidated,0,China
343.9,4.14,0.202,30.32,1179.8,0.283,2.41,1.53,26.248858,111.814742,4.3,Alluvium_Unconsolidated,1,China
440.53,3.2,0.402,29.55,1088.5,0.342,1.6,1.3,27.92456,111.067511,2.8,Alluvium_Unconsolidated,0,China
384.37,7.58,0.327,36.01,996.7,0.36,2.81,2.37,25.117585,110.04565,3.91,Alluvium_Unconsolidated,0,China
417.07,2.09,0.242,29.06,1239.5,0.36,2.0,1.69,26.936963,109.540487,4.78,Alluvium_Unconsolidated,0,China
343.87,7.64,0.206,36.14,1243.7,0.277,2.62,2.5,26.259471,111.442825,2.54,Alluvium_Unconsolidated,0,China
395.79,8.0,0.319,37.0,1250.0,0.359,2.24,1.31,25.112261,111.53133,2.08,Alluvium_Unconsolidated,0,China
445.08,3.61,0.396,29.84,889.6,0.2,3.0,2.3,29.185982,110.265947,5.18,Alluvium_Unconsolidated,1,China
352.22,3.1,0.214,29.49,882.7,0.243,3.09,1.48,27.533113,112.766908,5.6,Alluvium_Unconsolidated,0,China
335.86,3.71,0.5,29.93,1171.5,0.267,3.17,2.12,27.175919,111.832402,4.56,Alluvium_Unconsolidated,0,China
418.03,7.87,0.372,36.68,1080.2,0.202,1.63,1.98,29.202094,109.905212,4.54,Alluvium_Unconsolidated,0,China
420.68,7.91,0.496,36.78,1172.6,0.215,1.66,1.46,26.568764,109.128533,4.03,Alluvium_Unconsolidated,0,China
327.55,3.62,0.481,29.85,852.1,0.353,3.17,1.44,25.969184,110.431392,5.8,Alluvium_Unconsolidated,0,China
327.08,3.68,0.44,29.9,851.9,0.359,3.18,1.58,26.010678,110.433943,4.71,Alluvium_Unconsolidated,0,China
426.63,6.34,0.202,33.44,1220.7,0.347,2.38,1.3,26.845725,111.709169,4.22,Alluvium_Unconsolidated,0,China
326.96,3.21,0.277,29.55,1088.5,0.343,2.49,1.62,26.126077,111.985615,3.79,Alluvium_Unconsolidated,0,China
449.28,3.48,0.487,29.74,852.6,0.294,2.3,2.1,25.332455,110.425909,5.74,Alluvium_Unconsolidated,0,China
327.63,7.88,0.493,36.71,889.8,0.229,3.16,2.29,28.399826,112.359747,4.35,Alluvium_Unconsolidated,0,China
352.06,7.9,0.246,36.75,1171.3,0.249,3.15,1.73,26.312391,109.125842,0.95,Alluvium_Unconsolidated,1,China
446.52,8.0,0.211,37.0,906.8,0.339,3.19,2.38,26.821823,112.316056,5.65,Alluvium_Unconsolidated,0,China
440.61,2.89,0.233,29.37,879.9,0.327,1.92,2.05,26.793063,110.294599,0.9,Alluvium_Unconsolidated,1,China
306.19,7.98,0.236,36.95,916.9,0.355,1.6,1.79,28.674986,112.292966,5.27,Alluvium_Unconsolidated,0,China
386.75,1.92,0.437,29.03,861.7,0.353,1.79,1.67,25.194534,110.364582,5.57,Alluvium_Unconsolidated,0,China
327.69,7.99,0.209,36.97,1197.2,0.211,2.65,1.68,27.45357,109.184362,5.41,Alluvium_Unconsolidated,1,China
450.94,7.82,0.448,36.56,1014.5,0.242,2.1,2.26,26.632039,110.015203,5.24,Alluvium_Unconsolidated,0,China
402.54,4.91,0.268,31.21,1194.5,0.206,3.18,2.14,28.216693,111.781056,5.77,Alluvium_Unconsolidated,1,China
348.09,7.45,0.276,35.7,958.6,0.355,2.56,2.42,25.080773,110.844814,5.64,Alluvium_Unconsolidated,1,China
368.82,4.64,0.381,30.86,1189.3,0.209,1.61,2.31,26.409924,111.793353,1.62,Alluvium_Unconsolidated,0,China
427.88,5.41,0.258,31.89,1177.9,0.209,2.73,1.73,25.513283,109.724361,2.05,Alluvium_Unconsolidated,1,China
417.45,3.62,0.459,29.85,889.8,0.26,1.6,1.43,28.984286,110.265288,5.42,Alluvium_Unconsolidated,0,China
432.82,7.45,0.202,35.71,958.4,0.258,3.16,1.31,29.356904,110.844324,0.84,Alluvium_Unconsolidated,1,China
426.1,2.08,0.201,29.06,1114.0,0.349,1.6,2.42,26.852299,111.111543,2.5,Alluvium_Unconsolidated,1,China
381.17,4.33,0.427,30.52,1183.5,0.203,1.78,2.39,26.443158,111.806481,3.04,Alluvium_Unconsolidated,0,China
437.6,1.84,0.266,29.02,1237.7,0.297,2.38,2.45,28.019241,109.54985,5.8,Alluvium_Unconsolidated,0,China
422.68,2.57,0.214,29.22,876.1,0.245,2.06,1.65,29.330753,112.745898,1.96,Alluvium_Unconsolidated,0,China
354.3,5.53,0.218,32.07,851.2,0.265,1.96,2.44,26.282405,110.515442,4.56,Alluvium_Unconsolidated,0,China
372.5,7.08,0.389,34.89,975.6,0.269,2.78,2.48,25.787064,110.875843,1.63,Alluvium_Unconsolidated,0,China
443.48,5.29,0.409,31.71,1201.4,0.258,3.19,2.01,26.66299,111.763777,1.76,Alluvium_Unconsolidated,0,China
440.63,7.99,0.369,36.98,1249.8,0.202,1.6,1.7,29.203996,111.513086,5.54,Alluvium_Unconsolidated,0,China
424.7,7.43,0.445,35.65,871.5,0.243,2.42,1.34,26.634659,112.417704,0.92,Alluvium_Unconsolidated,1,China
429.27,2.61,0.293,29.23,876.6,0.302,1.82,1.45,26.74248,112.747496,5.67,Alluvium_Unconsolidated,0,China
441.28,5.59,0.338,32.17,1026.5,0.284,1.61,2.49,26.711224,112.089429,5.09,Alluvium_Unconsolidated,0,China
333.58,6.12,0.247,33.05,1010.1,0.202,2.86,2.2,27.407576,112.117044,4.43,Alluvium_Unconsolidated,0,China
364.94,6.16,0.344,33.12,854.3,0.217,1.79,2.22,26.385387,112.504606,2.26,Alluvium_Unconsolidated,0,China
318.26,2.46,0.277,29.17,874.8,0.2,1.6,1.31,27.382875,110.311569,2.7,Alluvium_Unconsolidated,0,China
418.32,4.79,0.294,31.05,850.0,0.355,3.15,2.25,26.979097,110.481233,5.8,Alluvium_Unconsolidated,0,China
439.65,7.95,0.459,36.87,1069.4,0.203,1.91,2.32,29.13584,109.923436,0.97,Alluvium_Unconsolidated,0,China
391.28,5.36,0.33,31.82,1202.8,0.297,2.75,1.32,27.632529,111.760242,5.03,Alluvium_Unconsolidated,0,China
422.18,6.21,0.485,33.21,1218.4,0.351,3.2,1.58,27.758548,111.716346,2.95,Alluvium_Unconsolidated,1,China
401.92,2.39,0.467,29.15,874.1,0.2,2.53,1.48,26.478746,110.313951,5.69,Alluvium_Unconsolidated,0,China
461.48,7.94,0.322,36.85,1176.0,0.318,2.9,1.4,27.979054,109.135824,1.11,Alluvium_Unconsolidated,0,China
437.33,5.64,0.221,32.24,1248.4,0.24,3.19,2.32,29.320806,109.390586,3.71,Alluvium_Unconsolidated,0,China
337.18,2.76,0.201,29.3,1243.9,0.219,2.0,1.4,27.47756,109.514371,3.86,Alluvium_Unconsolidated,0,China
327.4,2.25,0.5,29.11,1227.4,0.245,1.73,1.33,28.434782,109.592,5.51,Alluvium_Unconsolidated,0,China
375.2,2.31,0.347,29.12,1108.9,0.304,3.09,1.74,27.644128,111.950537,5.19,Alluvium_Unconsolidated,0,China
361.74,5.4,0.292,31.88,1178.2,0.325,1.7,2.49,28.863258,109.723821,1.95,Alluvium_Unconsolidated,0,China
367.7,5.0,0.399,31.32,1196.1,0.274,2.13,1.38,25.794503,111.276033,5.34,Alluvium_Unconsolidated,0,China
388.11,7.33,0.249,35.43,964.5,0.221,3.17,2.24,25.686783,110.855753,5.8,Alluvium_Unconsolidated,1,China
422.43,2.77,0.495,29.31,878.5,0.303,1.62,2.39,25.314721,110.299259,1.39,Alluvium_Unconsolidated,0,China
435.78,4.1,0.456,30.28,1202.8,0.238,2.5,2.17,26.62499,109.665874,3.77,Alluvium_Unconsolidated,0,China
439.33,4.82,0.228,31.09,1250.0,0.235,3.14,2.17,29.311286,109.428902,4.59,Alluvium_Unconsolidated,0,China
395.87,4.73,0.432,30.97,1250.0,0.353,2.67,1.36,25.190754,109.433199,5.48,Alluvium_Unconsolidated,0,China
431.78,4.97,0.246,31.28,850.1,0.227,3.2,2.11,29.293378,112.564008,3.32,Alluvium_Unconsolidated,0,China
398.57,2.08,0.219,29.06,1239.5,0.221,3.2,1.86,28.167528,109.540615,3.33,Alluvium_Unconsolidated,0,China
365.59,3.67,0.5,29.9,890.6,0.24,1.91,1.3,28.423984,112.789904,4.49,Alluvium_Unconsolidated,0,China
420.36,7.17,0.488,35.08,1234.1,0.241,1.99,1.37,29.019908,109.298213,5.77,Alluvium_Unconsolidated,0,China
337.7,2.86,0.201,29.35,1154.7,0.3,1.78,2.06,26.218245,111.186504,2.35,Alluvium_Unconsolidated,0,China
432.75,3.9,0.2,30.09,1071.7,0.244,2.78,1.96,28.117259,111.039193,4.86,Alluvium_Unconsolidated,0,China
378.98,7.91,0.364,36.77,1208.3,0.31,1.83,2.43,27.655656,109.213056,5.0,Alluvium_Unconsolidated,0,China
445.93,6.73,0.286,34.17,989.4,0.304,3.18,2.24,26.747667,110.900295,4.68,Alluvium_Unconsolidated,0,China
408.58,5.96,0.482,32.76,1164.8,0.246,3.03,2.31,29.009698,109.752018,2.89,Alluvium_Unconsolidated,1,China
385.65,6.55,0.419,33.83,952.3,0.328,1.69,1.37,27.693623,112.927122,4.97,Alluvium_Unconsolidated,0,China
360.07,7.33,0.308,35.44,964.4,0.226,3.16,1.37,26.36126,112.197576,0.83,Alluvium_Unconsolidated,1,China
317.28,7.94,0.23,36.85,1248.9,0.204,3.09,1.33,27.424386,111.491859,3.33,Alluvium_Unconsolidated,0,China
390.46,4.59,0.416,30.81,1054.2,0.204,1.7,1.55,26.434571,111.00992,5.67,Alluvium_Unconsolidated,0,China
328.8,7.8,0.214,36.51,937.4,0.209,3.08,1.92,27.445251,112.249484,5.2,Alluvium_Unconsolidated,1,China
442.62,7.96,0.285,36.91,1180.0,0.305,2.66,2.2,26.748288,109.14434,2.8,Alluvium_Unconsolidated,0,China
326.23,3.09,0.49,29.48,882.5,0.248,2.91,1.61,27.210844,110.286585,1.19,Alluvium_Unconsolidated,1,China
399.78,5.24,0.204,31.65,1036.5,0.356,1.76,1.9,26.882582,110.980413,5.47,Alluvium_Unconsolidated,0,China
429.86,7.49,0.229,35.8,873.3,0.329,3.15,1.99,26.797478,112.411329,4.17,Alluvium_Unconsolidated,0,China
349.38,1.75,0.456,29.01,1236.9,0.311,3.2,2.35,27.095872,109.553569,2.24,Alluvium_Unconsolidated,0,China
353.68,1.93,0.304,29.03,869.2,0.227,1.67,2.08,26.357994,110.332023,1.55,Alluvium_Unconsolidated,1,China
335.9,3.98,0.461,30.17,851.0,0.308,2.93,2.48,27.101072,110.446368,1.43,Alluvium_Unconsolidated,0,China
326.71,7.94,0.213,36.85,1070.7,0.359,1.61,1.37,28.704081,109.921163,1.71,Alluvium_Unconsolidated,0,China
410.37,5.47,0.211,31.99,1176.5,0.289,1.86,1.6,29.411732,109.72751,4.81,Alluvium_Unconsolidated,0,China
317.45,7.58,0.324,36.0,1242.7,0.335,1.6,2.21,28.605953,111.617015,2.77,Alluvium_Unconsolidated,1,China
395.7,3.61,0.435,29.84,1169.4,0.334,2.3,2.44,27.70629,111.216295,4.85,Alluvium_Unconsolidated,1,China
332.68,7.75,0.484,36.41,1091.0,0.293,1.61,1.43,27.128503,109.886869,4.93,Alluvium_Unconsolidated,0,China
431.1,7.29,0.407,35.36,1133.8,0.252,2.96,2.04,25.407958,109.052686,5.71,Alluvium_Unconsolidated,0,China
387.5,7.21,0.267,35.18,969.8,0.358,3.1,2.11,26.959215,112.187718,3.41,Alluvium_Unconsolidated,1,China
394.0,7.36,0.276,35.5,984.1,0.205,1.6,2.48,28.222986,112.985392,5.55,Alluvium_Unconsolidated,0,China
365.5,4.3,0.281,30.48,1182.8,0.328,1.6,1.3,28.854911,111.245014,2.7,Alluvium_Unconsolidated,0,China
326.58,4.9,0.274,31.19,911.5,0.347,2.96,1.76,28.6417,112.842337,1.7,Alluvium_Unconsolidated,1,China
435.43,7.92,0.389,36.81,1248.7,0.338,2.88,2.49,27.9338,111.564813,5.8,Alluvium_Unconsolidated,0,China
356.69,2.44,0.263,29.17,1225.4,0.27,3.19,1.32,27.583902,109.599373,5.68,Alluvium_Unconsolidated,0,China
429.59,7.91,0.315,36.78,1172.7,0.209,1.63,2.5,29.240044,109.128715,1.14,Alluvium_Unconsolidated,1,China
367.94,6.08,0.407,32.96,938.3,0.283,2.27,1.58,28.941677,110.153189,3.55,Alluvium_Unconsolidated,0,China
368.07,4.42,0.384,30.61,1058.7,0.201,2.89,2.5,28.297204,111.017426,5.8,Alluvium_Unconsolidated,0,China
332.02,7.95,0.234,36.87,895.8,0.356,1.65,1.97,28.676871,112.343737,5.79,Alluvium_Unconsolidated,0,China
416.03,7.93,0.445,36.83,893.9,0.351,3.12,2.09,25.201247,112.348634,1.68,Alluvium_Unconsolidated,0,China
350.89,6.35,0.499,33.45,855.6,0.25,2.83,1.51,28.442965,110.558757,4.61,Alluvium_Unconsolidated,1,China
424.47,3.67,0.496,29.9,1209.4,0.215,3.06,1.63,29.083398,109.648312,2.58,Alluvium_Unconsolidated,1,China
387.45,1.83,0.261,29.02,862.4,0.225,2.09,2.37,25.697624,112.691944,5.59,Alluvium_Unconsolidated,0,China
443.89,6.19,0.268,33.16,1218.0,0.211,2.17,2.05,25.504764,111.717799,5.48,Alluvium_Unconsolidated,0,China
414.41,2.28,0.213,29.11,1109.7,0.359,1.73,2.23,26.903235,111.103925,2.47,Alluvium_Unconsolidated,0,China
438.53,5.42,0.229,31.91,922.3,0.203,2.47,1.86,25.540679,112.866407,3.9,Alluvium_Unconsolidated,0,China
327.61,5.96,0.5,32.77,935.3,0.337,1.6,2.11,25.919816,110.159404,5.58,Alluvium_Unconsolidated,0,China
346.19,4.24,0.5,30.42,899.5,0.337,1.8,1.83,25.919659,110.239615,5.18,Alluvium_Unconsolidated,0,China
415.66,5.82,0.496,32.53,1019.6,0.234,3.13,2.43,29.035603,112.100983,5.77,Alluvium_Unconsolidated,0,China
406.69,7.16,0.487,35.06,1235.3,0.201,2.62,1.49,26.503911,111.397974,2.9,Alluvium_Unconsolidated,1,China
318.28,5.05,0.219,31.39,914.4,0.358,2.95,1.72,28.694975,110.204033,3.75,Alluvium_Unconsolidated,0,China
386.07,2.46,0.393,29.18,1146.6,0.289,1.64,1.63,28.931866,111.171028,0.92,Alluvium_Unconsolidated,0,China
307.64,6.97,0.274,34.66,980.0,0.347,1.87,1.38,28.641778,110.883828,4.76,Alluvium_Unconsolidated,0,China
379.05,7.52,0.352,35.87,1241.7,0.344,2.5,2.5,27.018768,111.430296,4.86,Alluvium_Unconsolidated,0,China
328.18,7.54,0.212,35.9,1106.1,0.21,3.16,2.48,27.448454,109.860947,4.28,Alluvium_Unconsolidated,0,China
422.15,7.89,0.2,36.74,1248.2,0.352,3.2,1.89,26.864005,111.481226,2.67,Alluvium_Unconsolidated,1,China
437.85,7.54,0.481,35.91,1225.4,0.358,3.13,2.33,27.853376,109.265012,3.85,Alluvium_Unconsolidated,1,China
362.32,7.15,0.452,35.04,1235.1,0.211,3.15,1.31,28.348916,111.65587,4.13,Alluvium_Unconsolidated,0,China
422.57,4.55,0.201,30.76,904.9,0.25,2.5,1.31,28.104652,110.226283,1.6,Alluvium_Unconsolidated,1,China
424.25,4.49,0.467,30.69,850.1,0.28,1.61,1.99,25.35741,112.585299,5.72,Alluvium_Unconsolidated,0,China
328.67,1.61,0.204,29.0,866.2,0.233,2.64,1.41,27.511674,112.708912,2.67,Alluvium_Unconsolidated,1,China
361.28,2.92,0.255,29.38,1095.1,0.337,1.79,2.03,28.834173,111.974305,2.32,Alluvium_Unconsolidated,1,China
419.52,2.33,0.201,29.13,1143.9,0.2,2.77,1.35,25.594778,111.165789,1.7,Alluvium_Unconsolidated,0,China
386.01,5.02,0.327,31.35,1042.6,0.247,2.46,2.06,25.74554,110.990561,3.99,Alluvium_Unconsolidated,1,China
406.7,7.77,0.498,36.43,883.1,0.213,1.77,2.3,26.561698,110.673883,2.47,Alluvium_Unconsolidated,0,China
420.58,4.1,0.5,30.28,1179.0,0.317,2.04,2.49,25.287587,111.236523,3.53,Alluvium_Unconsolidated,0,China
334.02,4.76,0.272,31.02,850.0,0.348,2.58,2.49,28.642999,112.573166,2.22,Alluvium_Unconsolidated,1,China
391.41,5.45,0.436,31.96,851.0,0.334,3.17,2.12,27.707374,112.54117,5.79,Alluvium_Unconsolidated,0,China
414.22,3.39,0.494,29.68,1084.2,0.329,1.74,2.36,25.262229,111.060146,2.84,Alluvium_Unconsolidated,0,China
311.4,3.48,0.442,29.74,887.7,0.293,1.84,2.5,28.522885,110.27125,3.62,Alluvium_Unconsolidated,0,China
428.81,2.1,0.461,29.07,870.9,0.203,3.1,1.33,29.133885,112.727657,1.93,Alluvium_Unconsolidated,0,China
402.12,5.2,0.267,31.59,1199.9,0.207,2.01,1.56,28.215327,111.285312,1.58,Alluvium_Unconsolidated,1,China
421.11,7.13,0.2,34.99,1126.4,0.264,2.02,1.83,29.367729,109.039177,4.87,Alluvium_Unconsolidated,0,China
434.44,8.0,0.494,37.0,1193.5,0.329,3.2,2.41,25.261959,109.175208,2.82,Alluvium_Unconsolidated,0,China
421.83,7.4,0.491,35.58,1138.8,0.238,3.17,2.12,29.025785,109.061811,4.42,Alluvium_Unconsolidated,0,China
416.99,2.7,0.5,29.27,877.7,0.209,3.04,1.31,26.549202,110.301959,2.86,Alluvium_Unconsolidated,1,China
436.9,2.07,0.209,29.06,870.7,0.2,3.01,2.41,25.569087,112.726659,2.29,Alluvium_Unconsolidated,0,China
442.75,7.75,0.487,36.4,1008.8,0.359,3.19,1.44,27.845391,110.024949,3.38,Alluvium_Unconsolidated,0,China
323.86,2.68,0.499,29.26,1222.6,0.248,1.84,1.32,28.440773,109.608631,4.94,Alluvium_Unconsolidated,0,China
437.34,7.55,0.224,35.92,874.8,0.331,3.14,2.04,26.803392,112.405888,4.04,Alluvium_Unconsolidated,1,China
377.23,6.78,0.458,34.28,1228.6,0.309,2.12,2.25,27.098528,111.370806,2.49,Alluvium_Unconsolidated,0,China
412.54,6.55,0.215,33.84,952.4,0.359,3.1,1.38,26.905347,112.927356,2.01,Alluvium_Unconsolidated,0,China
405.88,5.52,0.249,32.06,1175.5,0.313,2.25,1.79,29.456694,109.729694,1.95,Alluvium_Unconsolidated,1,China
346.22,3.64,0.213,29.87,1078.0,0.352,2.97,1.43,28.78755,111.04983,1.84,Alluvium_Unconsolidated,1,China
383.76,4.88,0.355,31.16,911.0,0.306,2.5,1.33,27.649112,112.841278,3.74,Alluvium_Unconsolidated,0,China
421.5,7.08,0.244,34.9,1235.6,0.206,2.02,2.33,25.525748,109.304903,3.68,Alluvium_Unconsolidated,0,China
438.72,4.85,0.471,31.12,1047.4,0.205,3.17,2.43,29.122414,112.054487,4.55,Alluvium_Unconsolidated,0,China
343.97,7.49,0.203,35.79,990.9,0.357,1.65,1.78,28.763923,112.997383,1.11,Alluvium_Unconsolidated,0,China
332.33,2.9,0.337,29.37,880.1,0.331,2.64,2.41,28.597204,110.294146,5.46,Alluvium_Unconsolidated,0,China
329.04,1.87,0.428,29.03,1118.5,0.36,3.12,2.5,26.020354,111.119458,1.7,Alluvium_Unconsolidated,0,China
347.74,7.91,0.235,36.79,926.9,0.345,1.87,2.39,25.04489,110.781937,3.87,Alluvium_Unconsolidated,0,China
442.88,7.48,0.352,35.76,1227.2,0.204,2.04,2.26,29.2155,109.271397,4.98,Alluvium_Unconsolidated,0,China
332.42,7.92,0.498,36.81,926.0,0.252,2.95,1.35,28.447463,110.780073,5.74,Alluvium_Unconsolidated,0,China
437.27,2.72,0.344,29.28,1151.8,0.231,2.64,1.37,25.450941,111.872218,5.45,Alluvium_Unconsolidated,0,China
397.32,8.0,0.254,37.0,910.0,0.223,2.75,2.48,25.691888,110.744495,3.48,Alluvium_Unconsolidated,0,China
429.06,4.38,0.406,30.57,1184.3,0.252,1.86,1.39,25.408817,111.804635,3.78,Alluvium_Unconsolidated,0,China
422.14,7.97,0.261,36.92,1180.1,0.21,1.66,1.88,25.510203,109.144678,3.99,Alluvium_Unconsolidated,0,China
324.65,7.41,0.463,35.62,960.5,0.357,2.4,2.46,25.989848,112.204705,4.35,Alluvium_Unconsolidated,0,China
455.12,7.82,0.332,36.57,1164.7,0.206,1.6,2.49,29.228644,109.112124,2.77,Alluvium_Unconsolidated,1,China
382.12,2.73,0.336,29.29,1099.5,0.3,3.07,1.83,27.636757,111.966797,5.31,Alluvium_Unconsolidated,1,China
392.32,5.05,0.399,31.39,1197.0,0.286,2.14,1.37,28.9361,111.278241,5.38,Alluvium_Unconsolidated,0,China
339.85,5.16,0.48,31.54,850.3,0.297,2.45,2.5,27.122043,110.498162,4.04,Alluvium_Unconsolidated,0,China
328.58,7.13,0.455,35.0,1126.6,0.358,2.48,2.49,25.997305,109.039582,3.89,Alluvium_Unconsolidated,0,China
364.32,6.42,0.335,33.59,1222.2,0.31,2.18,1.32,28.89296,111.348733,5.49,Alluvium_Unconsolidated,0,China
325.03,7.52,0.48,35.87,1107.0,0.353,2.52,2.23,25.970196,109.859381,4.92,Alluvium_Unconsolidated,0,China
339.47,4.02,0.2,30.2,1068.8,0.359,2.24,1.5,28.748607,112.018815,3.33,Alluvium_Unconsolidated,0,China
344.0,6.8,0.499,34.31,1228.9,0.238,2.52,1.32,28.420793,111.681157,3.63,Alluvium_Unconsolidated,0,China
456.68,2.8,0.229,29.32,1153.4,0.203,3.18,1.69,25.540656,111.868938,1.39,Alluvium_Unconsolidated,0,China
420.5,7.24,0.208,35.23,1131.2,0.341,2.79,2.49,26.827367,109.047837,3.76,Alluvium_Unconsolidated,0,China
395.84,7.63,0.29,36.11,1243.6,0.203,1.66,1.31,28.232893,111.441723,5.77,Alluvium_Unconsolidated,1,China
348.17,3.96,0.219,30.15,895.0,0.247,2.27,2.02,27.539984,110.251278,5.69,Alluvium_Unconsolidated,0,China
348.71,5.95,0.498,32.74,853.0,0.237,2.46,1.48,28.416645,110.536766,5.78,Alluvium_Unconsolidated,0,China
344.48,3.09,0.207,29.48,882.5,0.355,2.95,1.64,28.775484,110.286519,5.73,Alluvium_Unconsolidated,0,China
366.14,3.46,0.44,29.73,1212.5,0.291,2.02,2.14,25.825626,109.639731,4.87,Alluvium_Unconsolidated,0,China
366.28,7.26,0.325,35.29,1132.4,0.221,3.18,1.34,26.372399,109.050047,1.36,Alluvium_Unconsolidated,1,China
370.4,7.88,0.282,36.7,889.4,0.356,1.75,1.95,25.0857,110.692243,2.64,Alluvium_Unconsolidated,0,China
386.52,5.63,0.419,32.22,1207.7,0.326,2.83,2.18,27.065231,111.305727,5.79,Alluvium_Unconsolidated,0,China
404.95,2.98,0.206,29.41,1157.0,0.23,3.1,1.57,28.146421,111.191159,5.04,Alluvium_Unconsolidated,0,China
377.81,6.12,0.258,33.04,854.0,0.336,3.12,1.79,28.836947,112.507159,3.64,Alluvium_Unconsolidated,0,China
393.33,5.28,0.263,31.71,1201.4,0.319,1.99,2.07,29.46949,111.763988,5.76,Alluvium_Unconsolidated,0,China
392.72,7.97,0.375,36.93,1201.1,0.296,3.2,1.33,28.919623,109.194079,5.21,Alluvium_Unconsolidated,0,China
361.07,7.96,0.225,36.89,1249.2,0.347,2.64,2.26,28.804222,111.555856,5.43,Alluvium_Unconsolidated,0,China
397.9,2.15,0.451,29.08,1140.2,0.339,2.54,2.27,27.719912,111.158836,3.51,Alluvium_Unconsolidated,0,China
333.17,1.93,0.497,29.03,869.2,0.257,2.8,1.84,27.194764,110.3319,1.47,Alluvium_Unconsolidated,1,China
319.92,8.0,0.204,36.99,912.2,0.305,2.72,1.44,26.209097,110.749664,5.13,Alluvium_Unconsolidated,0,China
359.25,7.5,0.208,35.81,1108.5,0.332,1.79,2.45,25.009298,109.856736,2.28,Alluvium_Unconsolidated,0,China
382.59,5.29,0.332,31.72,850.5,0.249,2.51,1.69,25.749049,112.549102,3.71,Alluvium_Unconsolidated,0,China
339.87,3.08,0.329,29.48,1091.3,0.202,1.65,2.35,27.345949,111.980813,1.01,Alluvium_Unconsolidated,0,China
343.74,1.56,0.433,29.0,865.8,0.288,1.67,1.91,25.819999,112.707135,1.42,Alluvium_Unconsolidated,1,China
416.83,4.64,0.476,30.86,850.0,0.286,1.6,1.97,25.346587,112.578727,5.39,Alluvium_Unconsolidated,0,China
438.5,6.34,0.326,33.44,945.9,0.289,1.64,2.1,26.7197,112.914856,0.86,Alluvium_Unconsolidated,0,China
439.5,6.59,0.348,33.91,994.4,0.204,1.98,2.36,29.218202,112.144121,5.78,Alluvium_Unconsolidated,0,China
441.92,4.6,0.363,30.82,1194.2,0.275,1.78,1.92,26.694766,109.687363,5.54,Alluvium_Unconsolidated,0,China
323.24,3.72,0.499,29.93,1171.7,0.239,1.9,2.49,28.421142,111.221001,4.57,Alluvium_Unconsolidated,0,China
355.96,7.78,0.415,36.47,938.8,0.327,1.92,1.83,27.062548,112.246638,5.8,Alluvium_Unconsolidated,0,China
432.75,5.59,0.499,32.16,1207.0,0.227,3.16,1.72,29.050104,111.303737,0.88,Alluvium_Unconsolidated,1,China
362.18,7.54,0.246,35.91,953.9,0.34,3.11,2.29,28.826227,110.835849,5.7,Alluvium_Unconsolidated,1,China
403.04,7.77,0.469,36.45,883.4,0.254,3.18,1.98,28.994035,110.674663,4.6,Alluvium_Unconsolidated,0,China
381.44,5.26,0.406,31.68,850.5,0.205,3.1,2.32,26.427323,110.502657,2.01,Alluvium_Unconsolidated,0,China
414.34,8.0,0.2,37.0,1048.8,0.271,2.93,1.4,29.380975,109.957661,4.75,Alluvium_Unconsolidated,0,China
378.55,2.49,0.365,29.18,1224.9,0.212,2.24,2.47,26.399673,109.601097,2.04,Alluvium_Unconsolidated,0,China
409.98,5.26,0.49,31.67,1036.1,0.211,3.19,2.49,29.097367,112.07325,5.1,Alluvium_Unconsolidated,1,China
392.44,7.76,0.407,36.42,1090.7,0.283,3.14,2.42,28.941512,109.887456,1.3,Alluvium_Unconsolidated,0,China
352.92,4.76,0.201,31.01,850.0,0.299,1.6,2.35,26.221294,110.479743,2.85,Alluvium_Unconsolidated,0,China
399.75,4.24,0.41,30.43,850.4,0.205,2.94,2.18,26.430447,110.457377,3.83,Alluvium_Unconsolidated,0,China
349.21,5.84,0.208,32.56,1211.6,0.237,1.7,1.58,27.521122,111.736591,1.93,Alluvium_Unconsolidated,0,China
319.61,7.71,0.446,36.3,1245.0,0.359,2.05,1.66,26.005981,111.451545,1.88,Alluvium_Unconsolidated,0,China
432.86,6.79,0.203,34.3,1113.1,0.254,2.58,1.62,28.097076,109.015464,3.22,Alluvium_Unconsolidated,0,China
437.17,7.36,0.345,35.51,870.0,0.204,1.71,1.34,29.220014,110.629629,5.18,Alluvium_Unconsolidated,0,China
395.53,5.1,0.394,31.46,915.6,0.358,1.6,1.82,25.162494,112.851604,5.32,Alluvium_Unconsolidated,0,China
368.07,7.87,0.448,36.69,1247.8,0.21,3.16,1.32,28.34581,111.576035,5.8,Alluvium_Unconsolidated,0,China
341.85,6.41,0.48,33.57,1000.6,0.221,2.75,2.04,28.379432,110.919748,5.68,Alluvium_Unconsolidated,0,China
401.42,2.44,0.479,29.17,1146.1,0.349,2.65,1.3,27.748903,111.883076,5.41,Alluvium_Unconsolidated,0,China
384.27,7.53,0.43,35.89,1106.6,0.354,2.33,2.21,25.189168,109.860147,1.35,Alluvium_Unconsolidated,0,China
382.9,7.99,0.324,36.98,1185.7,0.201,2.15,1.86,28.256958,109.15702,5.42,Alluvium_Unconsolidated,0,China
350.21,2.18,0.207,29.09,859.8,0.331,3.17,1.34,25.0069,110.374749,4.52,Alluvium_Unconsolidated,0,China
441.77,5.17,0.312,31.56,1038.4,0.21,3.07,1.9,29.242517,110.983631,2.43,Alluvium_Unconsolidated,0,China
429.52,1.5,0.25,29.0,865.2,0.289,2.6,1.65,28.033346,110.348394,2.33,Alluvium_Unconsolidated,0,China
383.82,6.83,0.396,34.38,985.4,0.272,2.72,1.84,25.791985,112.159713,3.25,Alluvium_Unconsolidated,0,China
427.05,6.22,0.495,33.22,1007.0,0.215,1.62,2.38,29.084447,110.9307,1.25,Alluvium_Unconsolidated,0,China
332.7,6.24,0.495,33.26,1006.2,0.326,3.18,2.38,25.893514,112.1238,5.77,Alluvium_Unconsolidated,1,China
371.52,7.16,0.315,35.06,974.7,0.317,2.36,2.37,28.879193,112.968728,5.79,Alluvium_Unconsolidated,1,China
445.25,7.15,0.313,35.05,974.6,0.209,1.67,1.53,29.241575,112.968423,3.84,Alluvium_Unconsolidated,0,China
440.84,7.97,0.471,36.92,919.8,0.282,2.63,1.3,25.353474,110.766573,5.36,Alluvium_Unconsolidated,0,China
317.45,4.23,0.442,30.41,1063.6,0.223,2.72,1.69,27.265509,111.025645,5.61,Alluvium_Unconsolidated,0,China
428.97,7.46,0.498,35.73,1240.6,0.213,1.78,2.01,26.561106,111.629061,3.02,Alluvium_Unconsolidated,0,China
428.89,2.78,0.494,29.31,1221.3,0.36,1.62,1.95,27.832075,109.612771,3.78,Alluvium_Unconsolidated,0,China
452.52,7.67,0.46,36.21,1221.0,0.355,3.06,2.19,27.8781,109.250477,2.88,Alluvium_Unconsolidated,1,China
324.42,7.98,0.368,36.95,900.1,0.321,1.92,2.35,28.576332,112.33252,0.92,Alluvium_Unconsolidated,0,China
374.29,5.98,0.426,32.79,1014.8,0.323,2.68,1.39,27.070493,112.109161,2.44,Alluvium_Unconsolidated,0,China
416.49,5.98,0.439,32.79,935.7,0.27,2.02,1.67,28.966094,110.158537,1.61,Alluvium_Unconsolidated,0,China
348.94,1.8,0.21,29.02,1133.0,0.24,2.67,2.14,27.525843,111.907548,5.33,Alluvium_Unconsolidated,0,China
409.04,1.68,0.462,29.01,863.7,0.346,1.7,1.81,25.2175,110.35524,5.05,Alluvium_Unconsolidated,0,China
351.65,4.64,0.453,30.86,1053.0,0.312,2.8,1.3,27.093182,111.007967,4.75,Alluvium_Unconsolidated,0,China
345.49,4.62,0.475,30.84,1250.0,0.218,2.25,1.46,28.373118,109.438087,3.43,Alluvium_Unconsolidated,1,China
396.98,3.45,0.29,29.72,887.4,0.329,2.01,2.25,29.489791,112.780836,3.79,Alluvium_Unconsolidated,0,China
341.19,4.45,0.241,30.65,850.2,0.354,2.89,2.5,28.669419,112.586884,4.46,Alluvium_Unconsolidated,1,China
453.85,2.85,0.456,29.34,879.4,0.274,1.87,2.49,25.368325,110.296321,3.85,Alluvium_Unconsolidated,0,China
432.8,5.94,0.344,32.74,1165.2,0.205,2.16,1.41,29.220954,109.751186,2.81,Alluvium_Unconsolidated,0,China
426.17,4.79,0.485,31.05,909.3,0.209,3.2,1.69,29.105403,112.837273,2.93,Alluvium_Unconsolidated,0,China
449.43,6.1,0.399,33.0,938.9,0.262,3.14,1.98,26.67047,110.152155,1.31,Alluvium_Unconsolidated,0,China
449.19,7.5,0.377,35.82,1241.3,0.335,3.2,2.19,27.942135,111.427922,2.34,Alluvium_Unconsolidated,0,China
374.75,1.8,0.344,29.02,1120.1,0.36,2.37,2.37,25.128533,111.930819,4.52,Alluvium_Unconsolidated,0,China
444.07,3.97,0.413,30.16,851.0,0.254,1.9,2.13,25.403793,112.607008,4.51,Alluvium_Unconsolidated,0,China
321.49,3.26,0.228,29.58,853.5,0.325,2.9,1.94,26.169913,112.636242,5.79,Alluvium_Unconsolidated,0,China
329.69,1.76,0.286,29.01,1232.4,0.344,3.16,2.16,28.632672,109.572979,5.8,Alluvium_Unconsolidated,0,China
428.37,1.68,0.364,29.01,1233.2,0.331,1.9,2.48,27.951118,109.569874,4.09,Alluvium_Unconsolidated,0,China
411.64,7.99,0.488,36.99,1056.0,0.335,3.17,2.23,25.248905,109.945795,5.79,Alluvium_Unconsolidated,0,China
420.5,7.99,0.201,36.98,1056.8,0.202,1.94,1.47,25.612569,109.944419,4.39,Alluvium_Unconsolidated,0,China
426.24,5.66,0.459,32.27,927.8,0.355,2.28,1.76,27.878424,110.174945,3.64,Alluvium_Unconsolidated,0,China
338.54,6.69,0.5,34.09,990.9,0.334,1.65,2.41,25.912265,110.902889,4.48,Alluvium_Unconsolidated,0,China
338.69,4.45,0.495,30.65,1057.8,0.282,2.4,1.37,27.148922,112.037156,4.36,Alluvium_Unconsolidated,0,China
419.78,7.13,0.484,34.99,973.6,0.292,3.19,2.3,25.336321,112.180856,1.66,Alluvium_Unconsolidated,0,China
320.96,7.31,0.5,35.39,1237.9,0.269,2.61,2.5,27.171624,111.642954,2.43,Alluvium_Unconsolidated,0,China
465.99,6.56,0.368,33.85,952.6,0.202,2.36,2.49,29.204861,110.125234,1.08,Alluvium_Unconsolidated,1,China
398.29,5.34,0.271,31.79,850.7,0.358,3.15,2.1,26.962407,110.506295,5.8,Alluvium_Unconsolidated,0,China
409.14,1.88,0.2,29.03,1231.3,0.351,1.67,1.34,26.860713,109.577633,1.53,Alluvium_Unconsolidated,0,China
340.66,1.63,0.2,29.0,866.4,0.292,1.94,2.49,26.23375,110.343443,5.8,Alluvium_Unconsolidated,0,China
420.29,4.64,0.205,30.87,1250.0,0.2,3.14,2.45,25.577871,109.436916,5.78,Alluvium_Unconsolidated,0,China
321.79,5.94,0.325,32.74,852.9,0.353,2.05,1.6,26.091744,110.536505,5.67,Alluvium_Unconsolidated,0,China
377.47,3.22,0.345,29.56,1215.8,0.253,1.61,2.37,25.757417,109.630093,1.64,Alluvium_Unconsolidated,0,China
323.13,7.74,0.434,36.36,1092.6,0.297,2.89,1.43,28.529038,109.884167,0.98,Alluvium_Unconsolidated,0,China
411.81,4.76,0.286,31.01,908.7,0.327,2.31,2.06,29.4869,112.835807,1.47,Alluvium_Unconsolidated,0,China
374.19,1.91,0.341,29.03,1135.1,0.36,2.36,2.26,25.126424,111.149429,4.11,Alluvium_Unconsolidated,0,China
347.91,7.98,0.476,36.95,917.5,0.3,1.67,1.92,27.116817,110.761636,1.4,Alluvium_Unconsolidated,0,China
417.73,7.05,0.215,34.84,970.3,0.201,2.34,1.39,25.559359,110.092376,5.78,Alluvium_Unconsolidated,0,China
323.49,3.53,0.389,29.78,1167.9,0.314,3.05,2.2,28.562083,111.213155,5.43,Alluvium_Unconsolidated,0,China
393.76,6.46,0.278,33.66,949.5,0.231,1.86,2.39,25.71132,112.921752,3.78,Alluvium_Unconsolidated,0,China
344.46,7.92,0.312,36.81,1073.2,0.359,1.94,2.5,25.107278,109.91694,4.28,Alluvium_Unconsolidated,0,China
347.33,1.62,0.497,29.0,1233.7,0.279,3.0,2.46,27.153797,109.567616,5.62,Alluvium_Unconsolidated,0,China
363.96,2.97,0.483,29.41,854.9,0.314,1.71,1.5,25.869369,112.647778,2.14,Alluvium_Unconsolidated,0,China
431.83,1.54,0.283,29.0,1125.7,0.216,2.92,2.29,29.263308,111.132324,5.77,Alluvium_Unconsolidated,0,China
326.26,7.7,0.208,36.28,1155.8,0.31,2.11,2.15,26.200267,109.094309,5.29,Alluvium_Unconsolidated,0,China
392.7,4.93,0.328,31.23,1194.8,0.248,1.75,1.31,25.746341,111.272803,2.67,Alluvium_Unconsolidated,1,China
436.18,1.72,0.222,29.01,1121.9,0.36,1.91,2.24,26.91539,111.125535,4.17,Alluvium_Unconsolidated,0,China
421.27,7.08,0.283,34.89,971.4,0.306,2.0,2.13,26.750094,112.962623,4.78,Alluvium_Unconsolidated,0,China
393.16,3.29,0.397,29.61,1086.4,0.321,3.19,2.15,27.677539,111.063934,5.04,Alluvium_Unconsolidated,0,China
446.48,7.65,0.272,36.16,1243.9,0.31,3.17,1.3,26.758423,111.608864,1.18,Alluvium_Unconsolidated,1,China
371.86,5.77,0.316,32.45,1021.1,0.359,3.19,2.5,25.109784,110.954615,1.89,Alluvium_Unconsolidated,0,China
370.98,2.08,0.383,29.06,870.8,0.337,3.1,2.02,27.040074,112.727039,1.92,Alluvium_Unconsolidated,1,China
435.02,3.35,0.422,29.65,886.0,0.252,2.42,1.93,26.653406,112.776932,4.23,Alluvium_Unconsolidated,0,China
418.11,3.71,0.202,29.93,1208.9,0.203,2.2,2.41,25.620053,109.649813,5.28,Alluvium_Unconsolidated,0,China
339.54,3.41,0.236,29.69,1213.2,0.254,1.7,2.06,26.302761,109.637721,5.66,Alluvium_Unconsolidated,0,China
423.51,6.83,0.213,34.38,961.8,0.208,1.62,2.08,25.645467,112.945045,1.37,Alluvium_Unconsolidated,0,China
389.44,7.03,0.361,34.79,969.4,0.36,3.14,2.33,25.140242,110.093963,5.79,Alluvium_Unconsolidated,0,China
434.53,1.66,0.235,29.0,863.9,0.326,1.69,1.83,26.790893,110.354559,3.57,Alluvium_Unconsolidated,0,China
442.3,5.87,0.352,32.61,852.6,0.279,3.2,1.33,26.70239,112.520345,5.2,Alluvium_Unconsolidated,0,China
424.67,7.96,0.205,36.89,1249.3,0.204,2.32,2.37,25.629331,111.555271,5.77,Alluvium_Unconsolidated,0,China
322.52,7.23,0.493,35.22,1232.8,0.347,1.62,1.61,25.947946,109.292998,3.95,Alluvium_Unconsolidated,0,China
313.85,5.61,0.344,32.2,851.5,0.203,2.04,1.84,27.335846,110.519588,4.97,Alluvium_Unconsolidated,0,China
444.92,7.76,0.255,36.41,940.4,0.208,1.67,1.62,25.515622,110.809636,5.75,Alluvium_Unconsolidated,0,China
410.03,1.57,0.498,29.0,864.6,0.205,3.09,2.23,26.529665,112.701871,5.61,Alluvium_Unconsolidated,0,China
423.86,7.12,0.478,34.97,1126.0,0.287,3.2,2.26,25.34513,109.038462,2.26,Alluvium_Unconsolidated,0,China
330.93,1.81,0.433,29.02,1237.4,0.297,2.27,1.76,28.530185,109.551213,1.83,Alluvium_Unconsolidated,1,China
441.35,3.37,0.208,29.66,1247.0,0.2,3.2,2.5,25.570595,109.490268,5.51,Alluvium_Unconsolidated,1,China
423.32,6.91,0.476,34.54,982.4,0.358,2.51,1.51,27.859996,112.165057,1.65,Alluvium_Unconsolidated,0,China
417.22,4.4,0.208,30.59,850.2,0.286,2.33,2.44,29.40627,112.589113,3.9,Alluvium_Unconsolidated,1,China
367.57,7.82,0.298,36.56,935.8,0.358,2.44,2.26,25.097011,110.800323,5.79,Alluvium_Unconsolidated,1,China
434.82,7.43,0.386,35.65,1112.5,0.245,2.79,1.31,25.422434,109.849799,1.52,Alluvium_Unconsolidated,1,China
358.26,3.6,0.41,29.84,1079.0,0.278,1.69,2.11,25.801855,111.051417,5.0,Alluvium_Unconsolidated,0,China
323.29,6.04,0.383,32.91,937.5,0.359,2.38,1.51,26.053307,112.898147,4.21,Alluvium_Unconsolidated,1,China
330.2,6.3,0.495,33.36,944.6,0.346,1.62,2.28,25.945223,110.140752,5.78,Alluvium_Unconsolidated,0,China
360.72,7.89,0.207,36.72,1209.9,0.237,1.86,1.88,27.519962,109.217322,1.55,Alluvium_Unconsolidated,0,China
351.99,6.29,0.261,33.35,855.2,0.352,1.78,1.56,25.069005,110.555632,5.53,Alluvium_Unconsolidated,0,China
387.19,4.38,0.249,30.57,1059.7,0.221,1.63,1.79,25.687297,112.03404,4.48,Alluvium_Unconsolidated,0,China
399.55,1.7,0.463,29.01,1122.3,0.343,2.53,1.36,27.731686,111.926854,4.99,Alluvium_Unconsolidated,0,China
391.82,7.62,0.431,36.09,1101.1,0.202,2.87,1.92,26.446592,109.869705,0.81,Alluvium_Unconsolidated,0,China
435.45,4.51,0.226,30.72,1056.2,0.236,3.1,1.67,29.313807,111.01326,5.1,Alluvium_Unconsolidated,1,China
449.24,4.6,0.383,30.82,1194.3,0.336,2.48,2.18,27.937995,109.687167,5.76,Alluvium_Unconsolidated,0,China
347.41,2.2,0.216,29.09,872.0,0.267,1.74,2.36,26.278888,110.32163,5.34,Alluvium_Unconsolidated,0,China
390.73,7.4,0.308,35.59,961.1,0.241,3.18,2.41,25.732705,110.849413,4.76,Alluvium_Unconsolidated,0,China
405.16,4.43,0.5,30.63,902.8,0.358,2.7,2.31,27.796721,110.231351,5.57,Alluvium_Unconsolidated,0,China
326.79,6.98,0.259,34.68,967.2,0.351,1.95,1.56,28.65327,110.098012,4.47,Alluvium_Unconsolidated,0,China
414.32,6.1,0.204,33.02,1160.9,0.28,1.91,1.45,29.397067,109.759867,4.48,Alluvium_Unconsolidated,0,China
421.8,5.65,0.201,32.26,1024.8,0.274,2.85,1.32,29.386437,110.960869,5.8,Alluvium_Unconsolidated,0,China
374.63,3.29,0.332,29.61,1246.6,0.22,1.62,2.49,26.377183,109.493269,5.78,Alluvium_Unconsolidated,0,China
422.15,3.84,0.207,30.04,1073.2,0.342,1.78,2.09,26.829649,112.011446,5.29,Alluvium_Unconsolidated,0,China
357.7,7.85,0.229,36.65,888.0,0.346,2.82,1.46,28.808538,112.364932,3.98,Alluvium_Unconsolidated,0,China
364.36,5.25,0.234,31.67,1036.3,0.344,1.61,1.6,28.814006,112.07307,4.99,Alluvium_Unconsolidated,1,China
348.79,7.37,0.496,35.52,870.0,0.254,2.82,1.81,27.199261,112.423256,4.64,Alluvium_Unconsolidated,0,China
317.13,4.52,0.49,30.73,1249.9,0.263,1.62,1.85,28.468068,109.442111,4.75,Alluvium_Unconsolidated,0,China
319.84,7.82,0.212,36.57,1164.4,0.21,3.05,1.92,27.449306,109.11156,5.41,Alluvium_Unconsolidated,0,China
420.23,7.82,0.495,36.57,1015.2,0.36,3.19,1.47,27.828287,110.013999,1.67,Alluvium_Unconsolidated,0,China
419.64,5.79,0.432,32.48,852.2,0.2,2.79,1.37,29.159067,110.528599,1.55,Alluvium_Unconsolidated,0,China
319.76,5.05,0.406,31.39,914.5,0.213,1.66,2.5,27.293878,112.849127,5.78,Alluvium_Unconsolidated,0,China
320.05,7.9,0.409,36.75,1209.0,0.214,3.12,1.32,27.291082,109.214848,1.63,Alluvium_Unconsolidated,1,China
315.55,6.44,0.496,33.61,856.4,0.256,2.94,1.54,28.454776,110.564004,3.77,Alluvium_Unconsolidated,0,China
318.18,6.46,0.359,33.66,998.8,0.324,1.66,1.31,28.582215,110.916666,5.78,Alluvium_Unconsolidated,0,China
334.44,7.41,0.206,35.61,871.0,0.308,1.97,1.77,26.203867,110.633635,4.57,Alluvium_Unconsolidated,0,China
314.17,7.97,0.295,36.93,1200.8,0.347,1.93,2.49,26.112779,109.193372,4.36,Alluvium_Unconsolidated,0,China
400.96,7.45,0.32,35.7,1227.9,0.201,2.84,1.48,28.254212,109.274043,4.51,Alluvium_Unconsolidated,0,China
457.74,3.76,0.476,29.97,1172.5,0.358,1.94,1.66,27.860947,111.83038,0.9,Alluvium_Unconsolidated,1,China
416.97,6.66,0.204,34.04,1144.1,0.204,1.6,2.04,25.627974,109.792365,3.15,Alluvium_Unconsolidated,0,China
422.25,7.89,0.204,36.74,1077.3,0.255,1.93,2.14,28.095524,109.910075,0.81,Alluvium_Unconsolidated,0,China
314.83,2.03,0.355,29.05,870.3,0.357,3.2,2.22,26.071655,110.328034,5.12,Alluvium_Unconsolidated,1,China
409.78,6.64,0.494,34.0,858.4,0.203,1.76,1.53,26.517238,112.476722,5.36,Alluvium_Unconsolidated,0,China
310.03,6.87,0.34,34.46,983.9,0.203,2.86,2.42,27.338471,110.890702,5.8,Alluvium_Unconsolidated,1,China
400.11,4.67,0.495,30.9,907.0,0.329,1.98,2.41,25.263171,110.221247,5.77,Alluvium_Unconsolidated,0,China
367.05,7.58,0.282,36.0,1242.7,0.279,1.95,1.81,27.598603,111.436004,5.79,Alluvium_Unconsolidated,0,China
363.07,5.4,0.217,31.88,921.9,0.266,1.92,1.65,26.280259,112.865651,4.43,Alluvium_Unconsolidated,0,China
338.56,7.3,0.499,35.38,1237.8,0.261,1.61,1.98,27.187316,111.409708,5.71,Alluvium_Unconsolidated,0,China
394.68,7.84,0.298,36.62,933.7,0.331,2.86,1.91,29.495875,110.796093,5.8,Alluvium_Unconsolidated,0,China
417.85,7.95,0.494,36.88,1068.2,0.217,1.62,2.3,26.575389,109.925354,3.85,Alluvium_Unconsolidated,0,China
404.19,1.57,0.498,29.0,1235.4,0.36,1.82,2.08,27.820122,109.56032,5.67,Alluvium_Unconsolidated,0,China
430.71,5.91,0.205,32.69,1247.2,0.205,3.18,2.13,25.629797,109.376482,5.78,Alluvium_Unconsolidated,0,China
403.37,2.2,0.487,29.09,1111.4,0.352,2.47,1.91,27.761312,111.106948,3.93,Alluvium_Unconsolidated,1,China
431.1,3.86,0.437,30.05,1174.4,0.246,2.4,1.74,26.641351,111.226711,4.32,Alluvium_Unconsolidated,0,China
445.97,3.67,0.436,29.9,1077.3,0.201,2.76,2.43,29.155805,111.048558,4.96,Alluvium_Unconsolidated,1,China
324.81,7.46,0.216,35.72,872.3,0.359,1.68,2.36,28.699216,110.638108,3.75,Alluvium_Unconsolidated,0,China
441.09,7.97,0.381,36.94,918.2,0.268,2.07,1.88,26.68266,112.289911,3.34,Alluvium_Unconsolidated,0,China
332.27,2.92,0.493,29.38,880.4,0.26,1.62,2.42,28.462128,110.29322,1.26,Alluvium_Unconsolidated,0,China
383.61,7.51,0.331,35.84,992.4,0.22,3.2,1.63,26.376752,112.999891,5.39,Alluvium_Unconsolidated,0,China
349.76,7.98,0.21,36.95,1249.6,0.272,3.03,2.49,26.268286,111.506315,5.31,Alluvium_Unconsolidated,1,China
346.45,7.29,0.202,35.34,1237.6,0.283,2.31,2.49,26.249421,111.40846,1.49,Alluvium_Unconsolidated,0,China
400.51,1.6,0.477,29.0,1128.6,0.341,1.64,2.5,25.23412,111.137554,4.29,Alluvium_Unconsolidated,0,China
306.06,6.25,0.434,33.27,943.2,0.297,1.61,2.27,28.529062,110.143549,3.56,Alluvium_Unconsolidated,0,China
437.78,7.32,0.243,35.41,1231.0,0.322,3.16,1.86,26.782688,109.285717,4.39,Alluvium_Unconsolidated,1,China
451.09,5.63,0.488,32.24,851.5,0.21,3.17,1.3,29.099558,110.520767,4.46,Alluvium_Unconsolidated,0,China
354.05,1.88,0.499,29.03,1118.4,0.275,2.89,1.7,27.161838,111.933824,1.04,Alluvium_Unconsolidated,1,China
373.25,5.06,0.355,31.39,1197.2,0.36,3.12,1.83,25.136111,111.7745,3.67,Alluvium_Unconsolidated,0,China
407.58,4.12,0.24,30.3,1202.5,0.36,2.76,1.36,26.935578,109.666621,4.96,Alluvium_Unconsolidated,1,China
428.93,5.98,0.462,32.79,1214.1,0.236,2.01,1.39,26.619644,111.323773,5.75,Alluvium_Unconsolidated,0,China
310.11,7.95,0.371,36.88,896.0,0.207,3.18,1.3,27.317558,112.343101,1.29,Alluvium_Unconsolidated,1,China
324.77,7.31,0.499,35.39,1118.3,0.261,1.61,1.81,27.187206,109.839489,5.71,Alluvium_Unconsolidated,0,China
439.02,7.93,0.475,36.82,1206.6,0.285,2.6,2.5,25.34791,109.208321,5.27,Alluvium_Unconsolidated,0,China
383.12,8.0,0.407,37.0,908.7,0.205,2.53,1.42,26.428103,112.311563,4.99,Alluvium_Unconsolidated,0,China
393.33,3.05,0.298,29.46,1092.1,0.331,1.6,1.3,29.495334,111.073566,5.49,Alluvium_Unconsolidated,0,China
405.22,3.84,0.217,30.04,893.1,0.294,2.04,2.18,29.421654,110.256428,5.7,Alluvium_Unconsolidated,0,China
392.87,2.85,0.322,29.34,855.6,0.35,2.39,2.09,26.999252,112.652451,5.8,Alluvium_Unconsolidated,1,China
341.48,2.14,0.499,29.08,860.1,0.34,2.64,1.45,25.927166,110.37293,2.66,Alluvium_Unconsolidated,1,China
431.38,5.41,0.326,31.89,922.0,0.226,2.04,2.09,25.463048,110.187248,4.97,Alluvium_Unconsolidated,0,China
413.38,7.72,0.388,36.33,1245.1,0.208,3.03,2.08,26.414833,111.452902,2.54,Alluvium_Unconsolidated,0,China
401.81,4.82,0.457,31.09,1048.0,0.261,1.68,2.39,28.981646,110.999658,4.84,Alluvium_Unconsolidated,0,China
318.82,7.93,0.368,36.83,1248.8,0.206,3.19,1.9,27.319723,111.563151,5.72,Alluvium_Unconsolidated,0,China
393.25,6.54,0.236,33.81,996.0,0.216,3.2,2.0,25.674512,110.91188,5.39,Alluvium_Unconsolidated,0,China
401.4,3.68,0.454,29.9,1209.3,0.262,2.18,2.12,28.979307,109.648569,5.49,Alluvium_Unconsolidated,0,China
350.06,1.68,0.235,29.01,1122.7,0.254,1.61,1.49,26.302153,111.127014,4.95,Alluvium_Unconsolidated,0,China
333.28,7.98,0.481,36.94,1182.2,0.353,2.06,2.2,25.968417,109.149263,5.65,Alluvium_Unconsolidated,0,China
327.41,4.59,0.401,30.8,1188.3,0.212,2.52,2.5,27.297442,111.795583,3.64,Alluvium_Unconsolidated,0,China
402.34,4.48,0.258,30.68,1186.3,0.208,3.19,2.24,28.208019,111.800244,5.73,Alluvium_Unconsolidated,1,China
434.86,6.87,0.289,34.45,861.2,0.306,3.18,2.47,28.001999,110.591241,4.63,Alluvium_Unconsolidated,0,China
447.62,7.54,0.334,35.9,954.0,0.206,2.11,1.48,29.22758,110.836121,5.28,Alluvium_Unconsolidated,0,China
311.64,4.74,0.301,30.99,850.0,0.341,3.1,2.46,28.622029,110.479091,5.07,Alluvium_Unconsolidated,0,China
446.99,6.95,0.413,34.62,1133.8,0.254,3.09,1.3,25.403613,109.81166,3.28,Alluvium_Unconsolidated,0,China
335.94,4.5,0.488,30.71,1056.5,0.29,2.53,1.34,27.133798,112.039305,3.57,Alluvium_Unconsolidated,0,China
354.17,2.72,0.482,29.28,1151.8,0.314,2.23,1.97,25.869311,111.180985,5.63,Alluvium_Unconsolidated,0,China
432.03,6.65,0.403,34.02,992.1,0.251,1.6,1.33,25.410614,110.905103,5.25,Alluvium_Unconsolidated,0,China
418.32,7.71,0.5,36.31,880.7,0.209,1.89,2.32,26.549365,110.666403,1.21,Alluvium_Unconsolidated,0,China
429.54,4.89,0.484,31.17,1194.0,0.291,1.62,1.3,25.336679,111.782173,3.9,Alluvium_Unconsolidated,1,China
329.88,7.31,0.228,35.4,965.3,0.357,2.05,1.58,28.683275,110.857082,3.46,Alluvium_Unconsolidated,0,China
415.04,7.58,0.24,36.0,875.9,0.323,3.19,1.97,26.785585,112.402164,5.03,Alluvium_Unconsolidated,0,China
443.84,7.33,0.36,35.44,869.3,0.236,2.69,1.9,25.439911,110.626882,5.54,Alluvium_Unconsolidated,0,China
392.41,2.16,0.294,29.08,1140.4,0.33,1.63,1.72,29.492468,111.893741,1.04,Alluvium_Unconsolidated,1,China
354.34,2.91,0.497,29.37,1155.6,0.279,2.75,1.42,27.153422,111.188309,5.67,Alluvium_Unconsolidated,1,China
352.31,2.76,0.427,29.3,1221.6,0.285,1.8,2.1,25.814808,109.611941,3.24,Alluvium_Unconsolidated,0,China
401.01,5.05,0.452,31.38,850.2,0.349,1.69,1.38,25.20748,110.492666,1.83,Alluvium_Unconsolidated,1,China
361.96,2.68,0.255,29.26,877.4,0.267,3.19,1.34,27.577518,112.750323,5.69,Alluvium_Unconsolidated,0,China
431.76,5.27,0.392,31.69,1035.8,0.201,2.68,2.28,29.188344,112.07386,2.44,Alluvium_Unconsolidated,0,China
410.29,6.95,0.406,34.63,1231.6,0.357,3.2,1.39,25.170865,111.670543,5.32,Alluvium_Unconsolidated,1,China
392.83,2.37,0.31,29.14,873.8,0.29,3.17,2.16,27.61919,110.315014,1.04,Alluvium_Unconsolidated,1,China
318.72,7.7,0.398,36.28,1244.8,0.211,2.6,1.61,27.299237,111.450629,2.38,Alluvium_Unconsolidated,1,China
338.68,6.07,0.491,32.96,1215.8,0.287,2.0,1.92,27.140359,111.328807,1.48,Alluvium_Unconsolidated,0,China
428.11,5.57,0.479,32.14,1174.3,0.2,3.14,2.47,26.493123,109.732222,3.94,Alluvium_Unconsolidated,1,China
343.28,3.36,0.487,29.65,886.1,0.291,2.82,2.26,27.133018,112.777081,5.78,Alluvium_Unconsolidated,0,China
320.12,7.85,0.306,36.64,1017.9,0.339,1.61,1.45,28.617967,110.009506,3.59,Alluvium_Unconsolidated,0,China
422.92,3.8,0.494,30.0,1173.2,0.33,1.78,2.47,25.261075,111.224091,5.25,Alluvium_Unconsolidated,0,China
426.75,7.37,0.202,35.52,962.6,0.236,1.83,2.49,28.134013,110.852273,3.53,Alluvium_Unconsolidated,0,China
440.07,6.78,0.5,34.27,987.6,0.316,2.88,2.39,25.289961,112.155959,4.29,Alluvium_Unconsolidated,0,China
388.7,7.87,0.325,36.69,1020.6,0.221,2.74,1.31,26.372939,110.004919,2.01,Alluvium_Unconsolidated,0,China
360.38,7.6,0.215,36.05,876.6,0.337,1.92,1.31,25.020589,112.399917,4.27,Alluvium_Unconsolidated,1,China
418.38,3.68,0.497,29.9,851.9,0.214,2.98,1.78,26.566045,112.619298,5.04,Alluvium_Unconsolidated,0,China
444.68,7.34,0.229,35.46,1238.5,0.235,1.71,2.44,29.3106,111.412927,5.62,Alluvium_Unconsolidated,0,China
427.03,7.98,0.499,36.94,1062.5,0.211,1.66,2.19,26.555145,109.934867,4.6,Alluvium_Unconsolidated,0,China
327.04,7.81,0.446,36.53,1246.7,0.224,3.03,2.24,27.262631,111.587494,5.35,Alluvium_Unconsolidated,0,China
421.6,6.01,0.388,32.86,936.6,0.266,1.65,2.22,26.677713,112.896466,4.47,Alluvium_Unconsolidated,0,China
349.01,4.52,0.221,30.72,904.3,0.349,1.74,2.44,28.799033,112.825341,5.33,Alluvium_Unconsolidated,0,China
425.55,4.1,0.498,30.28,850.7,0.213,2.86,1.75,26.560827,112.601837,4.24,Alluvium_Unconsolidated,1,China
310.3,7.71,0.394,36.31,880.8,0.211,2.64,2.42,27.302368,110.666683,5.44,Alluvium_Unconsolidated,0,China
388.18,7.73,0.382,36.34,1245.3,0.201,3.0,1.32,28.296113,111.599279,5.15,Alluvium_Unconsolidated,1,China
342.04,6.51,0.214,33.74,857.1,0.316,3.2,2.44,26.188309,112.484905,2.2,Alluvium_Unconsolidated,0,China
432.96,7.78,0.2,36.48,1216.0,0.242,1.62,1.3,28.12111,109.234831,1.21,Alluvium_Unconsolidated,0,China
348.05,1.71,0.242,29.01,1130.9,0.348,3.03,1.96,25.052264,111.141793,5.51,Alluvium_Unconsolidated,0,China
394.56,4.56,0.411,30.77,905.1,0.326,2.22,1.3,27.687757,112.827215,5.18,Alluvium_Unconsolidated,0,China
436.67,3.92,0.419,30.11,894.3,0.346,2.06,2.17,27.912244,112.799995,5.06,Alluvium_Unconsolidated,0,China
417.44,2.34,0.47,29.13,1226.5,0.357,1.6,2.18,27.867332,109.595351,2.2,Alluvium_Unconsolidated,0,China
345.56,1.84,0.489,29.02,862.3,0.289,3.07,2.21,27.136128,110.361637,2.96,Alluvium_Unconsolidated,1,China
368.5,7.81,0.241,36.53,1214.8,0.347,2.02,1.39,25.051279,109.231437,4.9,Alluvium_Unconsolidated,0,China
425.47,6.51,0.21,33.75,857.1,0.227,2.16,1.86,28.153067,110.568269,5.39,Alluvium_Unconsolidated,0,China
432.22,2.42,0.499,29.16,1225.6,0.358,1.82,1.82,27.794257,109.598402,5.68,Alluvium_Unconsolidated,0,China
414.25,7.96,0.22,36.89,1249.3,0.297,3.08,2.5,29.426073,111.497708,5.59,Alluvium_Unconsolidated,0,China
408.75,7.97,0.438,36.92,898.4,0.201,2.15,1.4,26.45207,112.336905,2.66,Alluvium_Unconsolidated,0,China
372.64,7.76,0.392,36.42,882.8,0.289,3.1,2.25,28.931326,110.672898,5.64,Alluvium_Unconsolidated,1,China
331.38,7.11,0.42,34.96,1235.1,0.36,1.84,1.94,26.026783,109.302762,3.61,Alluvium_Unconsolidated,0,China
428.28,7.71,0.314,36.31,1094.3,0.315,3.04,1.72,27.984594,109.881356,5.45,Alluvium_Unconsolidated,0,China
424.26,7.85,0.49,36.65,1018.3,0.211,1.79,2.5,29.096324,110.00874,2.25,Alluvium_Unconsolidated,0,China
368.94,7.71,0.371,36.31,1005.5,0.2,2.95,2.47,28.288293,110.0305,4.89,Alluvium_Unconsolidated,0,China
337.75,6.48,0.232,33.69,1223.2,0.345,2.65,2.02,25.042483,111.701199,2.71,Alluvium_Unconsolidated,1,China
322.99,7.99,0.432,36.97,902.3,0.22,2.75,2.5,27.274391,110.726047,5.04,Alluvium_Unconsolidated,0,China
381.99,6.65,0.385,34.03,858.6,0.336,2.71,2.21,27.041037,110.577382,2.2,Alluvium_Unconsolidated,0,China
453.24,5.86,0.225,32.59,1018.5,0.275,1.77,2.0,28.059221,110.950169,2.9,Alluvium_Unconsolidated,1,China
349.37,2.39,0.477,29.15,858.3,0.299,3.2,2.45,27.118476,112.670367,2.67,Alluvium_Unconsolidated,0,China
389.05,7.9,0.372,36.76,1248.3,0.211,2.97,2.22,26.404179,111.482988,1.86,Alluvium_Unconsolidated,1,China
440.12,7.98,0.331,36.94,917.7,0.287,2.39,2.03,26.716212,112.291079,0.89,Alluvium_Unconsolidated,0,China
401.38,7.45,0.439,35.71,1240.5,0.269,2.63,1.78,28.966425,111.62978,5.37,Alluvium_Unconsolidated,0,China
343.95,6.75,0.254,34.22,1228.0,0.351,2.73,1.86,25.063521,111.68421,3.36,Alluvium_Unconsolidated,0,China
421.85,6.16,0.246,33.12,1217.5,0.207,2.36,2.13,25.523488,111.719254,5.79,Alluvium_Unconsolidated,0,China
432.98,2.08,0.214,29.06,870.8,0.201,3.06,2.38,25.560886,112.726943,2.85,Alluvium_Unconsolidated,0,China
331.0,3.3,0.5,29.61,1086.3,0.247,1.94,1.84,28.438188,111.989235,4.39,Alluvium_Unconsolidated,0,China
325.23,3.73,0.441,29.95,1172.0,0.294,2.82,2.37,28.523662,111.221567,3.98,Alluvium_Unconsolidated,0,China
332.47,6.54,0.5,33.81,996.1,0.339,3.17,2.43,25.923954,112.141081,4.51,Alluvium_Unconsolidated,0,China
390.21,7.86,0.351,36.67,1019.5,0.2,2.72,2.47,28.274848,110.006817,3.28,Alluvium_Unconsolidated,0,China
404.22,7.9,0.216,36.76,1248.3,0.359,2.68,1.78,26.906997,111.569883,5.51,Alluvium_Unconsolidated,0,China
448.55,1.51,0.319,29.0,1234.9,0.224,3.01,2.09,25.467413,109.562562,5.23,Alluvium_Unconsolidated,0,China
378.5,5.7,0.452,32.34,1171.2,0.2,3.2,2.39,26.46386,109.738728,5.14,Alluvium_Unconsolidated,1,China
423.56,5.49,0.494,32.02,851.1,0.203,3.03,1.97,26.517623,110.51388,5.5,Alluvium_Unconsolidated,1,China
377.64,5.92,0.321,32.7,1165.7,0.201,1.64,2.18,28.254903,109.750114,4.37,Alluvium_Unconsolidated,0,China
437.49,7.71,0.498,36.31,1005.6,0.36,3.19,1.56,27.817732,110.030336,1.7,Alluvium_Unconsolidated,0,China
414.91,7.62,0.467,36.09,1150.7,0.2,2.59,1.32,26.478875,109.084418,5.23,Alluvium_Unconsolidated,0,China
421.33,1.76,0.499,29.01,1132.0,0.321,1.63,2.47,25.279643,111.143814,5.79,Alluvium_Unconsolidated,0,China
364.02,5.03,0.468,31.36,1042.5,0.216,1.77,2.38,28.365209,112.06272,2.94,Alluvium_Unconsolidated,0,China
337.58,5.2,0.231,31.59,917.4,0.344,2.32,2.35,25.040727,112.855805,3.84,Alluvium_Unconsolidated,1,China
313.48,6.67,0.351,34.06,858.8,0.327,1.65,2.5,28.588005,112.474719,5.79,Alluvium_Unconsolidated,0,China
336.47,6.75,0.458,34.22,1141.1,0.285,3.2,1.33,28.50817,109.798127,5.48,Alluvium_Unconsolidated,1,China
403.3,3.92,0.203,30.11,1071.4,0.204,2.1,1.58,25.624402,112.014473,2.34,Alluvium_Unconsolidated,0,China
334.76,2.7,0.372,29.27,856.4,0.207,1.61,1.51,27.317166,110.394979,3.37,Alluvium_Unconsolidated,0,China
343.96,1.55,0.219,29.0,1127.6,0.339,3.16,1.85,25.026397,111.13578,4.32,Alluvium_Unconsolidated,0,China
389.26,7.03,0.23,34.79,1233.0,0.216,1.77,1.3,28.181148,111.388061,2.56,Alluvium_Unconsolidated,0,China
443.56,3.67,0.213,29.9,890.6,0.266,2.45,1.33,28.074585,110.263175,1.19,Alluvium_Unconsolidated,0,China
409.09,2.64,0.49,29.25,856.7,0.353,1.98,2.45,27.766918,110.392523,1.31,Alluvium_Unconsolidated,0,China
404.55,6.73,0.44,34.19,958.3,0.201,1.61,1.31,26.454058,110.114458,3.56,Alluvium_Unconsolidated,0,China
419.14,7.84,0.5,36.61,933.9,0.223,2.73,2.1,29.061264,112.256565,2.06,Alluvium_Unconsolidated,1,China
400.4,7.65,0.211,36.15,1221.9,0.207,2.78,1.64,25.642865,109.253308,3.74,Alluvium_Unconsolidated,0,China
313.04,4.56,0.21,30.77,905.1,0.333,2.92,1.39,25.011771,110.225919,4.68,Alluvium_Unconsolidated,0,China
331.72,4.11,0.216,30.29,1249.3,0.208,1.61,1.38,27.442755,109.45987,5.74,Alluvium_Unconsolidated,0,China
412.1,5.07,0.49,31.41,1197.3,0.24,2.92,1.67,29.02228,111.279003,3.95,Alluvium_Unconsolidated,1,China
349.6,3.79,0.484,29.99,1173.0,0.243,1.91,1.33,27.221669,111.223766,0.96,Alluvium_Unconsolidated,0,China
449.06,7.22,0.254,35.18,977.2,0.208,1.89,1.49,25.516032,110.079869,4.05,Alluvium_Unconsolidated,0,China
341.48,6.1,0.49,33.01,1246.1,0.288,2.78,2.35,27.137664,109.366509,4.87,Alluvium_Unconsolidated,0,China
360.11,1.64,0.232,29.0,864.0,0.345,2.29,2.45,28.812561,112.699218,4.87,Alluvium_Unconsolidated,0,China
315.15,7.38,0.203,35.55,985.1,0.36,1.61,1.64,28.725387,112.987221,3.7,Alluvium_Unconsolidated,0,China
439.23,3.11,0.379,29.49,1217.3,0.242,3.03,1.68,25.427692,109.625429,5.3,Alluvium_Unconsolidated,0,China
417.8,3.74,0.475,29.95,851.6,0.206,2.4,1.31,29.118031,112.61657,5.8,Alluvium_Unconsolidated,0,China
344.93,7.63,0.207,36.12,948.6,0.354,2.73,2.12,28.777001,110.825745,3.34,Alluvium_Unconsolidated,0,China
358.08,3.65,0.213,29.87,890.2,0.352,1.98,2.47,28.788122,112.788814,5.78,Alluvium_Unconsolidated,0,China
433.91,7.77,0.284,36.45,939.5,0.304,2.05,2.24,28.005946,110.807766,5.68,Alluvium_Unconsolidated,0,China
342.56,7.59,0.489,36.03,1149.1,0.349,2.61,2.34,25.955786,109.081386,3.02,Alluvium_Unconsolidated,0,China
424.64,1.69,0.488,29.01,863.6,0.21,2.81,1.61,29.099869,110.355913,3.93,Alluvium_Unconsolidated,1,China
438.89,4.62,0.271,30.84,850.0,0.31,2.66,1.35,26.758758,112.579638,2.58,Alluvium_Unconsolidated,0,China
434.53,5.82,0.42,32.54,1247.7,0.257,1.61,2.35,25.39831,109.381102,5.71,Alluvium_Unconsolidated,0,China
427.06,6.11,0.476,33.02,939.1,0.2,3.07,2.42,26.489501,112.901478,3.01,Alluvium_Unconsolidated,0,China
454.43,5.38,0.473,31.84,1032.8,0.284,1.62,1.7,25.350634,110.974155,4.67,Alluvium_Unconsolidated,0,China
331.25,3.7,0.205,29.92,891.0,0.214,2.69,1.87,27.461993,112.791098,3.02,Alluvium_Unconsolidated,1,China
437.02,3.14,0.412,29.51,1216.8,0.344,1.93,2.28,27.917708,109.626866,4.34,Alluvium_Unconsolidated,0,China
334.58,7.57,0.5,35.98,875.6,0.27,2.44,1.87,27.170047,112.40321,5.79,Alluvium_Unconsolidated,0,China
313.46,4.22,0.449,30.41,1063.7,0.359,2.52,2.41,26.003071,111.025712,5.71,Alluvium_Unconsolidated,1,China
328.57,2.53,0.373,29.2,1148.1,0.358,3.19,1.57,26.059775,111.879314,5.74,Alluvium_Unconsolidated,1,China
361.13,7.19,0.26,35.13,976.0,0.352,1.62,2.48,25.068024,112.971004,4.74,Alluvium_Unconsolidated,0,China
388.35,3.31,0.329,29.62,1163.7,0.2,2.94,2.18,28.259972,111.848647,1.48,Alluvium_Unconsolidated,0,China
427.31,7.73,0.483,36.34,881.3,0.291,3.16,1.38,25.337868,110.668275,4.31,Alluvium_Unconsolidated,1,China
384.05,4.77,0.34,31.02,1049.5,0.308,2.3,2.06,28.895914,111.002069,4.83,Alluvium_Unconsolidated,0,China
420.6,4.75,0.5,31.0,1250.0,0.316,1.8,1.72,25.290717,109.432192,2.16,Alluvium_Unconsolidated,0,China
416.64,6.14,0.214,33.07,854.1,0.201,2.06,2.5,25.560195,110.546926,2.0,Alluvium_Unconsolidated,0,China
373.28,3.68,0.375,29.9,851.9,0.201,1.78,1.35,28.290749,110.433806,5.55,Alluvium_Unconsolidated,0,China
409.58,7.29,0.202,35.34,966.4,0.277,3.18,1.34,29.390807,110.859269,3.82,Alluvium_Unconsolidated,0,China
334.66,4.58,0.482,30.79,850.1,0.27,2.65,1.97,28.480383,110.471656,5.41,Alluvium_Unconsolidated,1,China
339.92,2.75,0.218,29.29,1152.4,0.319,2.68,1.3,26.182577,111.871024,2.48,Alluvium_Unconsolidated,0,China
336.7,7.87,0.494,36.69,1247.8,0.284,1.96,2.5,27.145482,111.576162,4.13,Alluvium_Unconsolidated,0,China
420.43,3.43,0.208,29.71,1212.9,0.2,2.72,2.29,25.571516,109.638435,2.12,Alluvium_Unconsolidated,0,China
398.64,6.87,0.361,34.46,963.3,0.309,1.84,1.54,27.653344,112.947821,5.71,Alluvium_Unconsolidated,0,China
324.31,7.86,0.459,36.67,1080.7,0.357,2.02,2.27,25.993784,109.904454,1.61,Alluvium_Unconsolidated,0,China
395.64,6.53,0.216,33.79,996.4,0.209,3.17,1.88,25.650772,110.91257,5.79,Alluvium_Unconsolidated,0,China
350.9,7.24,0.2,35.23,978.2,0.225,3.05,2.34,27.492082,112.974966,2.71,Alluvium_Unconsolidated,1,China
330.02,8.0,0.201,37.0,1250.0,0.218,2.51,1.3,27.475078,111.529481,3.65,Alluvium_Unconsolidated,0,China
418.12,6.87,0.2,34.46,984.0,0.267,1.96,1.75,29.372522,112.162234,4.52,Alluvium_Unconsolidated,0,China
434.15,7.03,0.239,34.79,1122.4,0.23,1.62,2.13,29.300489,109.032084,1.44,Alluvium_Unconsolidated,0,China
380.04,6.4,0.386,33.54,1001.0,0.268,2.49,1.91,25.784972,112.13256,1.48,Alluvium_Unconsolidated,1,China
429.97,4.34,0.202,30.53,1060.6,0.253,2.51,1.94,28.099392,111.020675,5.73,Alluvium_Unconsolidated,0,China
350.39,7.68,0.37,36.24,1244.5,0.34,2.27,2.5,27.031369,111.448052,3.54,Alluvium_Unconsolidated,0,China
363.77,5.43,0.217,31.92,1177.5,0.35,1.64,2.34,28.794126,109.725306,4.35,Alluvium_Unconsolidated,0,China
456.24,1.75,0.326,29.01,867.5,0.289,2.31,1.56,26.719342,110.338692,3.81,Alluvium_Unconsolidated,1,China
335.04,6.66,0.491,34.04,1144.2,0.262,3.07,1.42,28.465496,109.792262,5.52,Alluvium_Unconsolidated,0,China
375.7,6.45,0.292,33.65,949.2,0.325,1.93,2.42,28.863183,112.921249,4.35,Alluvium_Unconsolidated,0,China
400.95,7.37,0.224,35.53,962.5,0.299,3.05,1.46,29.431236,110.85203,5.43,Alluvium_Unconsolidated,1,China
326.4,3.84,0.467,30.04,1073.2,0.233,2.82,1.55,27.242692,111.041732,5.78,Alluvium_Unconsolidated,0,China
322.85,2.49,0.203,29.19,1224.8,0.304,1.9,1.75,26.210831,109.601391,1.11,Alluvium_Unconsolidated,0,China
412.24,7.03,0.201,34.8,977.5,0.2,2.65,1.72,25.590898,110.879303,2.75,Alluvium_Unconsolidated,1,China
422.39,3.85,0.289,30.05,1206.7,0.303,1.64,1.58,26.745055,109.655697,4.41,Alluvium_Unconsolidated,0,China
314.33,6.47,0.423,33.68,1150.2,0.217,1.85,2.39,27.280986,109.780906,4.84,Alluvium_Unconsolidated,0,China
421.72,4.92,0.221,31.22,850.1,0.202,2.95,2.48,25.550418,112.566043,4.87,Alluvium_Unconsolidated,0,China
449.37,7.8,0.38,36.51,937.6,0.336,3.18,1.45,27.939785,112.249123,4.82,Alluvium_Unconsolidated,0,China
360.58,7.86,0.251,36.67,1019.2,0.338,2.98,1.58,28.830729,110.007256,3.47,Alluvium_Unconsolidated,1,China
426.08,1.96,0.298,29.04,1116.6,0.3,2.17,2.45,26.739127,111.116168,5.35,Alluvium_Unconsolidated,0,China
431.35,7.56,0.209,35.95,1224.9,0.2,2.16,2.02,25.568907,109.263195,2.67,Alluvium_Unconsolidated,1,China
393.7,2.21,0.376,29.1,872.1,0.359,2.41,1.62,25.15001,110.321049,4.28,Alluvium_Unconsolidated,1,China
431.85,2.63,0.253,29.24,1223.2,0.208,3.17,2.17,25.517567,109.606779,4.59,Alluvium_Unconsolidated,0,China
385.85,3.36,0.268,29.65,853.1,0.227,2.41,2.19,25.70321,112.632099,4.26,Alluvium_Unconsolidated,0,China
339.87,4.08,0.45,30.26,1249.3,0.313,2.91,2.49,27.090878,109.460969,4.05,Alluvium_Unconsolidated,0,China
376.22,7.65,0.439,36.15,947.8,0.318,1.87,1.68,27.081353,112.228996,5.76,Alluvium_Unconsolidated,0,China
446.6,6.97,0.303,34.67,1120.1,0.298,1.85,2.44,26.735335,109.027987,4.86,Alluvium_Unconsolidated,0,China
342.35,2.33,0.243,29.13,1108.6,0.261,3.14,2.11,27.567046,111.951079,1.2,Alluvium_Unconsolidated,0,China
439.1,7.79,0.393,36.5,1087.8,0.201,1.71,2.0,29.188039,109.8924,3.22,Alluvium_Unconsolidated,0,China
443.8,7.15,0.384,35.04,1234.4,0.244,1.61,2.5,25.423892,109.299795,4.87,Alluvium_Unconsolidated,0,China
412.92,7.38,0.497,35.54,1229.7,0.327,2.87,2.15,25.268313,109.280738,5.8,Alluvium_Unconsolidated,0,China
407.93,7.58,0.491,36.01,996.6,0.36,3.19,1.52,27.837526,110.045816,3.75,Alluvium_Unconsolidated,0,China
399.63,7.04,0.221,34.81,1233.2,0.211,3.12,2.48,25.657375,111.664183,1.69,Alluvium_Unconsolidated,1,China
368.65,7.63,0.398,36.12,948.5,0.206,3.03,1.31,26.42207,112.227549,5.49,Alluvium_Unconsolidated,0,China
330.92,7.44,0.5,35.68,1228.2,0.264,2.62,1.87,27.180741,109.274927,5.5,Alluvium_Unconsolidated,0,China
406.71,4.33,0.382,30.52,1249.7,0.293,1.94,1.68,28.924166,109.450363,5.8,Alluvium_Unconsolidated,0,China
424.18,6.15,0.214,33.09,1159.7,0.267,2.98,2.44,28.073444,109.762272,5.66,Alluvium_Unconsolidated,0,China
382.54,7.7,0.305,36.27,1244.8,0.24,2.62,1.6,25.73056,111.450072,5.5,Alluvium_Unconsolidated,0,China
418.88,7.79,0.2,36.48,1246.3,0.269,3.14,2.23,29.376794,111.590801,5.78,Alluvium_Unconsolidated,0,China
443.45,5.36,0.234,31.82,1033.1,0.204,2.72,1.32,25.535164,110.974821,3.28,Alluvium_Unconsolidated,0,China
379.01,1.52,0.34,29.0,865.0,0.301,3.18,1.35,27.639332,112.703774,4.7,Alluvium_Unconsolidated,0,China
328.0,7.95,0.424,36.87,895.6,0.36,1.72,1.38,26.023826,110.709026,5.24,Alluvium_Unconsolidated,0,China
319.14,7.96,0.23,36.89,1178.7,0.357,1.6,1.73,28.68081,109.141495,5.25,Alluvium_Unconsolidated,0,China
371.22,4.26,0.437,30.45,1249.6,0.289,1.68,1.52,25.82282,109.453211,4.89,Alluvium_Unconsolidated,0,China
344.63,7.63,0.239,36.11,1243.5,0.259,1.6,1.3,27.563109,111.611745,2.71,Alluvium_Unconsolidated,0,China
448.65,7.52,0.309,35.85,873.9,0.221,2.26,2.0,25.47439,110.64405,3.45,Alluvium_Unconsolidated,0,China
431.56,7.43,0.21,35.66,1228.4,0.2,2.23,2.07,25.567647,109.275936,2.16,Alluvium_Unconsolidated,1,China
346.55,6.71,0.23,34.14,1110.0,0.346,1.67,1.38,28.809758,109.010138,5.75,Alluvium_Unconsolidated,0,China
433.1,7.21,0.201,35.17,977.0,0.2,1.62,1.73,25.591845,112.972739,3.8,Alluvium_Unconsolidated,0,China
353.43,4.97,0.274,31.28,1187.2,0.275,2.96,1.48,27.592963,109.703857,1.66,Alluvium_Unconsolidated,1,China
338.88,6.36,0.227,33.46,1153.8,0.324,1.6,1.3,26.171655,109.773909,5.46,Alluvium_Unconsolidated,0,China
369.27,3.16,0.466,29.52,1089.6,0.305,3.04,1.37,27.106309,111.983754,2.66,Alluvium_Unconsolidated,1,China
446.09,7.82,0.315,36.56,1246.9,0.209,2.01,1.62,29.240132,111.585718,3.74,Alluvium_Unconsolidated,0,China
352.16,3.39,0.304,29.68,1084.1,0.358,3.06,2.4,25.101585,111.060026,5.37,Alluvium_Unconsolidated,0,China
347.28,7.44,0.203,35.69,958.9,0.231,2.86,2.32,27.507467,112.207714,5.8,Alluvium_Unconsolidated,0,China
353.49,1.96,0.498,29.04,1136.2,0.277,2.92,1.35,27.157113,111.151403,5.78,Alluvium_Unconsolidated,1,China
350.13,3.38,0.47,29.67,1247.0,0.303,3.13,2.48,27.110907,109.489676,1.4,Alluvium_Unconsolidated,0,China
334.44,7.35,0.235,35.48,869.6,0.356,1.84,2.31,28.676246,110.628222,1.73,Alluvium_Unconsolidated,0,China
370.65,2.82,0.3,29.33,855.7,0.286,3.16,1.84,27.61185,110.399375,4.32,Alluvium_Unconsolidated,0,China
417.14,2.12,0.202,29.07,1239.8,0.355,1.64,1.46,26.878031,109.539145,0.91,Alluvium_Unconsolidated,0,China
327.96,7.55,0.202,35.94,1147.0,0.218,3.04,2.15,27.473592,109.077257,5.45,Alluvium_Unconsolidated,0,China
430.12,7.88,0.442,36.7,1247.9,0.244,1.66,1.32,26.637398,111.477649,1.25,Alluvium_Unconsolidated,0,China
390.7,4.78,0.392,31.04,1049.1,0.207,2.96,1.5,26.417424,112.051579,3.67,Alluvium_Unconsolidated,1,China
303.2,4.57,0.39,30.78,850.1,0.359,2.84,1.57,26.048204,112.581764,4.55,Alluvium_Unconsolidated,0,China
403.53,8.0,0.441,36.99,1054.7,0.269,3.13,2.36,28.968103,109.947856,4.73,Alluvium_Unconsolidated,0,China
408.6,2.88,0.268,29.36,1220.2,0.321,1.78,2.25,29.473489,109.616576,5.28,Alluvium_Unconsolidated,0,China
422.55,5.41,0.5,31.9,1031.7,0.315,1.93,1.96,25.292765,110.972449,0.81,Alluvium_Unconsolidated,0,China
334.0,6.54,0.469,33.8,996.3,0.279,1.78,1.49,28.49668,110.912299,2.44,Alluvium_Unconsolidated,1,China
416.9,2.48,0.461,29.18,1105.1,0.347,1.89,2.5,25.215824,111.095971,1.21,Alluvium_Unconsolidated,0,China
428.36,3.63,0.29,29.86,890.0,0.303,2.54,1.93,26.74478,110.264955,5.01,Alluvium_Unconsolidated,1,China
347.3,6.55,0.228,33.83,1224.5,0.346,1.64,1.57,28.807623,111.356454,0.88,Alluvium_Unconsolidated,0,China
364.28,7.79,0.235,36.5,1215.6,0.257,1.62,2.01,27.558945,109.233584,4.71,Alluvium_Unconsolidated,0,China
341.79,7.43,0.244,35.65,987.6,0.202,3.18,2.5,27.410236,112.991544,5.77,Alluvium_Unconsolidated,0,China
444.81,4.72,0.426,30.96,1192.0,0.2,3.0,1.45,29.163945,109.692587,5.6,Alluvium_Unconsolidated,0,China
318.56,7.99,0.322,36.97,902.6,0.352,1.77,2.48,26.094321,112.326276,2.88,Alluvium_Unconsolidated,1,China
