month,mine_location,target_production,actual_production,equipment_available,equipment_utilization,downtime_hours,rainfall,temperature,soil_moisture,blast_count,blast_delay,mn_grade,ore_thickness,ore_depth,lithology
2021-01,MOIL-Mine-01,119651.32,107877.15,13,86.3,15.89,20.75,23.27,0.22,23,2.55,33.54,4.63,28.74,Manganese-bearing
2021-02,MOIL-Mine-01,121511.9,109206.82,12,84.64,18.31,26.35,25.01,0.191,29,2.84,35.07,4.6,31.89,Manganese-bearing
2021-03,MOIL-Mine-01,121184.73,107597.84,13,87.55,17.49,8.91,26.09,0.164,25,3.51,32.35,4.98,27.96,Manganese-bearing
2021-04,MOIL-Mine-01,124551.92,88152.19,11,86.12,26.03,52.77,36.28,0.333,31,5.76,33.9,4.32,30.1,Banded formation
2021-05,MOIL-Mine-01,124239.22,104753.17,11,79.76,15.3,3.64,34.73,0.21,26,2.32,35.23,4.72,31.94,Laterite
2021-06,MOIL-Mine-01,119691.91,66750.91,12,75.86,24.96,177.69,30.55,0.541,26,6.77,32.95,4.35,31.2,Manganese-bearing
2021-07,MOIL-Mine-01,123025.72,71138.71,13,70.74,28.72,127.46,29.0,0.425,32,7.03,34.83,4.8,31.16,Manganese-bearing
2021-08,MOIL-Mine-01,124944.79,68719.64,12,70.04,26.56,227.7,30.74,0.695,25,10.62,34.72,5.15,31.03,Manganese-bearing
2021-09,MOIL-Mine-01,120681.88,77598.12,11,69.57,32.14,81.7,29.4,0.376,26,5.95,35.73,5.0,34.71,Manganese-bearing
2021-10,MOIL-Mine-01,120631.91,93015.23,10,76.8,22.81,46.1,28.84,0.274,24,3.97,33.77,4.82,30.13,Banded formation
2021-11,MOIL-Mine-01,121508.13,104373.2,13,81.3,18.22,26.25,23.07,0.169,25,2.58,33.95,4.53,35.08,Manganese-bearing
2021-12,MOIL-Mine-01,123668.62,102100.75,12,82.31,20.34,24.78,23.08,0.241,28,3.32,34.26,4.64,32.29,Metamorphic
2022-01,MOIL-Mine-01,121592.48,98385.83,13,83.23,21.76,6.04,21.51,0.276,19,3.08,30.72,4.11,25.56,Banded formation
2022-02,MOIL-Mine-01,124592.52,98719.82,10,83.68,17.44,41.95,23.38,0.308,30,3.43,32.13,4.4,32.4,Manganese-bearing
2022-03,MOIL-Mine-01,122323.83,109963.42,13,82.73,13.62,20.02,29.17,0.245,29,2.47,34.46,4.7,32.51,Banded formation
2022-04,MOIL-Mine-01,125324.55,101653.04,12,78.66,21.69,20.09,33.65,0.231,17,2.55,32.05,4.79,35.57,Manganese-bearing
2022-05,MOIL-Mine-01,121600.7,105817.48,12,84.04,20.06,10.38,35.03,0.214,26,2.33,33.06,4.46,31.77,Manganese-bearing
2022-06,MOIL-Mine-01,121378.33,66758.08,11,66.92,17.66,192.94,30.35,0.589,28,9.31,33.14,3.96,33.02,Manganese-bearing
2022-07,MOIL-Mine-01,121329.62,85609.91,13,81.98,23.49,87.65,27.59,0.361,19,5.61,32.41,5.12,30.16,Manganese-bearing
2022-08,MOIL-Mine-01,121746.32,79444.09,12,84.56,30.49,56.98,29.12,0.291,27,4.77,34.69,4.66,27.42,Laterite
2022-09,MOIL-Mine-01,123869.83,108220.36,13,84.29,13.18,60.1,29.64,0.301,21,3.33,34.93,4.83,31.31,Manganese-bearing
2022-10,MOIL-Mine-01,127150.7,95102.14,11,80.44,24.28,14.87,27.45,0.182,29,2.65,34.0,4.32,26.54,Laterite
2022-11,MOIL-Mine-01,125296.98,95559.99,11,81.26,26.68,27.77,23.92,0.224,22,2.92,36.77,4.79,33.46,Laterite
2022-12,MOIL-Mine-01,122660.59,106005.79,11,79.19,10.64,29.72,23.28,0.216,29,4.2,34.66,5.13,30.39,Manganese-bearing
2023-01,MOIL-Mine-01,126995.99,96767.8,12,82.74,18.03,71.11,20.05,0.306,21,4.13,31.42,5.37,27.58,Banded formation
2023-02,MOIL-Mine-01,126138.63,107026.55,13,83.94,22.24,7.54,25.45,0.157,24,2.24,30.22,4.61,32.45,Manganese-bearing
2023-03,MOIL-Mine-01,126793.63,92061.66,13,82.84,22.03,30.17,28.77,0.256,21,5.39,35.68,4.74,32.25,Laterite
2023-04,MOIL-Mine-01,125574.5,93094.64,12,86.93,20.41,30.5,35.22,0.243,27,4.13,34.26,4.26,29.44,Laterite
2023-05,MOIL-Mine-01,124062.04,115930.09,11,80.3,8.41,42.76,36.15,0.246,18,2.41,37.16,5.26,33.1,Manganese-bearing
2023-06,MOIL-Mine-01,124986.9,86704.28,13,82.9,12.4,85.72,28.55,0.396,29,5.5,31.09,4.51,30.53,Metamorphic
2023-07,MOIL-Mine-01,127546.17,70154.04,13,77.71,25.18,156.49,27.5,0.512,24,7.31,36.35,4.3,31.29,Laterite
2023-08,MOIL-Mine-01,127994.62,90678.75,12,79.46,10.52,65.95,26.13,0.316,23,4.88,32.73,4.51,27.43,Laterite
2023-09,MOIL-Mine-01,127920.87,101187.96,11,84.52,18.88,47.84,29.93,0.327,26,4.22,33.36,4.51,31.05,Manganese-bearing
2023-10,MOIL-Mine-01,128469.76,107380.16,12,81.62,18.57,13.54,29.04,0.189,25,2.55,32.04,3.83,30.53,Manganese-bearing
2023-11,MOIL-Mine-01,129435.57,111022.69,12,90.46,21.2,10.66,20.18,0.191,23,2.22,33.04,4.34,33.69,Metamorphic
2023-12,MOIL-Mine-01,130150.02,87347.44,12,78.44,28.75,27.35,24.93,0.239,27,4.29,34.83,3.75,33.53,Laterite
2024-01,MOIL-Mine-01,126681.37,84814.57,11,86.29,27.37,33.99,23.63,0.191,25,4.5,32.89,4.88,35.0,Laterite
2024-02,MOIL-Mine-01,128773.09,114126.81,12,86.22,19.11,12.26,24.75,0.239,14,1.86,37.96,4.37,26.65,Laterite
2024-03,MOIL-Mine-01,123829.27,112471.74,11,85.89,11.21,5.37,30.2,0.218,19,3.22,34.28,4.2,29.48,Metamorphic
2024-04,MOIL-Mine-01,126415.78,122682.29,13,84.12,5.0,18.3,31.84,0.169,24,0.53,35.27,3.72,35.11,Metamorphic
2024-05,MOIL-Mine-01,130520.2,80342.26,11,78.62,30.45,25.22,31.81,0.225,28,5.2,32.41,4.75,31.59,Laterite
2024-06,MOIL-Mine-01,129371.67,97261.95,11,82.26,22.77,55.1,31.17,0.264,25,5.18,34.27,5.31,33.42,Manganese-bearing
2024-07,MOIL-Mine-01,124572.52,68514.89,12,61.97,27.11,204.6,30.3,0.583,26,8.96,33.46,4.41,28.93,Banded formation
2024-08,MOIL-Mine-01,127045.0,85805.18,11,73.3,15.01,95.25,25.03,0.356,30,4.47,31.9,4.18,31.28,Manganese-bearing
2024-09,MOIL-Mine-01,129337.87,71263.04,11,80.26,24.38,166.0,30.53,0.536,26,8.2,33.96,4.61,35.17,Manganese-bearing
2024-10,MOIL-Mine-01,124055.61,90483.45,13,77.54,16.89,21.59,25.7,0.225,22,3.31,31.44,4.14,32.66,Laterite
2024-11,MOIL-Mine-01,130620.06,98346.91,11,85.38,22.01,26.38,26.63,0.217,31,3.97,30.51,4.01,30.43,Manganese-bearing
2024-12,MOIL-Mine-01,130228.53,95765.35,13,78.62,23.27,22.51,22.04,0.227,23,4.14,32.98,4.28,32.29,Metamorphic
2025-01,MOIL-Mine-01,130793.58,119271.71,13,82.15,19.89,18.97,24.42,0.216,27,2.77,36.63,4.69,27.23,Manganese-bearing
2025-02,MOIL-Mine-01,132327.76,101311.04,10,85.29,15.24,7.6,22.85,0.199,20,2.71,32.27,3.49,31.94,Laterite
2025-03,MOIL-Mine-01,132138.56,106069.59,11,81.17,26.22,28.93,27.87,0.255,25,3.59,34.23,4.4,31.43,Manganese-bearing
2025-04,MOIL-Mine-01,127993.17,105532.82,13,74.57,18.01,35.3,34.57,0.216,27,2.58,31.18,4.55,29.5,Manganese-bearing
2025-05,MOIL-Mine-01,128290.74,117885.7,12,85.06,16.44,3.48,35.1,0.235,22,2.17,32.34,4.39,27.97,Manganese-bearing
2025-06,MOIL-Mine-01,130173.34,87224.61,11,73.49,23.16,81.89,28.88,0.339,17,5.81,33.13,4.87,28.79,Banded formation
2025-07,MOIL-Mine-01,127206.77,93833.29,12,78.21,11.79,71.35,26.58,0.318,29,5.58,34.12,4.35,30.78,Metamorphic
2025-08,MOIL-Mine-01,130983.49,72040.92,14,65.05,33.25,238.87,31.66,0.706,21,9.97,34.6,4.36,30.4,Manganese-bearing
2025-09,MOIL-Mine-01,131958.19,99502.06,10,75.08,16.72,75.49,27.13,0.326,27,3.26,33.96,4.66,28.85,Metamorphic
2025-10,MOIL-Mine-01,130501.8,113099.58,12,83.03,8.39,24.43,25.12,0.227,18,2.18,32.58,3.99,28.12,Metamorphic
2025-11,MOIL-Mine-01,131175.46,99989.83,13,83.59,11.73,57.1,23.86,0.288,28,5.17,31.72,4.21,24.61,Banded formation
2025-12,MOIL-Mine-01,126536.86,95565.09,13,80.92,26.71,44.77,26.1,0.302,20,3.47,33.63,4.49,32.11,Banded formation
2021-01,MOIL-Mine-02,109608.73,79187.54,11,89.65,21.16,28.59,21.45,0.306,25,3.03,33.29,4.28,33.09,Laterite
2021-02,MOIL-Mine-02,111417.03,92065.32,12,80.4,16.68,2.77,26.09,0.188,29,3.29,34.31,4.16,28.52,Metamorphic
2021-03,MOIL-Mine-02,112218.3,103526.53,15,85.99,20.86,11.46,28.49,0.215,25,1.54,36.49,4.12,29.34,Manganese-bearing
2021-04,MOIL-Mine-02,110539.77,100690.26,11,89.73,23.41,10.57,30.83,0.215,20,1.62,35.0,4.05,27.34,Manganese-bearing
2021-05,MOIL-Mine-02,109420.69,99707.47,12,81.93,7.89,8.22,38.08,0.255,21,2.58,35.86,3.44,23.94,Manganese-bearing
2021-06,MOIL-Mine-02,108720.48,60033.21,11,74.26,32.96,114.88,33.19,0.427,18,7.51,34.84,4.29,27.29,Banded formation
2021-07,MOIL-Mine-02,109903.83,93443.37,12,73.27,13.12,20.9,24.09,0.169,32,2.52,33.26,3.87,26.56,Manganese-bearing
2021-08,MOIL-Mine-02,110669.5,81346.96,10,78.31,10.41,62.62,27.71,0.334,29,3.25,34.11,4.83,27.42,Laterite
2021-09,MOIL-Mine-02,110145.39,77280.34,13,90.96,26.88,55.4,26.71,0.288,21,4.06,35.18,3.97,28.56,Laterite
2021-10,MOIL-Mine-02,111627.94,76523.52,13,81.05,20.85,29.26,21.79,0.213,25,5.47,33.8,3.49,28.59,Laterite
2021-11,MOIL-Mine-02,109792.92,80895.45,11,84.5,11.05,5.69,26.58,0.229,28,3.95,32.74,4.0,30.74,Laterite
2021-12,MOIL-Mine-02,108087.2,88958.79,12,82.63,31.22,1.22,24.15,0.142,28,3.12,33.88,4.32,24.49,Manganese-bearing
2022-01,MOIL-Mine-02,113181.39,97368.98,13,74.04,8.76,23.67,22.04,0.24,20,2.5,36.03,3.97,28.32,Banded formation
2022-02,MOIL-Mine-02,111474.02,99856.76,11,82.17,13.13,10.76,19.05,0.195,21,1.59,32.1,4.5,26.92,Manganese-bearing
2022-03,MOIL-Mine-02,110563.07,100555.22,10,90.72,16.15,5.79,27.41,0.212,24,2.4,36.85,4.92,25.26,Metamorphic
2022-04,MOIL-Mine-02,111001.02,90524.26,13,84.85,14.17,17.09,35.76,0.179,20,1.93,33.12,4.23,28.74,Laterite
2022-05,MOIL-Mine-02,112965.33,82711.27,14,83.84,16.83,49.88,30.66,0.27,21,5.01,33.03,4.1,31.9,Manganese-bearing
2022-06,MOIL-Mine-02,113046.96,85510.95,13,82.06,28.09,54.89,34.28,0.279,26,4.69,35.82,5.06,27.08,Manganese-bearing
2022-07,MOIL-Mine-02,111593.22,61481.64,11,76.34,30.54,133.79,28.67,0.494,30,7.82,33.93,4.48,27.87,Metamorphic
2022-08,MOIL-Mine-02,112283.04,80953.12,11,77.84,12.44,58.78,28.82,0.323,23,5.54,33.53,4.05,28.51,Manganese-bearing
2022-09,MOIL-Mine-02,114958.33,74118.18,12,75.91,18.52,67.93,29.29,0.294,32,4.88,32.62,4.14,31.83,Banded formation
2022-10,MOIL-Mine-02,114537.22,82006.1,12,82.69,22.57,36.84,25.48,0.184,27,4.7,32.32,3.86,25.9,Metamorphic
2022-11,MOIL-Mine-02,112667.98,103235.24,14,87.24,13.64,4.79,25.19,0.225,27,2.57,37.25,3.65,27.6,Metamorphic
2022-12,MOIL-Mine-02,109854.64,101239.64,10,77.6,15.95,13.69,20.71,0.244,22,1.4,34.81,5.12,24.43,Manganese-bearing
2023-01,MOIL-Mine-02,114698.83,98836.84,10,81.87,16.4,20.33,19.89,0.204,22,2.51,34.49,4.43,29.34,Manganese-bearing
2023-02,MOIL-Mine-02,116210.49,86768.59,11,81.62,14.73,10.45,22.9,0.14,21,3.41,34.56,3.88,29.23,Laterite
2023-03,MOIL-Mine-02,113234.33,81389.32,13,79.2,24.87,40.32,27.55,0.282,20,4.3,34.06,4.08,21.7,Metamorphic
2023-04,MOIL-Mine-02,115412.24,88951.35,11,81.48,26.67,20.74,34.93,0.273,30,3.87,34.76,4.61,26.49,Metamorphic
2023-05,MOIL-Mine-02,111475.58,80132.26,11,77.28,23.56,66.7,31.97,0.307,23,3.64,34.68,4.25,29.32,Manganese-bearing
2023-06,MOIL-Mine-02,116038.13,79297.95,12,77.0,18.86,50.19,29.75,0.292,25,4.81,31.93,3.25,25.18,Banded formation
2023-07,MOIL-Mine-02,112618.58,61940.22,13,55.07,29.69,320.0,28.16,0.787,22,13.2,33.68,4.88,28.9,Metamorphic
2023-08,MOIL-Mine-02,115922.33,70424.36,11,81.54,27.31,84.12,29.72,0.364,34,5.89,36.23,4.41,28.65,Laterite
2023-09,MOIL-Mine-02,113918.78,75408.15,12,77.77,12.33,119.75,30.05,0.382,20,5.19,34.59,4.48,27.71,Banded formation
2023-10,MOIL-Mine-02,113337.78,102320.02,12,82.72,13.37,10.66,25.94,0.191,27,2.58,34.75,3.61,28.09,Manganese-bearing
2023-11,MOIL-Mine-02,114099.88,92229.82,15,88.14,23.32,13.96,23.44,0.214,24,2.68,32.31,3.56,27.55,Manganese-bearing
2023-12,MOIL-Mine-02,115172.41,89202.61,11,81.61,23.46,11.87,22.76,0.19,30,4.24,33.46,4.08,32.24,Manganese-bearing
2024-01,MOIL-Mine-02,115477.65,92950.73,12,83.6,22.95,7.51,27.38,0.188,21,3.67,34.34,4.24,28.82,Banded formation
2024-02,MOIL-Mine-02,114051.88,83374.17,13,82.05,26.66,2.55,20.37,0.221,22,3.06,32.44,4.03,26.89,Laterite
2024-03,MOIL-Mine-02,116353.2,94178.87,9,75.24,13.57,13.31,27.29,0.183,24,3.62,33.87,4.72,26.45,Manganese-bearing
2024-04,MOIL-Mine-02,115380.64,83347.04,13,80.9,19.77,21.54,32.32,0.28,24,2.46,32.35,3.86,30.95,Laterite
2024-05,MOIL-Mine-02,113461.55,85559.02,12,81.52,23.14,36.66,31.62,0.203,27,4.66,35.07,3.18,24.55,Manganese-bearing
2024-06,MOIL-Mine-02,116163.91,63890.15,12,70.75,32.16,240.68,29.61,0.652,25,9.63,33.42,3.98,31.74,Manganese-bearing
2024-07,MOIL-Mine-02,114190.16,63069.92,13,75.24,29.0,140.08,29.22,0.429,27,6.94,35.25,3.73,29.56,Metamorphic
2024-08,MOIL-Mine-02,117487.39,76781.58,12,81.0,25.99,63.02,27.49,0.308,27,3.96,35.33,3.98,25.88,Laterite
2024-09,MOIL-Mine-02,116771.65,81036.48,12,78.21,18.11,88.13,30.88,0.37,22,3.93,33.84,3.87,25.35,Metamorphic
2024-10,MOIL-Mine-02,112238.14,89454.8,12,86.88,26.09,17.89,24.35,0.255,26,5.01,36.15,4.65,22.98,Metamorphic
2024-11,MOIL-Mine-02,118797.04,87304.44,11,85.17,22.1,23.93,22.3,0.248,30,3.13,32.72,3.52,25.08,Metamorphic
2024-12,MOIL-Mine-02,115003.72,105032.3,11,82.73,12.85,11.16,24.84,0.222,23,0.94,34.44,4.28,30.38,Banded formation
2025-01,MOIL-Mine-02,119534.47,94724.37,12,82.19,14.71,9.38,21.5,0.263,21,2.68,35.69,3.57,27.03,Laterite
2025-02,MOIL-Mine-02,116128.02,91608.57,11,88.95,18.05,29.55,25.35,0.225,26,3.3,33.22,3.5,24.49,Banded formation
2025-03,MOIL-Mine-02,115504.3,103472.57,12,79.12,19.42,18.51,28.04,0.215,24,2.49,36.87,4.21,24.48,Manganese-bearing
2025-04,MOIL-Mine-02,114328.76,90233.16,11,90.44,16.7,19.15,31.58,0.18,25,2.16,36.48,3.02,31.73,Laterite
2025-05,MOIL-Mine-02,119427.78,94864.92,11,82.6,18.11,47.04,35.3,0.252,18,3.58,35.45,3.94,26.67,Manganese-bearing
2025-06,MOIL-Mine-02,115053.78,82628.67,13,72.82,22.47,92.25,28.97,0.318,27,4.37,37.52,4.48,27.58,Manganese-bearing
2025-07,MOIL-Mine-02,120065.1,79783.12,12,77.16,19.44,107.04,25.03,0.38,23,4.06,29.96,4.69,24.88,Manganese-bearing
2025-08,MOIL-Mine-02,118780.47,69071.04,13,81.02,31.32,120.87,29.38,0.388,30,6.5,35.99,3.84,27.16,Manganese-bearing
2025-09,MOIL-Mine-02,116589.88,88368.36,12,78.87,19.86,77.02,27.15,0.332,25,4.11,36.1,4.36,25.33,Manganese-bearing
2025-10,MOIL-Mine-02,119991.25,107865.78,12,80.71,13.59,8.66,29.49,0.146,22,2.01,34.16,3.99,29.64,Manganese-bearing
2025-11,MOIL-Mine-02,116130.38,97102.15,11,91.29,21.02,2.78,23.54,0.248,18,2.43,34.04,3.78,33.67,Manganese-bearing
2025-12,MOIL-Mine-02,116641.0,84897.69,10,84.98,26.52,25.49,20.48,0.28,29,4.35,35.11,4.34,27.26,Metamorphic
2021-01,MOIL-Mine-03,132741.8,87290.33,12,81.26,18.24,22.08,23.59,0.136,27,3.61,28.91,4.61,34.22,Metamorphic
2021-02,MOIL-Mine-03,130421.05,91844.03,11,83.56,14.71,22.16,23.99,0.284,24,4.07,31.77,5.4,27.23,Laterite
2021-03,MOIL-Mine-03,133764.34,95630.16,11,79.98,21.44,8.28,26.23,0.115,31,2.98,29.78,4.83,27.79,Metamorphic
2021-04,MOIL-Mine-03,128169.61,105046.85,13,78.25,9.51,6.26,36.12,0.24,28,2.53,31.76,4.91,26.42,Banded formation
2021-05,MOIL-Mine-03,129784.63,84718.3,12,85.04,21.67,9.73,32.11,0.206,19,3.41,28.93,3.74,30.06,Laterite
2021-06,MOIL-Mine-03,127757.85,100339.77,12,80.68,17.24,27.62,30.55,0.267,23,2.41,30.64,4.4,28.07,Manganese-bearing
2021-07,MOIL-Mine-03,134075.17,102301.76,11,82.14,22.2,31.75,26.68,0.293,32,2.83,32.1,4.65,26.28,Manganese-bearing
2021-08,MOIL-Mine-03,134508.82,73979.85,12,74.73,33.39,88.59,27.58,0.361,23,6.2,30.77,4.54,26.67,Metamorphic
2021-09,MOIL-Mine-03,127147.99,84661.21,10,88.95,30.09,55.0,29.71,0.27,30,4.81,32.01,4.77,27.37,Manganese-bearing
2021-10,MOIL-Mine-03,129840.2,104048.69,11,86.07,15.66,4.8,26.9,0.197,19,2.99,33.01,4.96,34.26,Manganese-bearing
2021-11,MOIL-Mine-03,128653.3,98309.15,11,79.86,21.02,17.43,26.93,0.155,22,2.14,31.0,4.95,26.49,Banded formation
2021-12,MOIL-Mine-03,132404.46,94556.72,12,83.81,18.61,21.5,22.71,0.219,28,3.73,32.2,4.52,29.03,Banded formation
2022-01,MOIL-Mine-03,137691.39,110415.73,12,92.54,15.37,13.44,20.09,0.207,24,2.05,31.85,4.14,30.74,Banded formation
2022-02,MOIL-Mine-03,127463.7,90651.37,13,73.98,16.96,35.22,24.76,0.305,31,4.06,33.12,4.16,28.64,Manganese-bearing
2022-03,MOIL-Mine-03,132135.54,103829.41,13,80.07,12.17,16.75,26.83,0.197,24,3.32,32.41,5.49,27.72,Metamorphic
2022-04,MOIL-Mine-03,132366.35,86273.73,11,79.28,25.04,13.88,33.56,0.228,21,3.5,27.99,4.63,34.02,Metamorphic
2022-05,MOIL-Mine-03,132113.78,94861.26,11,86.7,21.47,27.05,33.03,0.195,22,4.32,33.58,5.23,31.74,Metamorphic
2022-06,MOIL-Mine-03,131491.79,74404.15,10,81.72,27.93,67.59,30.15,0.302,27,6.05,29.42,4.76,32.21,Metamorphic
2022-07,MOIL-Mine-03,132990.17,74656.18,11,78.58,28.31,101.51,28.04,0.39,34,4.94,30.97,4.21,31.76,Manganese-bearing
2022-08,MOIL-Mine-03,131679.33,72423.63,11,74.28,31.74,151.96,28.89,0.427,26,6.54,32.14,3.98,34.41,Manganese-bearing
2022-09,MOIL-Mine-03,130789.31,72151.0,12,75.85,22.72,102.31,28.89,0.377,29,6.81,31.43,3.98,30.68,Manganese-bearing
2022-10,MOIL-Mine-03,124673.22,93290.88,13,81.41,15.25,15.88,27.12,0.229,18,3.25,30.31,4.38,27.64,Manganese-bearing
2022-11,MOIL-Mine-03,137173.43,115011.75,12,85.61,12.22,4.86,25.44,0.222,29,1.51,30.47,4.24,30.06,Manganese-bearing
2022-12,MOIL-Mine-03,130246.64,97401.83,11,83.12,12.38,49.86,25.32,0.273,25,4.24,32.66,4.81,31.46,Manganese-bearing
2023-01,MOIL-Mine-03,138361.18,104264.07,11,82.76,16.04,24.93,18.88,0.146,23,2.67,32.36,5.0,33.08,Metamorphic
2023-02,MOIL-Mine-03,132741.13,96961.56,9,76.71,21.32,9.56,24.4,0.141,24,3.3,34.33,5.01,31.33,Banded formation
2023-03,MOIL-Mine-03,133741.04,96342.47,10,78.36,17.92,6.69,27.25,0.201,30,4.35,31.59,4.02,27.88,Manganese-bearing
2023-04,MOIL-Mine-03,135759.56,84846.15,11,85.38,23.17,39.02,32.07,0.265,25,5.23,32.33,5.09,29.22,Laterite
2023-05,MOIL-Mine-03,135321.02,94153.43,13,75.87,21.26,14.33,33.93,0.264,28,3.81,33.32,5.07,33.28,Manganese-bearing
2023-06,MOIL-Mine-03,135570.93,74564.01,11,71.31,33.66,143.72,28.94,0.471,29,6.58,33.32,5.05,29.0,Metamorphic
2023-07,MOIL-Mine-03,133689.76,87300.64,12,80.68,26.86,74.14,30.83,0.35,25,3.73,35.43,4.38,27.86,Metamorphic
2023-08,MOIL-Mine-03,135087.45,74726.44,11,80.52,14.91,108.41,26.71,0.384,19,6.37,31.4,4.8,29.86,Laterite
2023-09,MOIL-Mine-03,135632.5,91087.93,13,82.45,22.04,37.55,27.98,0.207,27,5.11,30.57,4.89,28.07,Metamorphic
2023-10,MOIL-Mine-03,132561.02,109428.06,10,84.49,10.09,7.66,29.5,0.169,23,2.1,29.57,4.53,23.32,Manganese-bearing
2023-11,MOIL-Mine-03,138447.17,115700.97,11,83.84,13.51,5.52,24.61,0.256,24,2.86,32.86,5.22,29.11,Manganese-bearing
2023-12,MOIL-Mine-03,136830.26,100677.58,12,85.2,24.7,9.45,19.94,0.188,23,2.28,29.84,4.3,27.88,Manganese-bearing
2024-01,MOIL-Mine-03,137168.83,114041.58,12,79.68,9.9,6.92,26.96,0.185,28,2.65,31.23,4.68,24.35,Manganese-bearing
2024-02,MOIL-Mine-03,135920.08,79312.51,11,74.7,27.16,80.44,20.07,0.373,19,5.39,32.06,4.57,29.54,Manganese-bearing
2024-03,MOIL-Mine-03,136446.58,98001.87,13,79.35,14.92,20.32,30.45,0.259,25,1.91,30.85,4.87,28.65,Laterite
2024-04,MOIL-Mine-03,136640.85,106751.24,10,79.4,12.16,14.17,32.91,0.221,27,4.13,33.11,5.09,28.94,Manganese-bearing
2024-05,MOIL-Mine-03,136934.07,94262.5,10,77.85,15.55,44.59,31.72,0.348,25,4.29,30.59,4.53,31.59,Manganese-bearing
2024-06,MOIL-Mine-03,144272.75,79350.01,11,66.63,26.66,150.91,31.17,0.464,26,7.58,30.25,4.27,31.52,Banded formation
2024-07,MOIL-Mine-03,142640.09,78452.05,11,74.29,30.74,178.07,26.91,0.628,31,9.18,29.1,4.9,30.01,Manganese-bearing
2024-08,MOIL-Mine-03,141355.41,77745.47,10,69.28,21.69,141.83,26.53,0.475,26,7.76,33.0,5.3,33.36,Metamorphic
2024-09,MOIL-Mine-03,138446.65,87652.16,12,81.5,22.6,80.04,29.72,0.342,30,5.41,31.44,4.2,28.95,Manganese-bearing
2024-10,MOIL-Mine-03,137019.05,97540.25,10,78.16,10.2,4.41,24.79,0.154,26,2.36,31.08,5.17,29.09,Laterite
2024-11,MOIL-Mine-03,131619.52,85170.24,11,80.14,33.38,23.92,22.58,0.208,24,2.73,29.5,4.65,31.77,Metamorphic
2024-12,MOIL-Mine-03,138749.64,100969.11,12,88.66,23.14,13.73,20.97,0.247,28,4.32,32.58,4.27,23.68,Metamorphic
2025-01,MOIL-Mine-03,142241.81,106401.28,11,86.77,7.49,12.63,22.99,0.211,15,3.5,30.58,4.19,28.99,Laterite
2025-02,MOIL-Mine-03,146716.36,103100.89,12,83.28,17.16,34.31,20.65,0.259,28,4.79,32.01,4.5,32.12,Manganese-bearing
2025-03,MOIL-Mine-03,138615.98,104050.7,14,80.38,22.0,18.17,28.54,0.206,34,3.45,31.68,4.91,33.56,Manganese-bearing
2025-04,MOIL-Mine-03,139695.44,112552.62,13,81.16,16.99,9.29,33.26,0.237,34,1.74,30.8,4.21,29.92,Manganese-bearing
2025-05,MOIL-Mine-03,134448.34,93427.28,13,84.37,25.09,18.9,34.63,0.194,26,3.71,31.31,4.29,30.73,Banded formation
2025-06,MOIL-Mine-03,138667.55,102530.49,12,82.65,24.86,22.38,30.52,0.228,27,2.93,32.19,4.42,28.63,Manganese-bearing
2025-07,MOIL-Mine-03,139969.87,94062.64,11,82.33,14.23,80.73,31.11,0.299,19,6.27,32.98,4.36,25.16,Manganese-bearing
2025-08,MOIL-Mine-03,136745.08,76802.33,11,76.65,30.25,62.11,32.64,0.293,23,6.96,30.94,4.49,27.13,Manganese-bearing
2025-09,MOIL-Mine-03,145275.45,79901.5,13,72.74,31.21,183.77,28.08,0.536,29,9.17,31.21,4.39,32.18,Metamorphic
2025-10,MOIL-Mine-03,144892.87,121998.84,10,91.27,20.35,8.28,27.23,0.224,25,1.86,32.78,4.91,32.6,Manganese-bearing
2025-11,MOIL-Mine-03,136326.29,114548.45,10,87.35,14.65,4.41,23.38,0.151,20,1.21,31.6,5.3,31.64,Banded formation
2025-12,MOIL-Mine-03,145528.14,108275.22,12,78.93,5.52,18.22,22.28,0.183,21,3.93,30.34,4.4,30.54,Manganese-bearing
2021-01,MOIL-Mine-04,128149.0,94960.19,10,87.37,21.65,16.6,23.21,0.194,30,4.3,34.93,4.47,26.74,Metamorphic
2021-02,MOIL-Mine-04,131056.65,111927.35,11,78.12,16.6,17.64,22.83,0.202,24,2.04,33.02,5.23,26.43,Manganese-bearing
2021-03,MOIL-Mine-04,126088.78,95706.58,9,81.43,17.42,16.33,29.93,0.133,25,1.54,32.94,5.0,30.82,Laterite
2021-04,MOIL-Mine-04,132224.56,104307.34,11,82.21,7.32,31.42,33.38,0.211,27,2.96,35.88,4.22,24.12,Laterite
2021-05,MOIL-Mine-04,128515.12,103334.26,11,79.37,16.19,8.07,33.2,0.24,26,4.19,33.84,4.51,24.19,Manganese-bearing
2021-06,MOIL-Mine-04,134996.32,84395.93,12,79.31,23.94,102.5,29.86,0.396,27,7.01,34.24,5.46,24.96,Manganese-bearing
2021-07,MOIL-Mine-04,136020.25,97364.52,11,80.75,13.14,81.89,31.44,0.344,23,4.26,33.39,3.75,25.24,Manganese-bearing
2021-08,MOIL-Mine-04,128105.46,74365.72,11,81.03,24.94,143.23,24.87,0.446,24,8.16,35.36,4.87,22.35,Manganese-bearing
2021-09,MOIL-Mine-04,131798.43,87596.25,11,82.97,14.46,71.92,25.4,0.348,27,4.85,34.98,4.29,22.74,Laterite
2021-10,MOIL-Mine-04,126793.54,93906.54,12,81.95,26.18,14.52,29.31,0.188,25,4.08,34.52,4.61,28.73,Metamorphic
2021-11,MOIL-Mine-04,130444.21,87383.36,10,69.38,32.68,33.05,26.4,0.235,28,3.43,35.2,4.86,24.98,Metamorphic
2021-12,MOIL-Mine-04,137094.06,101739.32,11,81.63,27.97,1.37,20.89,0.204,26,3.54,33.57,4.42,27.5,Metamorphic
2022-01,MOIL-Mine-04,129828.06,106630.1,11,83.62,25.54,4.09,24.73,0.161,23,2.9,33.94,5.1,28.76,Manganese-bearing
2022-02,MOIL-Mine-04,131012.19,115003.77,12,92.14,22.01,9.41,24.96,0.218,25,2.33,35.46,4.64,27.84,Manganese-bearing
2022-03,MOIL-Mine-04,130533.93,95526.18,11,85.82,17.19,21.17,27.39,0.238,24,3.91,34.17,3.84,26.99,Laterite
2022-04,MOIL-Mine-04,133243.65,106398.38,11,76.95,9.67,19.71,28.31,0.219,27,2.87,31.61,4.23,26.66,Manganese-bearing
2022-05,MOIL-Mine-04,133608.83,115083.44,11,82.71,21.21,11.64,34.5,0.201,21,2.02,35.28,4.62,28.36,Manganese-bearing
2022-06,MOIL-Mine-04,131574.4,79578.29,10,76.61,22.56,110.0,31.14,0.338,20,6.89,34.19,4.95,25.31,Banded formation
2022-07,MOIL-Mine-04,133405.93,84857.14,12,76.63,16.83,106.73,28.54,0.362,21,5.29,32.43,4.9,29.78,Manganese-bearing
2022-08,MOIL-Mine-04,130821.46,83154.77,10,72.78,28.32,120.73,30.32,0.437,24,5.07,34.92,4.7,21.51,Manganese-bearing
2022-09,MOIL-Mine-04,133056.37,84504.23,9,74.7,19.34,88.66,29.52,0.317,27,5.92,32.25,4.64,26.48,Manganese-bearing
2022-10,MOIL-Mine-04,129871.66,109433.82,12,77.51,13.15,32.17,23.35,0.239,18,1.21,31.83,4.23,23.14,Manganese-bearing
2022-11,MOIL-Mine-04,131825.43,114716.1,10,83.25,11.54,10.38,21.05,0.169,29,2.79,34.3,4.91,24.37,Manganese-bearing
2022-12,MOIL-Mine-04,131678.42,115978.44,11,87.86,16.79,10.34,22.86,0.204,25,2.41,33.93,4.86,25.38,Manganese-bearing
2023-01,MOIL-Mine-04,132220.42,106533.61,12,86.96,25.15,6.8,21.03,0.203,23,3.48,33.41,4.56,22.25,Banded formation
2023-02,MOIL-Mine-04,135648.69,99950.6,11,89.67,32.04,39.35,22.6,0.238,28,3.43,36.11,4.95,26.92,Metamorphic
2023-03,MOIL-Mine-04,132335.79,104857.87,11,73.94,12.01,48.27,26.53,0.301,25,3.36,35.82,4.45,26.02,Manganese-bearing
2023-04,MOIL-Mine-04,132547.16,111671.25,10,84.57,16.87,7.61,30.1,0.185,31,3.32,34.13,4.92,27.84,Banded formation
2023-05,MOIL-Mine-04,137338.38,118235.58,12,79.51,16.39,7.38,32.92,0.189,25,2.47,35.32,4.92,30.01,Manganese-bearing
2023-06,MOIL-Mine-04,134625.77,76072.78,11,72.91,23.33,132.02,32.76,0.428,27,6.54,33.81,3.77,26.63,Manganese-bearing
2023-07,MOIL-Mine-04,140043.36,82172.07,11,71.34,17.94,82.82,31.8,0.344,21,6.47,34.85,4.59,25.85,Laterite
2023-08,MOIL-Mine-04,133050.96,86593.98,11,71.27,24.74,64.39,28.86,0.344,23,5.09,34.16,4.02,26.6,Manganese-bearing
2023-09,MOIL-Mine-04,135444.46,99554.99,11,83.06,15.14,65.99,28.62,0.365,24,4.7,34.7,4.13,27.58,Banded formation
2023-10,MOIL-Mine-04,135170.08,101140.56,10,86.37,22.19,29.26,27.6,0.273,28,4.8,33.25,4.77,24.49,Manganese-bearing
2023-11,MOIL-Mine-04,131812.3,115772.94,10,88.13,20.64,12.86,25.18,0.179,24,2.17,32.42,4.73,24.35,Manganese-bearing
2023-12,MOIL-Mine-04,133506.1,97345.55,11,81.45,21.43,12.21,19.09,0.276,24,3.8,33.94,3.89,29.73,Metamorphic
2024-01,MOIL-Mine-04,135197.31,107624.66,12,78.9,10.01,39.01,22.76,0.239,30,4.52,33.71,5.57,21.41,Banded formation
2024-02,MOIL-Mine-04,133364.47,106192.63,11,81.7,20.99,12.43,21.09,0.16,17,1.41,32.34,4.26,24.18,Banded formation
2024-03,MOIL-Mine-04,136585.57,102646.51,10,88.28,13.8,51.89,29.35,0.286,24,3.94,31.81,4.48,27.54,Banded formation
2024-04,MOIL-Mine-04,140567.28,100297.56,12,81.06,17.97,29.71,29.79,0.219,31,3.19,31.66,4.58,27.34,Laterite
2024-05,MOIL-Mine-04,132873.82,118333.52,12,83.47,19.93,6.88,32.63,0.218,26,2.5,38.25,4.59,29.64,Manganese-bearing
2024-06,MOIL-Mine-04,133841.86,88808.52,11,77.54,14.49,99.44,29.4,0.333,31,4.77,34.59,4.43,28.89,Manganese-bearing
2024-07,MOIL-Mine-04,133605.91,73483.25,10,72.3,30.99,65.4,31.02,0.339,22,5.47,31.97,3.8,29.54,Laterite
2024-08,MOIL-Mine-04,138182.15,78797.8,11,76.64,23.96,108.97,27.02,0.389,29,6.26,34.22,4.47,26.94,Metamorphic
2024-09,MOIL-Mine-04,137001.25,83486.96,11,75.21,18.82,111.07,28.22,0.416,27,6.66,36.88,4.54,28.31,Metamorphic
2024-10,MOIL-Mine-04,129092.28,103426.61,12,84.81,19.84,7.66,29.14,0.238,29,1.87,33.13,4.0,29.44,Metamorphic
2024-11,MOIL-Mine-04,139256.95,104305.56,10,79.47,14.63,18.71,25.37,0.246,19,2.81,33.45,4.79,28.23,Laterite
2024-12,MOIL-Mine-04,135945.51,102801.46,11,82.77,15.88,25.31,20.54,0.199,26,3.22,34.05,4.67,23.7,Laterite
2025-01,MOIL-Mine-04,138049.48,110815.18,12,84.25,7.2,17.18,26.31,0.238,23,3.95,34.06,4.01,26.99,Metamorphic
2025-02,MOIL-Mine-04,140779.8,104044.93,10,81.32,23.24,54.11,22.99,0.3,28,4.41,35.88,4.02,22.06,Manganese-bearing
2025-03,MOIL-Mine-04,138445.62,106625.75,12,75.11,21.71,30.33,28.12,0.222,21,3.78,35.42,4.65,28.2,Manganese-bearing
2025-04,MOIL-Mine-04,135611.86,89889.17,11,77.31,18.4,26.92,30.43,0.216,22,3.97,34.35,3.82,27.95,Laterite
2025-05,MOIL-Mine-04,143321.06,106640.82,10,80.09,17.61,21.48,36.68,0.228,34,3.1,31.86,3.97,28.34,Metamorphic
2025-06,MOIL-Mine-04,141926.67,85764.68,12,89.12,25.72,85.48,30.41,0.376,27,5.67,33.58,4.37,29.05,Laterite
2025-07,MOIL-Mine-04,143136.66,85595.96,13,76.62,13.92,100.26,27.23,0.417,28,5.98,34.14,4.8,29.67,Laterite
2025-08,MOIL-Mine-04,134224.94,74911.63,11,75.22,10.31,170.95,28.73,0.508,18,7.59,33.25,4.28,30.18,Manganese-bearing
2025-09,MOIL-Mine-04,138964.54,86973.95,10,78.7,19.15,53.87,29.35,0.259,30,5.24,32.88,4.18,23.97,Laterite
2025-10,MOIL-Mine-04,138704.68,108602.69,11,78.73,15.65,27.18,28.34,0.221,24,2.74,30.66,4.7,28.2,Manganese-bearing
2025-11,MOIL-Mine-04,134828.5,109130.76,9,79.01,15.62,17.95,27.02,0.181,25,3.81,34.65,4.78,24.7,Manganese-bearing
2025-12,MOIL-Mine-04,133067.51,103901.59,10,90.0,15.45,19.23,22.69,0.252,32,3.69,32.52,3.76,26.75,Banded formation
2021-01,MOIL-Mine-05,72042.41,53093.69,13,80.72,16.88,21.82,21.27,0.2,30,3.77,31.59,4.84,30.79,Banded formation
2021-02,MOIL-Mine-05,70160.89,55188.97,12,84.79,9.4,33.76,26.74,0.237,21,3.4,31.54,4.71,26.04,Metamorphic
2021-03,MOIL-Mine-05,67627.33,46883.34,12,81.51,17.14,30.29,27.57,0.249,28,4.3,33.7,4.46,28.74,Laterite
2021-04,MOIL-Mine-05,71716.07,59736.71,11,90.91,22.65,7.78,33.11,0.192,23,2.9,36.32,4.26,32.2,Manganese-bearing
2021-05,MOIL-Mine-05,69386.69,47660.68,11,86.28,20.05,42.83,31.82,0.299,27,4.27,32.37,5.1,25.62,Laterite
2021-06,MOIL-Mine-05,70702.78,38886.53,12,70.06,26.55,212.72,32.87,0.513,26,9.44,33.7,4.33,26.85,Manganese-bearing
2021-07,MOIL-Mine-05,67934.01,51206.37,11,81.6,23.09,9.76,26.27,0.169,18,2.95,31.42,4.93,28.95,Metamorphic
2021-08,MOIL-Mine-05,69820.13,53472.57,10,86.39,11.87,57.1,25.32,0.333,26,4.55,33.44,5.09,29.82,Manganese-bearing
2021-09,MOIL-Mine-05,69187.52,43204.94,10,79.85,17.89,80.53,29.68,0.334,27,6.59,31.32,4.92,30.77,Manganese-bearing
2021-10,MOIL-Mine-05,69272.5,51130.95,11,76.04,21.13,18.12,28.88,0.198,23,3.73,33.33,4.6,32.22,Manganese-bearing
2021-11,MOIL-Mine-05,70274.08,44382.02,11,76.83,23.19,44.45,24.45,0.337,29,3.86,32.47,4.48,31.82,Laterite
2021-12,MOIL-Mine-05,69388.34,49197.81,13,78.81,25.65,20.32,21.07,0.204,27,3.5,29.83,4.81,26.3,Manganese-bearing
2022-01,MOIL-Mine-05,69652.03,54753.1,11,84.96,22.27,8.23,21.17,0.248,25,2.08,30.05,4.12,27.53,Manganese-bearing
2022-02,MOIL-Mine-05,71370.03,59978.2,13,82.91,12.77,15.63,27.73,0.234,23,3.08,34.18,4.28,25.85,Manganese-bearing
2022-03,MOIL-Mine-05,72473.76,45045.98,10,77.92,26.62,18.32,25.76,0.19,29,4.3,31.71,4.7,28.71,Laterite
2022-04,MOIL-Mine-05,71760.02,55253.35,12,89.21,24.96,5.15,30.51,0.17,25,4.48,33.86,3.98,25.99,Manganese-bearing
2022-05,MOIL-Mine-05,71817.78,53361.78,13,81.99,22.88,5.99,31.02,0.197,25,2.44,33.41,5.06,29.29,Laterite
2022-06,MOIL-Mine-05,71848.57,41563.47,11,78.39,25.44,120.91,33.91,0.405,23,6.07,32.35,4.96,28.63,Manganese-bearing
2022-07,MOIL-Mine-05,70697.16,51891.56,13,74.17,15.06,44.91,27.15,0.244,23,2.9,31.45,4.53,30.36,Manganese-bearing
2022-08,MOIL-Mine-05,71379.53,46312.73,12,78.95,31.79,89.32,28.69,0.406,24,4.01,32.48,4.65,26.44,Manganese-bearing
2022-09,MOIL-Mine-05,69965.41,38480.98,13,72.88,17.88,131.64,28.87,0.449,22,8.53,33.12,5.04,31.57,Manganese-bearing
2022-10,MOIL-Mine-05,68431.47,51207.89,11,85.52,19.2,15.13,29.82,0.261,24,1.85,32.61,4.13,28.71,Laterite
2022-11,MOIL-Mine-05,74051.23,60435.55,12,85.65,13.42,4.18,24.97,0.187,32,3.83,33.65,4.65,34.17,Manganese-bearing
2022-12,MOIL-Mine-05,73172.43,59508.87,13,83.36,11.61,14.25,25.36,0.233,24,2.9,31.34,4.43,30.31,Manganese-bearing
2023-01,MOIL-Mine-05,72969.5,54428.25,12,83.06,18.24,21.38,19.61,0.231,23,2.04,33.21,4.3,29.68,Laterite
2023-02,MOIL-Mine-05,72691.94,49082.78,13,83.98,18.3,30.27,24.17,0.304,26,3.41,31.51,4.87,32.21,Laterite
2023-03,MOIL-Mine-05,72275.99,57936.49,11,80.97,5.0,26.09,28.66,0.219,21,3.56,32.01,4.45,23.27,Banded formation
2023-04,MOIL-Mine-05,71506.53,59471.45,10,88.42,16.55,20.75,32.53,0.202,25,2.56,33.45,4.18,26.93,Manganese-bearing
2023-05,MOIL-Mine-05,75011.29,57340.03,13,79.81,24.1,37.28,34.92,0.262,26,2.72,34.59,5.22,32.06,Manganese-bearing
2023-06,MOIL-Mine-05,73340.59,46269.84,12,76.14,16.72,72.5,31.26,0.328,27,4.28,33.13,4.43,29.51,Laterite
2023-07,MOIL-Mine-05,69448.51,55434.74,12,84.21,14.2,41.19,29.36,0.304,24,2.93,32.79,5.09,28.63,Manganese-bearing
2023-08,MOIL-Mine-05,73545.69,46127.54,13,82.46,24.97,73.26,25.25,0.427,24,3.89,33.77,4.44,28.46,Laterite
2023-09,MOIL-Mine-05,71693.98,44543.16,12,71.7,20.56,101.9,31.95,0.351,25,5.06,33.5,5.07,30.3,Banded formation
2023-10,MOIL-Mine-05,69784.65,48907.24,11,77.02,15.41,38.33,30.11,0.306,29,3.58,34.44,5.26,27.7,Laterite
2023-11,MOIL-Mine-05,74962.53,61049.87,12,75.4,15.63,11.42,23.52,0.178,20,1.91,30.52,4.58,27.67,Manganese-bearing
2023-12,MOIL-Mine-05,69065.55,48001.69,10,75.08,24.92,31.3,19.17,0.248,21,2.48,32.04,3.79,29.21,Manganese-bearing
2024-01,MOIL-Mine-05,75858.57,61317.27,11,81.01,10.54,24.2,21.64,0.249,26,4.1,33.09,4.62,25.62,Manganese-bearing
2024-02,MOIL-Mine-05,75620.35,57151.47,13,81.9,19.33,13.93,24.62,0.221,19,3.91,35.75,4.4,29.79,Metamorphic
2024-03,MOIL-Mine-05,73761.14,55040.51,12,88.06,21.39,32.53,28.2,0.338,30,2.98,32.1,5.14,29.91,Metamorphic
2024-04,MOIL-Mine-05,74620.8,51007.81,11,86.58,24.59,61.06,31.57,0.267,29,5.55,32.7,5.25,32.79,Manganese-bearing
2024-05,MOIL-Mine-05,75156.43,54192.36,13,86.96,25.52,18.81,32.48,0.234,26,3.36,31.07,4.65,32.17,Metamorphic
2024-06,MOIL-Mine-05,74140.48,44416.17,13,83.68,24.52,86.35,29.48,0.352,27,6.42,33.29,5.41,28.39,Laterite
2024-07,MOIL-Mine-05,76589.64,47023.11,12,77.55,15.79,108.44,29.89,0.35,27,6.2,33.4,4.59,29.08,Manganese-bearing
2024-08,MOIL-Mine-05,73809.75,47249.74,12,78.89,19.19,87.43,27.27,0.366,33,6.48,35.0,4.47,27.15,Banded formation
2024-09,MOIL-Mine-05,72842.65,40572.14,12,71.91,27.47,111.66,27.91,0.41,25,6.3,30.91,4.46,24.78,Metamorphic
2024-10,MOIL-Mine-05,72247.98,52688.89,11,76.87,21.54,29.4,27.73,0.246,20,3.88,31.84,4.7,24.53,Manganese-bearing
2024-11,MOIL-Mine-05,71818.17,51959.79,13,75.67,10.66,27.43,25.05,0.236,21,2.65,33.05,4.08,26.22,Laterite
2024-12,MOIL-Mine-05,72845.25,52659.83,12,84.32,23.47,35.13,21.29,0.291,23,4.23,34.3,4.59,33.34,Manganese-bearing
2025-01,MOIL-Mine-05,73822.3,58985.64,12,83.22,7.96,13.74,20.84,0.236,27,3.61,32.51,4.43,28.55,Manganese-bearing
2025-02,MOIL-Mine-05,74432.45,56843.24,10,80.24,23.87,32.33,23.7,0.269,29,2.74,32.08,5.82,26.39,Manganese-bearing
2025-03,MOIL-Mine-05,74760.82,66823.5,12,89.16,9.01,1.84,28.03,0.2,28,2.56,33.64,4.96,28.52,Manganese-bearing
2025-04,MOIL-Mine-05,78158.23,64075.55,11,88.32,18.54,3.57,39.03,0.158,18,2.25,35.64,4.26,30.51,Laterite
2025-05,MOIL-Mine-05,77217.75,60471.42,13,82.13,21.97,2.17,36.62,0.181,23,0.92,32.53,4.61,30.17,Laterite
2025-06,MOIL-Mine-05,75328.44,52039.93,11,79.92,14.69,70.99,28.65,0.359,25,3.81,31.96,4.89,28.63,Banded formation
2025-07,MOIL-Mine-05,76944.25,51648.52,13,78.37,24.81,67.67,30.3,0.373,20,3.86,32.37,5.31,31.67,Banded formation
2025-08,MOIL-Mine-05,76565.84,44396.3,13,80.25,21.26,125.57,30.0,0.398,23,6.36,31.19,4.4,28.24,Manganese-bearing
2025-09,MOIL-Mine-05,76458.8,51298.92,13,81.36,19.77,81.9,30.33,0.389,33,5.69,32.39,4.97,29.05,Manganese-bearing
2025-10,MOIL-Mine-05,74539.46,51048.53,12,76.46,28.67,22.22,27.52,0.256,29,3.44,33.05,4.59,29.36,Banded formation
2025-11,MOIL-Mine-05,74970.17,58875.22,11,84.74,17.77,4.14,24.83,0.197,20,4.39,33.11,5.03,24.82,Manganese-bearing
2025-12,MOIL-Mine-05,76181.81,61181.79,14,85.92,20.29,25.7,20.2,0.217,19,2.86,31.2,5.19,30.34,Manganese-bearing
2021-01,MOIL-Mine-06,95826.8,68818.92,11,75.06,26.07,74.02,21.03,0.379,24,4.43,33.78,4.53,30.92,Manganese-bearing
2021-02,MOIL-Mine-06,94475.89,78566.93,9,83.68,16.49,22.18,23.01,0.181,27,3.69,32.0,4.78,28.8,Manganese-bearing
2021-03,MOIL-Mine-06,99136.32,90733.19,11,87.75,13.22,5.62,27.21,0.215,28,3.08,30.92,5.22,28.92,Manganese-bearing
2021-04,MOIL-Mine-06,92201.12,67562.65,11,86.97,24.5,14.05,31.47,0.265,28,3.31,31.66,4.12,28.45,Laterite
2021-05,MOIL-Mine-06,93776.06,79729.22,10,83.07,23.17,16.42,35.14,0.197,31,2.49,31.83,5.15,28.1,Banded formation
2021-06,MOIL-Mine-06,94623.93,58627.98,10,73.19,27.35,77.12,33.15,0.354,28,6.31,32.85,4.93,26.69,Metamorphic
2021-07,MOIL-Mine-06,97393.7,63637.86,11,74.33,27.36,92.35,29.61,0.387,19,5.72,33.16,3.95,25.89,Manganese-bearing
2021-08,MOIL-Mine-06,95299.81,65233.3,10,79.96,16.41,68.41,29.96,0.344,31,5.15,31.14,4.02,28.2,Manganese-bearing
2021-09,MOIL-Mine-06,95792.84,76803.39,13,75.59,9.46,61.04,25.56,0.263,24,3.57,32.31,4.19,29.64,Manganese-bearing
2021-10,MOIL-Mine-06,94034.41,87325.96,10,86.51,12.62,1.55,29.18,0.195,13,3.25,33.12,5.24,27.47,Manganese-bearing
2021-11,MOIL-Mine-06,93808.34,85553.26,11,78.07,12.01,10.51,23.84,0.204,30,2.52,35.22,4.42,28.24,Manganese-bearing
2021-12,MOIL-Mine-06,93792.11,71978.22,13,87.05,23.27,34.15,20.61,0.233,35,5.1,31.17,5.57,30.25,Banded formation
2022-01,MOIL-Mine-06,94620.32,78713.9,11,76.54,20.86,26.92,21.85,0.215,25,2.99,33.47,4.69,24.39,Manganese-bearing
2022-02,MOIL-Mine-06,96239.66,73363.97,9,84.24,16.18,41.11,20.68,0.208,31,4.4,30.34,5.16,28.23,Manganese-bearing
2022-03,MOIL-Mine-06,97916.37,82115.28,11,81.83,18.15,18.8,25.44,0.211,28,3.39,32.63,5.29,30.1,Manganese-bearing
2022-04,MOIL-Mine-06,92988.14,78737.17,12,84.96,13.5,15.2,31.01,0.255,27,2.9,33.03,4.74,29.38,Laterite
2022-05,MOIL-Mine-06,94230.79,79392.67,12,83.91,28.58,1.6,37.94,0.216,26,2.02,29.63,4.76,28.19,Manganese-bearing
2022-06,MOIL-Mine-06,98209.53,65445.76,12,74.67,30.86,62.38,31.12,0.273,27,4.66,31.46,4.54,30.37,Manganese-bearing
2022-07,MOIL-Mine-06,97819.32,72556.93,12,71.49,25.06,45.23,32.6,0.354,31,3.83,32.93,4.69,30.73,Manganese-bearing
2022-08,MOIL-Mine-06,97921.93,76332.73,12,79.62,23.19,35.93,25.12,0.255,24,4.49,33.94,5.19,26.83,Manganese-bearing
2022-09,MOIL-Mine-06,94976.73,58044.29,14,71.46,20.37,134.27,29.19,0.4,30,7.44,33.47,5.0,30.02,Manganese-bearing
2022-10,MOIL-Mine-06,98427.8,85718.84,11,88.77,22.42,6.8,27.39,0.236,23,2.7,32.88,4.26,29.56,Manganese-bearing
2022-11,MOIL-Mine-06,92429.1,72965.03,9,81.45,11.36,13.89,26.58,0.184,35,3.81,31.06,4.58,29.85,Metamorphic
2022-12,MOIL-Mine-06,97349.84,73871.03,11,81.55,25.0,7.6,21.28,0.136,19,3.92,34.26,5.02,29.79,Laterite
2023-01,MOIL-Mine-06,95673.64,73050.26,11,80.78,23.57,5.49,22.17,0.171,33,3.67,30.8,5.06,25.42,Metamorphic
2023-02,MOIL-Mine-06,102842.83,79794.04,11,82.82,15.24,45.04,25.77,0.295,19,4.58,33.64,4.53,29.99,Metamorphic
2023-03,MOIL-Mine-06,98291.62,67875.96,11,77.04,27.25,37.68,26.73,0.241,18,4.6,29.99,5.18,31.09,Metamorphic
2023-04,MOIL-Mine-06,98410.05,77309.67,10,76.61,25.62,29.34,27.46,0.199,26,3.75,32.97,5.78,27.59,Metamorphic
2023-05,MOIL-Mine-06,101382.87,80577.84,11,77.82,21.72,1.42,37.38,0.231,24,3.02,31.86,5.03,29.6,Metamorphic
2023-06,MOIL-Mine-06,99636.84,72443.34,13,78.25,17.31,100.4,33.71,0.347,27,4.27,33.16,4.87,31.11,Manganese-bearing
2023-07,MOIL-Mine-06,98894.95,60924.19,10,72.46,25.62,97.87,28.84,0.34,21,5.96,30.82,5.12,24.96,Metamorphic
2023-08,MOIL-Mine-06,100809.65,55445.31,11,75.71,32.83,142.39,28.45,0.473,23,7.71,33.11,4.18,24.2,Manganese-bearing
2023-09,MOIL-Mine-06,96561.3,71662.41,12,80.68,22.82,46.57,27.05,0.304,21,3.08,33.2,5.03,30.96,Laterite
2023-10,MOIL-Mine-06,96016.12,77324.05,12,79.59,24.33,11.36,27.95,0.167,31,3.56,30.34,5.11,27.46,Manganese-bearing
2023-11,MOIL-Mine-06,99753.39,74221.16,12,83.52,19.43,25.62,26.2,0.243,19,3.82,29.15,4.66,24.26,Metamorphic
2023-12,MOIL-Mine-06,99114.42,86306.76,11,81.99,15.82,15.98,20.13,0.189,21,2.03,34.59,3.92,30.94,Metamorphic
2024-01,MOIL-Mine-06,100363.39,66173.11,11,73.5,31.54,49.08,20.66,0.228,24,5.38,30.92,4.17,25.6,Metamorphic
2024-02,MOIL-Mine-06,99624.62,86663.22,12,89.36,17.98,11.14,25.79,0.176,24,4.55,33.2,4.77,28.15,Manganese-bearing
2024-03,MOIL-Mine-06,96701.19,79051.88,10,82.63,23.85,22.96,26.55,0.256,23,3.02,32.96,4.91,31.13,Manganese-bearing
2024-04,MOIL-Mine-06,102907.03,83528.62,11,85.55,23.17,22.15,32.09,0.2,29,4.52,33.36,4.62,26.43,Manganese-bearing
2024-05,MOIL-Mine-06,101960.03,79541.47,12,82.93,30.17,5.64,32.89,0.219,19,3.66,30.56,4.62,27.65,Manganese-bearing
2024-06,MOIL-Mine-06,100682.0,68415.2,12,81.78,16.23,72.63,29.1,0.281,23,5.88,30.89,4.76,27.02,Metamorphic
2024-07,MOIL-Mine-06,99591.38,65182.7,11,81.23,26.94,86.13,28.26,0.381,19,5.79,32.08,4.39,25.8,Banded formation
2024-08,MOIL-Mine-06,100786.83,55432.76,11,62.69,44.29,203.07,32.2,0.567,24,9.1,35.97,4.72,27.93,Manganese-bearing
2024-09,MOIL-Mine-06,101778.67,63552.94,12,78.04,30.7,101.02,26.97,0.391,36,7.31,30.52,4.72,24.32,Manganese-bearing
2024-10,MOIL-Mine-06,101985.42,71461.95,11,82.37,25.02,43.16,29.55,0.267,26,5.21,29.33,4.72,29.38,Metamorphic
2024-11,MOIL-Mine-06,98978.32,87396.46,10,91.51,31.56,7.67,22.58,0.232,36,1.94,35.61,5.87,29.35,Metamorphic
2024-12,MOIL-Mine-06,103583.86,83758.98,12,82.56,26.02,29.61,24.23,0.218,29,3.54,33.35,5.06,28.75,Manganese-bearing
2025-01,MOIL-Mine-06,101663.54,70541.39,10,81.62,21.9,27.31,22.83,0.219,20,3.96,31.09,4.71,31.13,Laterite
2025-02,MOIL-Mine-06,100506.6,76774.74,11,83.12,24.89,18.89,22.92,0.262,26,3.92,30.3,4.28,27.04,Manganese-bearing
2025-03,MOIL-Mine-06,100329.94,72370.66,11,79.17,28.02,34.26,30.36,0.231,23,4.51,32.13,5.03,28.48,Metamorphic
2025-04,MOIL-Mine-06,101605.41,82389.16,11,84.42,14.46,8.0,26.0,0.174,17,1.02,28.23,4.98,28.76,Laterite
2025-05,MOIL-Mine-06,101564.69,83391.27,11,84.32,14.84,2.53,33.84,0.182,20,1.64,31.79,4.8,31.91,Laterite
2025-06,MOIL-Mine-06,102661.42,74071.7,9,74.04,25.53,49.1,29.96,0.298,24,3.59,31.08,5.23,29.69,Manganese-bearing
2025-07,MOIL-Mine-06,103134.08,80807.4,10,83.34,17.21,43.46,28.46,0.242,27,4.2,30.37,4.69,23.34,Manganese-bearing
2025-08,MOIL-Mine-06,103771.26,74846.27,10,77.83,16.11,47.19,28.21,0.303,19,5.06,30.97,4.4,30.04,Manganese-bearing
2025-09,MOIL-Mine-06,98126.38,53969.51,10,61.15,26.49,206.57,26.58,0.556,28,8.28,31.81,5.04,26.33,Manganese-bearing
2025-10,MOIL-Mine-06,100980.19,80556.24,11,83.72,22.74,21.2,30.2,0.23,22,2.97,31.64,4.59,28.8,Banded formation
2025-11,MOIL-Mine-06,98268.58,68507.23,11,82.59,26.1,47.15,25.4,0.24,20,4.52,34.65,4.56,30.35,Laterite
2025-12,MOIL-Mine-06,103452.83,72113.16,10,80.61,19.21,51.41,20.56,0.265,25,3.26,28.7,5.17,28.24,Laterite
2021-01,MOIL-Mine-07,109335.06,95338.57,11,84.95,13.16,12.85,19.23,0.208,22,2.48,30.76,4.69,26.56,Manganese-bearing
2021-02,MOIL-Mine-07,112380.37,68280.36,14,69.8,32.64,59.37,25.01,0.338,27,5.54,31.65,4.64,32.79,Banded formation
2021-03,MOIL-Mine-07,115007.1,107803.92,13,82.72,10.65,6.35,30.72,0.191,27,1.66,33.11,4.62,30.84,Manganese-bearing
2021-04,MOIL-Mine-07,115382.67,87936.72,12,86.12,28.46,33.36,29.27,0.223,32,4.18,33.39,5.0,27.49,Manganese-bearing
2021-05,MOIL-Mine-07,114994.17,81056.45,13,80.45,25.3,58.01,36.47,0.29,28,5.44,33.02,4.52,24.05,Manganese-bearing
2021-06,MOIL-Mine-07,112764.92,62020.7,13,68.63,33.08,135.65,34.3,0.457,21,7.26,32.6,5.17,30.39,Metamorphic
2021-07,MOIL-Mine-07,113518.34,73087.81,11,75.69,29.05,35.84,25.41,0.193,19,4.55,29.1,5.03,25.58,Banded formation
2021-08,MOIL-Mine-07,115280.77,83186.49,11,77.16,21.29,68.45,28.65,0.317,23,4.89,32.9,5.34,24.66,Manganese-bearing
2021-09,MOIL-Mine-07,114041.39,88184.96,12,87.45,28.29,34.92,28.91,0.205,25,3.76,32.59,5.22,26.36,Manganese-bearing
2021-10,MOIL-Mine-07,113669.49,98904.06,10,84.07,11.36,3.06,29.84,0.239,29,2.14,32.32,4.57,22.22,Metamorphic
2021-11,MOIL-Mine-07,115761.41,95824.91,13,88.36,13.64,7.1,22.75,0.206,29,3.73,31.69,5.42,31.43,Metamorphic
2021-12,MOIL-Mine-07,115423.07,71663.39,12,80.63,23.08,109.61,19.28,0.427,27,7.09,33.59,5.03,27.89,Manganese-bearing
2022-01,MOIL-Mine-07,117456.7,88721.67,13,84.17,24.05,8.78,19.23,0.193,24,3.97,28.99,4.97,30.83,Manganese-bearing
2022-02,MOIL-Mine-07,116163.14,90734.77,11,84.37,27.35,14.55,23.35,0.265,29,4.24,32.39,5.4,26.41,Manganese-bearing
2022-03,MOIL-Mine-07,115916.55,95779.68,10,83.4,17.56,10.76,26.35,0.24,25,2.51,34.05,4.89,28.7,Metamorphic
2022-04,MOIL-Mine-07,113422.46,99826.83,10,93.72,16.4,8.77,34.12,0.196,19,2.58,32.7,4.85,29.95,Manganese-bearing
2022-05,MOIL-Mine-07,120936.27,85601.95,12,79.26,34.12,45.66,31.49,0.221,23,3.38,32.02,5.15,29.46,Manganese-bearing
2022-06,MOIL-Mine-07,117773.0,80080.27,10,78.81,15.29,75.82,33.52,0.286,30,5.96,34.24,4.43,26.44,Manganese-bearing
2022-07,MOIL-Mine-07,115560.72,92447.52,12,78.48,18.02,18.36,27.59,0.24,23,3.88,33.58,5.71,25.45,Banded formation
2022-08,MOIL-Mine-07,120388.43,85236.81,10,87.96,20.78,72.76,27.19,0.317,20,4.73,32.25,4.92,29.15,Manganese-bearing
2022-09,MOIL-Mine-07,117287.67,70310.08,12,73.72,22.48,135.15,31.64,0.457,33,5.87,32.27,4.83,24.75,Banded formation
2022-10,MOIL-Mine-07,118101.94,107407.38,12,80.2,5.39,12.39,32.24,0.277,22,2.08,29.22,5.0,22.9,Manganese-bearing
2022-11,MOIL-Mine-07,120184.62,86125.5,12,80.08,26.73,22.01,24.7,0.249,26,2.67,33.05,4.88,30.71,Laterite
2022-12,MOIL-Mine-07,118735.49,97326.88,12,82.01,19.16,10.06,21.29,0.136,19,2.72,28.62,5.28,23.65,Manganese-bearing
2023-01,MOIL-Mine-07,121795.97,89810.3,11,84.87,24.05,60.0,21.83,0.277,30,4.39,32.37,5.05,26.49,Manganese-bearing
2023-02,MOIL-Mine-07,117728.21,91940.71,10,89.18,20.94,5.32,22.61,0.249,29,2.64,32.12,4.85,29.15,Laterite
2023-03,MOIL-Mine-07,114851.3,87630.05,12,75.87,11.67,58.61,27.77,0.274,19,3.67,31.71,4.84,27.55,Manganese-bearing
2023-04,MOIL-Mine-07,120805.06,95907.74,12,77.16,22.11,11.52,29.79,0.235,32,3.71,31.79,5.24,29.76,Manganese-bearing
2023-05,MOIL-Mine-07,118539.92,87200.84,13,71.05,16.81,55.18,38.38,0.209,23,3.45,31.73,5.66,33.28,Banded formation
2023-06,MOIL-Mine-07,116913.96,83968.41,12,82.81,28.33,21.73,30.61,0.216,23,4.59,30.05,5.2,24.36,Manganese-bearing
2023-07,MOIL-Mine-07,123063.87,88676.15,13,86.4,20.84,54.11,29.5,0.282,25,5.8,32.48,5.04,26.93,Manganese-bearing
2023-08,MOIL-Mine-07,116293.01,68630.74,11,71.1,26.38,82.68,23.89,0.364,28,6.0,32.38,4.62,27.19,Banded formation
2023-09,MOIL-Mine-07,121594.22,82352.56,14,76.8,28.57,52.9,29.17,0.292,27,3.79,31.07,4.4,31.28,Metamorphic
2023-10,MOIL-Mine-07,117648.74,103396.24,12,79.94,12.11,12.23,31.46,0.172,26,2.11,32.37,5.26,28.9,Banded formation
2023-11,MOIL-Mine-07,117553.55,89961.2,12,78.47,24.52,26.27,25.41,0.228,27,2.2,32.63,4.96,24.0,Metamorphic
2023-12,MOIL-Mine-07,116177.28,95684.27,12,83.14,16.68,5.74,24.37,0.204,23,2.13,31.78,4.89,31.85,Metamorphic
2024-01,MOIL-Mine-07,118724.61,85377.38,10,77.06,24.03,57.24,21.31,0.31,30,4.86,32.64,4.9,25.42,Manganese-bearing
2024-02,MOIL-Mine-07,125378.48,108252.54,10,79.02,12.03,27.56,23.4,0.249,25,2.62,36.15,4.33,23.33,Banded formation
2024-03,MOIL-Mine-07,119954.31,91194.16,14,84.63,28.71,16.35,26.4,0.238,28,3.14,32.95,5.59,28.88,Metamorphic
2024-04,MOIL-Mine-07,122999.49,92142.7,13,81.76,15.42,44.41,35.32,0.33,27,4.35,31.66,5.21,26.4,Metamorphic
2024-05,MOIL-Mine-07,121162.0,94277.95,11,76.3,18.09,26.47,33.89,0.273,23,3.85,31.92,5.28,28.72,Manganese-bearing
2024-06,MOIL-Mine-07,118310.55,87929.71,11,79.48,18.48,51.82,28.27,0.284,20,5.93,33.98,4.78,23.99,Manganese-bearing
2024-07,MOIL-Mine-07,120803.44,69103.08,10,69.11,22.52,131.17,24.73,0.425,28,7.27,31.09,5.01,32.57,Manganese-bearing
2024-08,MOIL-Mine-07,123997.56,84995.71,14,81.92,13.36,102.03,24.82,0.418,26,5.22,32.14,4.57,29.45,Manganese-bearing
2024-09,MOIL-Mine-07,118629.66,69311.58,13,74.43,30.5,124.99,31.32,0.383,26,6.28,31.38,5.23,25.14,Manganese-bearing
2024-10,MOIL-Mine-07,121383.78,101005.39,13,85.36,20.62,27.5,23.53,0.271,30,2.33,32.34,4.76,30.67,Manganese-bearing
2024-11,MOIL-Mine-07,119903.91,92501.29,12,79.08,18.42,10.12,25.1,0.197,26,3.59,31.13,5.76,32.45,Manganese-bearing
2024-12,MOIL-Mine-07,121308.46,80313.86,12,83.52,18.48,56.86,23.59,0.286,15,4.27,30.75,4.89,26.99,Laterite
2025-01,MOIL-Mine-07,119700.31,102502.95,14,83.72,17.76,26.61,21.05,0.206,30,2.55,32.54,5.22,29.74,Manganese-bearing
2025-02,MOIL-Mine-07,119876.23,93478.16,12,78.06,21.39,14.38,23.63,0.263,21,4.61,32.08,5.57,26.32,Manganese-bearing
2025-03,MOIL-Mine-07,124455.16,91446.13,13,85.77,14.51,18.1,25.49,0.18,33,3.15,29.12,4.85,27.1,Laterite
2025-04,MOIL-Mine-07,123112.35,95293.09,11,86.25,23.71,15.15,33.69,0.22,21,2.73,32.77,4.73,32.47,Metamorphic
2025-05,MOIL-Mine-07,119704.64,95373.85,12,86.6,18.14,10.21,32.82,0.214,25,3.8,32.34,4.49,27.03,Metamorphic
2025-06,MOIL-Mine-07,123561.12,72361.04,14,77.5,34.42,95.53,30.8,0.403,23,5.89,31.02,5.05,25.59,Manganese-bearing
2025-07,MOIL-Mine-07,120861.78,72418.63,11,73.58,39.81,76.96,33.51,0.321,31,5.74,35.53,5.16,28.67,Banded formation
2025-08,MOIL-Mine-07,121108.74,87522.04,14,80.37,15.81,75.95,29.33,0.277,21,5.04,31.52,5.29,27.55,Manganese-bearing
2025-09,MOIL-Mine-07,121671.91,83690.07,12,84.03,19.23,49.45,28.74,0.234,29,3.57,31.02,4.74,29.07,Laterite
2025-10,MOIL-Mine-07,122669.57,96754.12,13,81.28,13.34,42.8,30.01,0.238,24,5.27,32.06,5.01,25.41,Manganese-bearing
2025-11,MOIL-Mine-07,120453.09,101103.99,11,86.58,10.23,3.32,22.54,0.241,21,2.81,29.08,4.58,30.05,Manganese-bearing
2025-12,MOIL-Mine-07,126647.3,116997.8,11,82.21,5.06,4.93,20.64,0.17,32,1.85,30.45,5.56,29.93,Manganese-bearing
2021-01,MOIL-Mine-08,109648.29,84852.87,10,84.24,20.95,16.52,23.79,0.18,22,2.48,31.71,4.53,30.98,Metamorphic
2021-02,MOIL-Mine-08,113598.15,78094.67,11,84.04,26.7,18.23,26.61,0.232,31,3.73,29.78,3.87,31.23,Manganese-bearing
2021-03,MOIL-Mine-08,111970.79,85288.24,10,76.67,8.83,6.49,27.9,0.152,26,3.29,29.35,4.36,30.33,Banded formation
2021-04,MOIL-Mine-08,112305.98,84742.09,10,82.8,11.26,14.08,28.19,0.181,24,2.21,29.6,4.65,32.43,Banded formation
2021-05,MOIL-Mine-08,112102.62,84560.9,10,82.93,9.07,8.08,34.96,0.198,31,3.38,28.55,4.73,32.33,Metamorphic
2021-06,MOIL-Mine-08,112491.0,61991.09,10,73.05,18.47,96.03,28.68,0.393,23,6.23,27.26,4.42,34.87,Manganese-bearing
2021-07,MOIL-Mine-08,111133.54,71194.93,10,82.7,17.4,61.84,29.8,0.285,27,3.72,28.06,3.76,32.91,Banded formation
2021-08,MOIL-Mine-08,108144.09,67506.2,11,78.86,25.26,60.61,28.48,0.373,26,5.0,28.76,5.11,31.17,Manganese-bearing
2021-09,MOIL-Mine-08,114125.6,74372.79,12,76.66,26.84,48.56,28.07,0.235,24,4.15,30.23,4.34,33.61,Manganese-bearing
2021-10,MOIL-Mine-08,110345.82,76673.83,9,75.9,21.51,33.71,24.96,0.25,20,2.45,28.36,4.28,32.31,Manganese-bearing
2021-11,MOIL-Mine-08,108095.34,74584.5,10,82.87,27.76,10.57,25.29,0.217,31,3.17,28.94,3.83,34.82,Manganese-bearing
2021-12,MOIL-Mine-08,103815.71,76642.51,9,84.0,20.72,15.66,24.7,0.208,29,2.74,30.12,4.82,32.73,Banded formation
2022-01,MOIL-Mine-08,110447.78,77341.09,11,77.09,18.66,33.42,22.59,0.219,22,3.32,30.14,4.55,30.68,Metamorphic
2022-02,MOIL-Mine-08,111524.99,82909.94,10,84.41,10.17,17.59,23.21,0.201,34,4.48,32.57,3.97,35.78,Manganese-bearing
2022-03,MOIL-Mine-08,111018.48,77687.03,10,81.76,21.29,4.86,29.65,0.182,19,4.23,30.0,4.98,31.65,Metamorphic
2022-04,MOIL-Mine-08,114294.03,73121.78,11,76.96,24.49,24.35,30.04,0.24,24,3.79,27.44,3.82,29.24,Banded formation
2022-05,MOIL-Mine-08,115455.58,91119.03,11,86.8,25.27,6.59,32.41,0.126,19,2.9,30.14,5.03,29.35,Manganese-bearing
2022-06,MOIL-Mine-08,113254.02,81718.18,12,78.54,14.44,42.09,33.5,0.299,25,3.76,29.63,4.8,28.33,Metamorphic
2022-07,MOIL-Mine-08,111715.38,61443.46,11,66.63,22.69,133.77,29.82,0.426,27,6.09,29.11,5.11,30.96,Banded formation
2022-08,MOIL-Mine-08,112833.19,62058.25,9,68.61,28.62,128.08,24.65,0.46,22,7.5,31.12,4.02,31.42,Manganese-bearing
2022-09,MOIL-Mine-08,112300.3,81498.07,10,81.89,12.07,49.31,28.12,0.268,25,4.28,29.55,5.02,32.0,Manganese-bearing
2022-10,MOIL-Mine-08,113566.15,91395.15,11,83.55,10.6,5.9,26.07,0.246,29,3.33,29.89,4.72,33.5,Manganese-bearing
2022-11,MOIL-Mine-08,112899.09,89920.2,9,90.6,12.72,2.89,26.43,0.156,29,3.35,30.83,4.51,31.99,Banded formation
2022-12,MOIL-Mine-08,107327.07,73985.35,12,77.39,27.02,48.31,23.17,0.264,21,4.69,31.31,4.87,28.29,Manganese-bearing
2023-01,MOIL-Mine-08,116677.01,84245.97,10,82.17,19.72,33.54,19.34,0.275,21,4.21,33.56,5.17,32.78,Metamorphic
2023-02,MOIL-Mine-08,117144.13,80563.79,10,89.17,18.18,13.51,25.08,0.188,23,3.63,29.95,5.03,36.11,Laterite
2023-03,MOIL-Mine-08,118888.55,98755.35,12,80.75,14.98,5.83,30.33,0.192,24,2.56,31.46,4.53,33.5,Manganese-bearing
2023-04,MOIL-Mine-08,114758.78,80379.39,11,82.6,17.64,16.48,30.3,0.28,28,4.47,29.22,4.32,32.9,Manganese-bearing
2023-05,MOIL-Mine-08,111737.0,76668.87,12,79.3,17.69,29.09,34.03,0.243,29,3.87,29.17,3.86,34.76,Banded formation
2023-06,MOIL-Mine-08,116053.09,63829.2,10,75.54,23.57,102.81,32.6,0.374,22,6.37,31.02,5.11,34.28,Laterite
2023-07,MOIL-Mine-08,118163.57,64989.96,10,72.16,21.31,172.77,25.31,0.575,29,8.36,31.45,4.38,34.9,Manganese-bearing
2023-08,MOIL-Mine-08,114853.38,67302.0,11,79.36,23.7,51.15,27.72,0.216,27,5.3,27.72,4.31,25.96,Metamorphic
2023-09,MOIL-Mine-08,113802.51,66916.51,11,69.82,22.96,77.35,28.49,0.35,24,6.24,29.96,5.32,34.12,Manganese-bearing
2023-10,MOIL-Mine-08,115333.82,93454.65,12,88.74,15.34,13.71,27.6,0.158,18,2.32,29.73,4.11,32.06,Manganese-bearing
2023-11,MOIL-Mine-08,115401.99,83203.63,12,76.35,13.76,37.53,28.72,0.253,25,4.05,29.88,4.2,35.95,Manganese-bearing
2023-12,MOIL-Mine-08,114517.5,84211.81,11,82.11,18.38,44.24,20.66,0.288,26,3.03,32.2,4.73,32.33,Metamorphic
2024-01,MOIL-Mine-08,118562.15,91040.81,12,77.26,11.56,48.75,23.6,0.329,18,1.83,30.12,3.96,30.07,Manganese-bearing
2024-02,MOIL-Mine-08,115430.36,88202.56,11,88.49,17.26,27.23,27.18,0.223,31,4.06,31.22,4.61,32.82,Manganese-bearing
2024-03,MOIL-Mine-08,114332.23,79587.03,10,84.3,23.6,10.74,26.25,0.249,24,3.27,27.91,4.08,31.53,Metamorphic
2024-04,MOIL-Mine-08,118769.55,73831.56,11,71.47,27.04,31.43,32.91,0.25,31,4.14,27.82,4.79,35.18,Manganese-bearing
2024-05,MOIL-Mine-08,116853.54,89003.16,12,84.13,19.67,8.44,32.28,0.187,16,4.07,29.61,4.91,34.65,Manganese-bearing
2024-06,MOIL-Mine-08,116924.08,64308.24,10,71.46,42.8,157.58,31.29,0.487,33,8.07,30.64,4.17,32.34,Manganese-bearing
2024-07,MOIL-Mine-08,115322.18,63427.2,11,71.85,35.1,115.78,32.15,0.434,19,7.2,27.97,5.08,35.9,Banded formation
2024-08,MOIL-Mine-08,114401.55,62920.85,10,70.89,32.09,133.99,28.19,0.389,26,7.33,33.58,4.26,33.54,Laterite
2024-09,MOIL-Mine-08,121212.85,66667.07,11,70.55,21.4,116.87,29.41,0.425,24,5.99,31.32,3.68,33.33,Manganese-bearing
2024-10,MOIL-Mine-08,121160.34,81578.7,11,77.26,21.45,19.03,26.68,0.226,16,1.39,29.45,3.88,33.89,Laterite
2024-11,MOIL-Mine-08,111975.52,81761.86,10,81.71,18.1,9.54,21.33,0.163,30,4.35,31.15,4.9,36.82,Manganese-bearing
2024-12,MOIL-Mine-08,117861.52,80594.9,11,84.29,16.78,18.01,21.75,0.15,27,3.76,28.81,4.58,38.26,Metamorphic
2025-01,MOIL-Mine-08,123258.36,95854.18,12,80.56,24.97,4.32,19.63,0.205,23,2.91,32.03,4.97,35.43,Manganese-bearing
2025-02,MOIL-Mine-08,115838.97,90809.37,11,88.01,15.54,16.84,25.86,0.19,25,3.12,29.95,4.53,35.34,Manganese-bearing
2025-03,MOIL-Mine-08,117026.8,89471.68,11,90.65,21.11,5.51,22.6,0.189,17,3.16,27.79,4.53,28.76,Manganese-bearing
2025-04,MOIL-Mine-08,120729.22,92946.46,12,79.79,15.95,4.33,35.52,0.142,22,2.76,29.5,4.72,33.44,Banded formation
2025-05,MOIL-Mine-08,115936.78,89434.6,11,85.86,13.28,12.51,29.22,0.242,17,2.62,30.65,4.07,31.39,Metamorphic
2025-06,MOIL-Mine-08,114291.52,68606.54,11,80.9,21.67,104.9,32.77,0.366,21,5.13,30.93,4.41,34.84,Manganese-bearing
2025-07,MOIL-Mine-08,121533.16,83305.97,10,72.71,14.06,54.15,27.02,0.272,29,5.06,33.0,5.75,32.9,Manganese-bearing
2025-08,MOIL-Mine-08,122457.94,82888.34,9,84.22,20.49,46.26,26.55,0.271,22,4.56,29.81,4.69,32.31,Manganese-bearing
2025-09,MOIL-Mine-08,120745.84,71725.19,10,77.74,16.78,87.51,26.83,0.315,22,5.1,32.01,4.32,35.86,Laterite
2025-10,MOIL-Mine-08,120928.77,89848.04,12,82.67,19.4,8.66,22.72,0.177,33,2.55,28.36,3.95,32.37,Manganese-bearing
2025-11,MOIL-Mine-08,117987.82,85432.26,11,87.14,15.39,8.38,27.68,0.191,24,4.89,28.63,4.98,30.55,Manganese-bearing
2025-12,MOIL-Mine-08,121706.59,78918.97,11,79.57,21.19,10.68,23.4,0.132,26,4.26,30.01,4.83,35.5,Laterite
2021-01,MOIL-Mine-09,86374.52,66289.8,10,79.53,6.71,5.66,20.86,0.185,23,3.47,27.76,3.96,22.61,Metamorphic
2021-02,MOIL-Mine-09,88154.12,69098.43,12,88.02,12.84,35.51,25.41,0.257,21,2.63,27.98,3.39,23.06,Manganese-bearing
2021-03,MOIL-Mine-09,88249.16,67108.26,9,84.03,19.55,14.02,27.76,0.186,33,3.61,29.69,4.02,23.05,Manganese-bearing
2021-04,MOIL-Mine-09,85675.96,62862.7,11,77.83,19.34,22.33,34.78,0.233,23,2.52,27.45,3.68,26.75,Manganese-bearing
2021-05,MOIL-Mine-09,86402.91,59398.34,10,82.08,22.69,42.73,34.17,0.227,18,4.41,30.01,3.49,25.7,Manganese-bearing
2021-06,MOIL-Mine-09,87149.94,58801.78,11,81.69,14.09,60.34,32.14,0.283,30,4.47,27.03,3.48,21.07,Manganese-bearing
2021-07,MOIL-Mine-09,85208.52,46864.69,10,65.73,38.51,154.44,25.55,0.426,23,7.0,29.31,3.49,23.51,Manganese-bearing
2021-08,MOIL-Mine-09,86944.01,66047.47,10,86.09,26.21,23.93,27.38,0.265,24,2.71,28.16,3.85,19.97,Manganese-bearing
2021-09,MOIL-Mine-09,86701.6,47685.88,11,73.96,28.18,189.13,28.36,0.572,25,8.89,27.53,3.64,26.85,Metamorphic
2021-10,MOIL-Mine-09,86962.95,60376.04,12,79.89,20.75,41.06,29.97,0.263,19,4.03,28.5,3.4,24.3,Manganese-bearing
2021-11,MOIL-Mine-09,87073.39,63384.66,10,82.86,23.84,27.52,22.58,0.259,28,3.94,29.82,4.15,25.32,Banded formation
2021-12,MOIL-Mine-09,82679.63,61253.73,9,77.7,11.09,8.59,23.04,0.142,26,2.75,26.77,3.73,24.53,Banded formation
2022-01,MOIL-Mine-09,88174.83,70592.0,11,89.55,18.32,12.2,22.91,0.216,25,3.8,28.77,4.21,19.45,Manganese-bearing
2022-02,MOIL-Mine-09,88997.16,68006.66,10,82.67,13.52,32.35,26.02,0.278,31,2.45,27.26,3.66,24.43,Manganese-bearing
2022-03,MOIL-Mine-09,88844.38,60776.95,10,71.91,30.05,41.24,30.78,0.271,25,3.39,32.25,3.72,24.93,Manganese-bearing
2022-04,MOIL-Mine-09,86887.1,65608.21,12,83.5,29.48,6.01,35.36,0.169,27,3.6,30.0,4.01,24.13,Manganese-bearing
2022-05,MOIL-Mine-09,86172.63,59955.19,10,74.88,21.58,21.37,34.0,0.199,24,3.65,25.82,3.51,20.88,Manganese-bearing
2022-06,MOIL-Mine-09,87138.18,47926.0,11,77.68,25.39,97.25,28.81,0.36,30,5.71,27.4,3.18,23.51,Laterite
2022-07,MOIL-Mine-09,87457.14,48101.43,11,78.4,30.41,75.48,23.23,0.363,24,6.02,25.49,4.27,26.73,Laterite
2022-08,MOIL-Mine-09,86864.49,47775.47,7,71.93,25.02,105.54,26.98,0.381,27,6.78,28.29,3.08,23.41,Metamorphic
2022-09,MOIL-Mine-09,85662.53,54165.38,11,79.86,20.54,84.48,30.85,0.368,19,5.1,27.93,3.54,21.81,Manganese-bearing
2022-10,MOIL-Mine-09,87799.35,67967.62,11,86.6,14.88,16.68,28.25,0.198,31,4.05,28.05,4.06,25.81,Manganese-bearing
2022-11,MOIL-Mine-09,88279.29,69190.62,13,90.11,10.22,17.9,27.61,0.205,25,2.8,26.71,3.98,27.67,Metamorphic
2022-12,MOIL-Mine-09,92046.0,57639.21,10,83.11,15.8,48.68,19.42,0.294,22,5.11,28.11,3.93,23.53,Laterite
2023-01,MOIL-Mine-09,92336.94,65870.74,12,79.48,20.45,14.52,22.57,0.211,24,2.51,29.54,3.67,21.88,Laterite
2023-02,MOIL-Mine-09,89406.28,66675.36,11,82.84,14.21,17.31,21.47,0.202,28,3.34,27.8,3.26,26.0,Manganese-bearing
2023-03,MOIL-Mine-09,89933.14,61345.73,12,82.97,28.78,21.84,29.4,0.199,25,3.24,26.5,3.06,20.57,Manganese-bearing
2023-04,MOIL-Mine-09,88043.64,63480.17,11,80.44,20.88,47.14,32.89,0.256,19,2.51,26.47,3.91,21.61,Manganese-bearing
2023-05,MOIL-Mine-09,90471.86,56394.97,9,86.29,25.92,74.76,33.15,0.366,25,5.13,28.1,3.82,25.09,Manganese-bearing
2023-06,MOIL-Mine-09,89711.53,49341.34,11,71.94,26.41,190.26,29.32,0.555,18,8.61,24.76,3.39,28.76,Manganese-bearing
2023-07,MOIL-Mine-09,86509.47,56928.21,11,83.26,21.67,53.78,25.36,0.268,26,4.07,29.73,4.47,21.02,Laterite
2023-08,MOIL-Mine-09,91859.12,63430.65,11,81.23,17.2,90.03,22.87,0.363,27,4.99,30.03,4.82,25.9,Manganese-bearing
2023-09,MOIL-Mine-09,89029.45,48966.2,10,74.5,19.76,174.14,29.96,0.478,31,8.94,27.26,3.53,26.68,Manganese-bearing
2023-10,MOIL-Mine-09,90439.71,66705.07,12,79.89,14.51,35.61,23.82,0.206,27,1.44,24.02,3.35,24.07,Manganese-bearing
2023-11,MOIL-Mine-09,87213.89,70040.83,12,84.64,14.37,27.93,28.08,0.249,25,2.51,28.19,3.92,18.33,Manganese-bearing
2023-12,MOIL-Mine-09,93143.25,66170.62,10,82.8,25.36,8.45,23.31,0.134,24,3.24,28.72,3.61,23.9,Metamorphic
2024-01,MOIL-Mine-09,91001.95,65239.06,10,87.14,12.4,31.46,19.56,0.306,32,3.48,28.47,4.02,24.89,Laterite
2024-02,MOIL-Mine-09,89811.25,66976.26,11,89.32,21.11,16.76,28.14,0.232,19,3.07,26.18,4.2,25.39,Manganese-bearing
2024-03,MOIL-Mine-09,90487.2,69234.9,8,81.15,20.19,17.93,26.66,0.272,22,1.67,30.14,3.75,25.5,Manganese-bearing
2024-04,MOIL-Mine-09,91795.27,73119.24,12,89.95,10.26,3.46,32.84,0.176,34,2.61,28.39,3.13,28.64,Metamorphic
2024-05,MOIL-Mine-09,91953.27,75837.48,10,90.19,13.85,2.54,32.47,0.139,19,3.4,27.95,3.99,24.04,Manganese-bearing
2024-06,MOIL-Mine-09,91999.05,58095.52,11,74.7,16.08,43.39,25.26,0.261,22,4.41,28.55,3.19,22.15,Metamorphic
2024-07,MOIL-Mine-09,92799.7,55823.06,10,77.88,12.73,102.93,27.44,0.382,21,5.79,28.96,3.42,25.89,Manganese-bearing
2024-08,MOIL-Mine-09,92798.57,51039.21,10,70.27,22.66,105.46,29.66,0.343,23,7.45,29.6,4.43,21.43,Metamorphic
2024-09,MOIL-Mine-09,93546.39,56905.59,11,73.91,28.94,74.09,29.78,0.359,26,5.08,30.03,3.91,22.32,Manganese-bearing
2024-10,MOIL-Mine-09,90668.25,63918.43,11,87.56,18.52,5.02,27.49,0.232,29,3.11,28.5,2.99,23.45,Laterite
2024-11,MOIL-Mine-09,88799.83,64518.42,11,77.79,19.95,39.8,23.41,0.285,23,3.16,28.86,3.68,25.99,Manganese-bearing
2024-12,MOIL-Mine-09,90673.85,65661.61,9,84.05,21.76,12.29,20.45,0.19,21,4.13,29.84,3.63,21.9,Metamorphic
2025-01,MOIL-Mine-09,88149.68,56596.89,11,78.46,19.74,83.49,24.28,0.374,21,4.06,28.88,3.77,26.64,Banded formation
2025-02,MOIL-Mine-09,93461.48,58711.33,12,78.91,29.7,22.33,26.35,0.22,27,4.28,25.7,3.51,26.75,Manganese-bearing
2025-03,MOIL-Mine-09,93177.05,82505.93,10,85.09,5.0,12.9,27.64,0.217,32,1.96,29.23,4.37,24.43,Manganese-bearing
2025-04,MOIL-Mine-09,91251.87,56088.72,11,82.49,22.84,68.78,34.8,0.319,14,4.78,29.8,4.11,25.78,Laterite
2025-05,MOIL-Mine-09,95221.49,70615.23,10,81.16,15.02,3.83,31.37,0.233,24,2.98,30.85,4.2,25.18,Laterite
2025-06,MOIL-Mine-09,93657.16,51511.44,10,78.19,24.36,148.42,29.48,0.48,20,5.31,27.95,3.94,26.94,Banded formation
2025-07,MOIL-Mine-09,95479.73,54938.56,11,74.41,30.27,99.82,25.12,0.391,29,5.45,29.95,3.73,24.15,Manganese-bearing
2025-08,MOIL-Mine-09,90873.52,56307.77,10,82.84,19.28,56.61,26.12,0.243,17,5.37,26.38,4.04,21.76,Metamorphic
2025-09,MOIL-Mine-09,90203.19,55591.41,10,78.05,16.09,65.36,23.79,0.308,36,5.21,29.83,2.69,24.91,Metamorphic
2025-10,MOIL-Mine-09,93439.72,69503.78,9,77.15,18.93,11.81,27.15,0.246,24,3.34,29.17,3.71,25.89,Manganese-bearing
2025-11,MOIL-Mine-09,90785.72,58333.42,9,85.5,24.34,44.21,22.77,0.266,16,4.76,27.81,3.78,24.59,Banded formation
2025-12,MOIL-Mine-09,92451.09,68333.06,12,79.46,13.08,22.93,28.56,0.258,21,2.68,26.42,4.16,25.08,Banded formation
2021-01,MOIL-Mine-10,115402.82,83289.25,12,79.15,21.66,11.12,22.32,0.213,24,4.15,32.05,4.84,30.85,Metamorphic
2021-02,MOIL-Mine-10,112889.8,84205.48,9,80.33,16.7,33.68,22.31,0.236,30,3.94,32.71,4.84,27.86,Manganese-bearing
2021-03,MOIL-Mine-10,112200.35,99179.25,10,91.41,17.11,24.82,29.84,0.23,23,1.71,33.49,5.43,31.82,Manganese-bearing
2021-04,MOIL-Mine-10,113328.64,86838.98,11,84.44,12.87,12.9,30.33,0.163,22,2.8,29.66,5.52,35.34,Metamorphic
2021-05,MOIL-Mine-10,116717.25,99930.59,11,79.79,16.5,3.99,36.42,0.256,25,1.7,34.13,4.99,31.8,Manganese-bearing
2021-06,MOIL-Mine-10,113148.92,70743.48,10,77.77,13.4,57.31,30.37,0.247,24,5.14,33.69,4.41,30.86,Laterite
2021-07,MOIL-Mine-10,109300.65,84345.19,11,84.99,23.34,57.16,25.24,0.342,24,2.47,33.39,5.0,28.73,Manganese-bearing
2021-08,MOIL-Mine-10,112136.39,69843.66,11,65.38,17.92,116.45,24.53,0.427,18,5.2,35.56,4.46,29.27,Banded formation
2021-09,MOIL-Mine-10,115661.82,81787.38,11,72.09,25.14,47.52,30.29,0.29,23,3.9,34.51,4.83,30.45,Manganese-bearing
2021-10,MOIL-Mine-10,112497.4,93060.89,11,80.88,16.52,5.23,27.84,0.212,21,2.46,32.23,4.34,30.58,Manganese-bearing
2021-11,MOIL-Mine-10,107622.56,81952.85,10,74.48,9.82,19.26,24.3,0.22,23,3.17,31.04,4.77,29.69,Metamorphic
2021-12,MOIL-Mine-10,109783.85,81479.16,12,87.66,20.65,21.66,22.33,0.208,27,4.14,30.55,5.15,28.89,Banded formation
2022-01,MOIL-Mine-10,115566.57,89820.93,10,80.64,20.27,3.81,26.06,0.126,32,3.22,31.5,4.04,29.37,Manganese-bearing
2022-02,MOIL-Mine-10,116643.8,88609.43,12,79.23,25.43,22.95,21.72,0.188,24,2.85,31.06,5.7,33.21,Manganese-bearing
2022-03,MOIL-Mine-10,117083.03,89846.73,11,84.18,26.04,10.7,28.83,0.17,26,4.22,35.12,4.94,27.6,Banded formation
2022-04,MOIL-Mine-10,112127.96,92413.72,8,84.29,16.35,9.1,32.32,0.177,29,3.58,34.2,4.84,30.21,Manganese-bearing
2022-05,MOIL-Mine-10,111951.22,79032.43,12,78.05,18.53,58.9,33.23,0.343,26,5.4,31.71,5.35,30.82,Manganese-bearing
2022-06,MOIL-Mine-10,117819.2,67935.4,9,69.56,20.3,147.82,30.89,0.453,25,6.37,33.63,4.25,24.89,Manganese-bearing
2022-07,MOIL-Mine-10,111723.69,67755.84,9,77.09,20.69,82.16,25.77,0.347,26,5.61,31.26,4.98,31.5,Banded formation
2022-08,MOIL-Mine-10,112052.66,69491.98,13,78.15,20.16,60.83,28.39,0.3,26,4.82,33.34,4.49,30.55,Laterite
2022-09,MOIL-Mine-10,111254.26,61189.84,13,71.05,36.54,216.36,28.75,0.621,26,7.75,32.24,4.06,30.01,Manganese-bearing
2022-10,MOIL-Mine-10,115822.38,91616.88,11,76.68,13.15,21.22,25.7,0.283,27,3.04,31.86,5.24,30.19,Manganese-bearing
2022-11,MOIL-Mine-10,116952.5,82607.85,11,82.21,32.49,4.58,23.73,0.23,30,3.67,32.42,4.26,27.47,Manganese-bearing
2022-12,MOIL-Mine-10,113236.21,84208.82,12,87.11,27.63,22.58,19.19,0.195,31,3.33,35.47,4.91,27.3,Laterite
2023-01,MOIL-Mine-10,115941.73,97764.43,11,88.38,22.72,3.37,21.42,0.15,27,2.78,34.7,5.19,26.94,Manganese-bearing
2023-02,MOIL-Mine-10,120913.77,88777.54,8,83.14,12.45,1.95,23.77,0.178,25,4.96,31.38,4.98,31.44,Metamorphic
2023-03,MOIL-Mine-10,116001.5,97540.27,12,84.59,17.89,19.96,30.09,0.231,27,2.49,33.18,4.98,31.27,Manganese-bearing
2023-04,MOIL-Mine-10,114242.95,90178.17,9,79.09,25.54,13.01,31.44,0.254,21,1.96,33.66,4.59,28.95,Manganese-bearing
2023-05,MOIL-Mine-10,119806.81,89371.9,10,78.36,23.56,0.42,33.11,0.138,18,4.08,33.42,4.61,27.77,Metamorphic
2023-06,MOIL-Mine-10,118459.96,75326.82,10,76.0,17.59,106.81,28.83,0.345,31,6.39,34.99,4.82,27.29,Manganese-bearing
2023-07,MOIL-Mine-10,114966.49,66969.1,10,83.67,25.22,125.54,28.47,0.368,27,7.2,33.47,4.74,36.0,Manganese-bearing
2023-08,MOIL-Mine-10,117281.43,77925.74,11,77.85,23.45,65.53,29.18,0.341,22,4.69,32.6,4.58,29.06,Metamorphic
2023-09,MOIL-Mine-10,115534.69,68501.14,9,74.77,22.51,57.1,25.67,0.37,21,4.98,32.47,5.08,28.79,Laterite
2023-10,MOIL-Mine-10,111993.46,73278.04,11,82.22,29.61,75.2,29.99,0.317,23,4.62,32.19,4.53,28.4,Banded formation
2023-11,MOIL-Mine-10,113816.59,80385.47,11,76.42,16.4,26.71,25.66,0.234,26,4.94,30.27,5.19,28.33,Banded formation
2023-12,MOIL-Mine-10,114910.71,92940.14,11,80.77,19.53,8.19,24.99,0.188,22,1.86,32.27,4.69,32.44,Banded formation
2024-01,MOIL-Mine-10,121876.6,83244.66,11,80.49,21.19,26.31,20.94,0.231,28,3.61,33.57,5.05,29.02,Laterite
2024-02,MOIL-Mine-10,120831.15,90650.04,11,81.11,14.12,53.14,23.51,0.286,29,4.95,34.05,4.98,28.77,Banded formation
2024-03,MOIL-Mine-10,119181.41,90615.33,11,83.48,12.74,18.78,31.4,0.227,25,3.27,32.49,3.81,29.25,Banded formation
2024-04,MOIL-Mine-10,115382.03,103490.51,11,89.3,9.9,9.28,29.61,0.164,24,2.45,31.05,5.5,27.74,Manganese-bearing
2024-05,MOIL-Mine-10,119923.75,78808.84,11,83.89,24.24,31.97,34.19,0.279,26,4.01,33.44,4.83,30.44,Laterite
2024-06,MOIL-Mine-10,117985.95,65803.95,13,68.26,31.31,119.6,35.44,0.443,26,7.08,32.16,5.13,30.76,Manganese-bearing
2024-07,MOIL-Mine-10,119823.9,71435.45,10,81.23,36.39,43.94,31.95,0.266,23,5.19,34.82,4.81,31.97,Laterite
2024-08,MOIL-Mine-10,118572.8,65215.04,10,73.16,18.98,173.81,32.51,0.555,26,6.92,33.3,4.98,24.16,Metamorphic
2024-09,MOIL-Mine-10,120965.96,69195.87,11,73.7,30.53,82.91,30.8,0.255,21,5.42,33.2,3.83,28.96,Metamorphic
2024-10,MOIL-Mine-10,119271.35,93222.43,11,74.09,19.03,10.61,30.52,0.159,30,2.92,32.25,4.61,23.95,Banded formation
2024-11,MOIL-Mine-10,118767.42,85362.69,11,85.24,23.57,21.14,25.6,0.199,30,4.31,33.93,4.63,29.52,Metamorphic
2024-12,MOIL-Mine-10,121639.88,99456.1,12,80.52,11.16,33.2,24.28,0.328,27,3.15,34.82,5.2,30.38,Metamorphic
2025-01,MOIL-Mine-10,121109.08,91085.93,12,83.87,22.03,5.15,22.77,0.132,20,4.08,32.66,5.49,32.99,Metamorphic
2025-02,MOIL-Mine-10,120833.86,97672.27,11,78.52,5.0,13.25,23.58,0.252,26,1.91,33.63,4.94,33.59,Metamorphic
2025-03,MOIL-Mine-10,125705.5,96751.04,11,83.55,17.15,10.35,28.22,0.153,23,3.05,34.57,5.24,27.08,Laterite
2025-04,MOIL-Mine-10,120101.19,98833.19,12,77.55,16.11,13.18,31.55,0.172,31,2.46,32.45,4.99,29.39,Manganese-bearing
2025-05,MOIL-Mine-10,121846.51,92034.57,12,89.39,19.14,36.58,31.48,0.253,24,3.3,33.13,4.79,26.96,Laterite
2025-06,MOIL-Mine-10,119893.77,65941.57,9,75.2,19.99,159.13,31.02,0.564,23,8.49,31.12,4.72,27.18,Banded formation
2025-07,MOIL-Mine-10,123342.24,89399.34,11,84.51,15.59,26.23,31.24,0.22,19,3.98,33.01,5.27,26.75,Laterite
2025-08,MOIL-Mine-10,119592.79,84630.4,10,74.23,17.59,58.96,26.72,0.301,27,4.36,33.32,4.75,29.24,Manganese-bearing
2025-09,MOIL-Mine-10,119108.99,69101.73,9,80.91,29.51,91.58,29.31,0.326,20,6.85,33.96,4.88,30.17,Manganese-bearing
2025-10,MOIL-Mine-10,121976.34,89919.86,10,77.86,16.66,8.94,30.76,0.211,26,4.15,34.52,5.64,32.38,Laterite
2025-11,MOIL-Mine-10,119169.25,105802.59,8,79.95,5.0,13.4,26.3,0.153,27,1.14,30.87,4.94,29.21,Manganese-bearing
2025-12,MOIL-Mine-10,118850.57,90508.32,10,83.49,18.77,31.93,23.31,0.302,27,3.62,33.7,4.68,31.11,Manganese-bearing
2021-01,MOIL-Mine-11,92815.78,66421.07,10,86.06,15.75,19.95,18.82,0.242,28,3.51,29.82,4.92,29.58,Laterite
2021-02,MOIL-Mine-11,93267.3,81791.32,11,80.79,15.01,18.28,26.38,0.223,21,2.71,32.95,5.63,25.54,Banded formation
2021-03,MOIL-Mine-11,89402.99,63750.58,11,78.21,22.9,40.63,27.2,0.236,22,4.46,32.24,5.16,30.7,Banded formation
2021-04,MOIL-Mine-11,89651.0,71803.67,11,78.21,15.39,32.73,33.22,0.288,20,3.89,33.58,4.62,24.62,Metamorphic
2021-05,MOIL-Mine-11,90911.64,76723.91,10,79.28,20.83,6.96,33.61,0.151,29,2.89,34.8,4.62,27.47,Manganese-bearing
2021-06,MOIL-Mine-11,91632.78,65669.04,11,77.3,19.38,81.16,37.47,0.287,28,4.87,32.78,4.31,26.9,Manganese-bearing
2021-07,MOIL-Mine-11,92717.82,82332.58,11,79.07,17.69,26.16,29.46,0.225,25,1.92,35.24,4.68,30.19,Manganese-bearing
2021-08,MOIL-Mine-11,89277.23,52003.58,12,73.0,24.69,152.68,23.5,0.445,25,6.47,34.2,4.32,30.23,Manganese-bearing
2021-09,MOIL-Mine-11,87600.91,48180.5,11,77.39,38.73,107.08,30.7,0.4,26,6.27,29.52,4.64,31.09,Manganese-bearing
2021-10,MOIL-Mine-11,90074.73,79336.79,11,86.87,18.12,6.91,26.09,0.135,27,2.68,32.8,4.36,28.81,Manganese-bearing
2021-11,MOIL-Mine-11,90854.88,72860.85,11,88.72,19.2,25.64,26.86,0.272,23,3.66,32.27,4.48,33.59,Manganese-bearing
2021-12,MOIL-Mine-11,90127.54,64937.05,10,76.41,25.39,8.36,24.43,0.183,33,4.79,32.06,4.57,23.13,Metamorphic
2022-01,MOIL-Mine-11,91225.37,76360.85,9,85.88,13.22,15.82,19.17,0.184,29,1.39,31.63,4.01,32.45,Banded formation
2022-02,MOIL-Mine-11,91641.37,71894.87,12,78.51,20.38,19.24,19.32,0.256,25,4.24,32.9,4.2,32.2,Manganese-bearing
2022-03,MOIL-Mine-11,93038.59,73724.59,9,78.85,21.17,28.74,25.8,0.218,24,3.04,33.54,4.73,31.29,Manganese-bearing
2022-04,MOIL-Mine-11,90502.58,83589.91,11,89.53,17.57,12.94,31.04,0.172,29,2.36,34.77,5.08,27.25,Manganese-bearing
2022-05,MOIL-Mine-11,88897.6,74728.3,11,82.38,22.07,12.04,35.87,0.157,28,3.14,34.69,4.62,29.85,Manganese-bearing
2022-06,MOIL-Mine-11,95801.32,52982.84,9,79.81,22.9,92.71,31.67,0.361,21,6.12,31.85,4.19,29.16,Laterite
2022-07,MOIL-Mine-11,89769.41,49373.17,12,64.96,39.05,195.26,26.3,0.62,27,11.18,30.27,4.66,26.89,Manganese-bearing
2022-08,MOIL-Mine-11,91743.54,57650.44,12,77.23,26.75,45.74,30.46,0.295,29,4.56,31.14,4.69,31.51,Laterite
2022-09,MOIL-Mine-11,93547.61,59465.97,12,76.32,16.2,95.48,26.2,0.351,29,4.26,32.32,4.13,27.79,Laterite
2022-10,MOIL-Mine-11,92914.93,79527.79,11,84.75,13.66,19.75,27.49,0.17,20,2.96,31.73,4.48,32.36,Manganese-bearing
2022-11,MOIL-Mine-11,93221.67,75398.9,12,80.29,19.94,8.03,23.44,0.181,17,3.83,32.73,5.19,31.27,Manganese-bearing
2022-12,MOIL-Mine-11,92389.28,68331.47,12,87.14,22.68,25.17,20.11,0.278,27,4.14,33.84,3.51,32.13,Metamorphic
2023-01,MOIL-Mine-11,95187.13,70460.16,11,82.1,16.07,36.82,24.48,0.199,22,5.15,32.9,4.58,30.14,Banded formation
2023-02,MOIL-Mine-11,92358.95,75230.79,11,91.39,17.15,11.25,25.21,0.168,33,4.61,32.93,4.58,32.12,Manganese-bearing
2023-03,MOIL-Mine-11,91101.22,74486.58,12,75.54,12.54,17.6,28.65,0.228,18,3.81,31.65,4.86,32.15,Manganese-bearing
2023-04,MOIL-Mine-11,94715.37,73061.1,11,77.16,20.17,12.64,26.98,0.199,25,4.43,32.97,3.74,25.9,Manganese-bearing
2023-05,MOIL-Mine-11,93399.63,64243.44,10,76.15,34.6,13.86,34.1,0.191,27,4.43,30.74,4.29,29.98,Manganese-bearing
2023-06,MOIL-Mine-11,94145.2,71418.07,9,82.83,19.47,18.78,28.46,0.218,23,4.24,33.14,4.22,31.88,Metamorphic
2023-07,MOIL-Mine-11,95634.17,67557.98,7,82.92,15.82,70.73,25.01,0.369,22,4.6,31.0,3.96,28.96,Manganese-bearing
2023-08,MOIL-Mine-11,93054.05,71118.27,13,81.13,13.01,65.84,27.29,0.333,20,3.85,32.21,4.45,34.11,Manganese-bearing
2023-09,MOIL-Mine-11,92119.08,61757.56,12,78.41,35.41,62.31,26.81,0.32,26,6.53,34.82,5.7,29.07,Manganese-bearing
2023-10,MOIL-Mine-11,93619.4,61848.87,11,87.16,27.57,41.45,30.0,0.208,25,5.22,27.54,5.16,25.99,Metamorphic
2023-11,MOIL-Mine-11,91423.94,79108.56,11,86.72,15.41,2.08,20.54,0.141,28,2.51,35.33,3.62,28.95,Metamorphic
2023-12,MOIL-Mine-11,94863.98,81613.5,10,83.09,11.48,2.66,18.93,0.217,22,3.05,31.86,5.03,26.89,Metamorphic
2024-01,MOIL-Mine-11,95460.97,69479.91,11,84.31,27.83,34.22,25.09,0.259,29,3.45,33.05,4.68,30.7,Metamorphic
2024-02,MOIL-Mine-11,95304.14,84040.88,12,80.14,16.29,6.22,22.23,0.223,22,2.22,34.87,4.63,26.45,Banded formation
2024-03,MOIL-Mine-11,97788.2,79663.48,11,87.58,16.39,6.72,27.89,0.217,28,3.12,32.92,4.66,28.16,Laterite
2024-04,MOIL-Mine-11,94080.44,70547.28,12,80.02,20.99,18.56,32.24,0.204,23,3.55,32.05,4.98,27.07,Laterite
2024-05,MOIL-Mine-11,95224.89,85371.4,9,81.93,9.91,11.01,35.02,0.206,23,1.83,34.29,4.13,34.35,Manganese-bearing
2024-06,MOIL-Mine-11,96017.28,74046.54,11,83.27,17.73,31.34,30.37,0.247,22,5.74,33.68,4.44,26.27,Manganese-bearing
2024-07,MOIL-Mine-11,96367.59,68122.04,12,86.16,21.88,113.13,29.93,0.407,31,4.34,33.24,4.42,31.44,Manganese-bearing
2024-08,MOIL-Mine-11,93824.23,51603.33,12,71.68,29.96,253.9,26.96,0.672,26,9.45,34.3,5.11,36.43,Laterite
2024-09,MOIL-Mine-11,94763.04,69615.51,13,82.75,18.81,63.2,26.93,0.291,25,3.35,33.75,4.13,29.05,Metamorphic
2024-10,MOIL-Mine-11,95686.9,70918.57,10,83.32,27.31,6.62,29.19,0.203,22,4.05,31.44,4.57,29.01,Banded formation
2024-11,MOIL-Mine-11,95690.41,88294.58,14,83.02,12.61,16.58,23.48,0.233,28,1.22,31.49,5.53,30.35,Metamorphic
2024-12,MOIL-Mine-11,93927.98,73780.62,9,80.89,22.62,39.92,20.13,0.208,26,3.45,34.13,4.76,34.26,Manganese-bearing
2025-01,MOIL-Mine-11,95003.74,73785.73,13,81.29,15.23,21.68,21.25,0.211,24,4.16,31.86,4.6,30.07,Banded formation
2025-02,MOIL-Mine-11,94701.72,86981.08,10,86.1,14.17,0.16,25.73,0.233,26,2.92,33.94,4.94,29.74,Manganese-bearing
2025-03,MOIL-Mine-11,97018.82,87573.38,11,84.54,17.16,4.37,28.66,0.171,28,2.29,33.26,4.92,27.01,Manganese-bearing
2025-04,MOIL-Mine-11,95806.53,75295.32,10,81.85,20.93,16.72,29.13,0.281,20,2.66,33.48,4.9,27.21,Laterite
2025-05,MOIL-Mine-11,95421.25,67101.32,11,82.98,17.19,25.18,34.31,0.199,30,5.56,33.81,4.57,27.67,Laterite
2025-06,MOIL-Mine-11,97939.15,76023.33,10,82.82,14.62,69.77,30.18,0.349,26,4.18,34.54,4.22,31.92,Manganese-bearing
2025-07,MOIL-Mine-11,96871.66,65031.83,12,70.02,18.37,101.04,27.18,0.36,26,4.57,33.49,4.97,29.8,Metamorphic
2025-08,MOIL-Mine-11,95170.7,71120.09,10,87.8,23.91,53.04,32.76,0.322,26,3.95,35.17,4.2,29.69,Metamorphic
2025-09,MOIL-Mine-11,95605.47,67123.19,12,83.03,14.31,85.33,31.61,0.364,18,5.22,32.97,3.84,31.25,Manganese-bearing
2025-10,MOIL-Mine-11,98549.49,72150.1,11,85.33,18.07,21.51,28.37,0.279,17,4.2,31.46,4.03,31.9,Metamorphic
2025-11,MOIL-Mine-11,94896.2,70672.1,11,76.93,16.51,19.47,27.69,0.262,29,3.17,31.28,3.99,27.39,Banded formation
2025-12,MOIL-Mine-11,100387.72,95981.6,12,81.99,10.88,17.9,23.08,0.14,35,0.75,34.5,4.83,24.39,Metamorphic
2021-01,MOIL-Mine-12,108749.28,80747.59,15,85.38,23.0,9.39,23.47,0.174,24,4.04,31.29,4.63,29.72,Manganese-bearing
2021-02,MOIL-Mine-12,109577.7,92370.31,12,73.99,14.53,9.21,24.07,0.205,27,2.39,33.9,4.84,28.12,Manganese-bearing
2021-03,MOIL-Mine-12,110795.47,71031.47,13,74.09,20.65,46.86,27.05,0.328,21,5.6,32.34,4.11,28.19,Manganese-bearing
2021-04,MOIL-Mine-12,105338.54,84222.9,13,82.9,17.17,5.78,33.17,0.19,23,2.7,30.87,4.81,30.99,Metamorphic
2021-05,MOIL-Mine-12,106901.92,84861.9,14,81.59,21.54,7.04,31.09,0.221,31,3.57,30.98,5.39,25.63,Manganese-bearing
2021-06,MOIL-Mine-12,107718.58,62523.82,13,71.81,24.88,102.55,30.06,0.399,25,5.64,31.64,4.33,32.42,Manganese-bearing
2021-07,MOIL-Mine-12,106143.58,70747.03,14,81.12,21.81,78.21,28.11,0.313,25,4.61,30.37,5.25,32.72,Manganese-bearing
2021-08,MOIL-Mine-12,108366.06,59601.33,12,74.15,31.45,78.68,25.05,0.362,21,6.66,28.67,4.87,31.36,Banded formation
2021-09,MOIL-Mine-12,114530.35,81266.88,11,85.48,21.16,49.53,30.41,0.345,22,4.52,32.14,4.85,32.12,Manganese-bearing
2021-10,MOIL-Mine-12,109228.29,94143.3,14,80.91,14.52,8.53,32.01,0.204,22,1.97,33.71,4.63,29.98,Manganese-bearing
2021-11,MOIL-Mine-12,110391.12,80230.02,12,85.08,27.43,38.72,24.44,0.285,18,3.78,32.74,5.02,31.46,Manganese-bearing
2021-12,MOIL-Mine-12,108082.49,87063.46,14,80.52,8.4,17.64,21.51,0.161,26,3.24,31.61,4.33,29.4,Manganese-bearing
2022-01,MOIL-Mine-12,107912.71,83166.58,13,80.27,15.79,8.77,20.17,0.17,24,2.01,29.88,4.63,29.01,Metamorphic
2022-02,MOIL-Mine-12,113977.6,97657.22,14,84.49,20.69,11.8,21.38,0.224,23,1.95,33.54,4.95,29.62,Manganese-bearing
2022-03,MOIL-Mine-12,112368.64,81872.22,12,81.59,14.02,9.13,28.53,0.22,23,3.71,31.0,4.56,32.55,Metamorphic
2022-04,MOIL-Mine-12,109503.06,84295.65,13,80.06,17.73,34.06,33.35,0.221,27,3.11,32.2,5.23,28.2,Manganese-bearing
2022-05,MOIL-Mine-12,109761.76,76529.74,13,78.4,16.72,20.27,32.44,0.163,23,5.03,32.61,4.05,30.56,Manganese-bearing
2022-06,MOIL-Mine-12,109921.19,75012.05,12,86.78,27.53,23.87,34.06,0.29,21,4.82,29.75,5.43,27.84,Metamorphic
2022-07,MOIL-Mine-12,110577.6,60817.68,12,77.18,20.22,114.21,28.02,0.415,20,6.72,30.73,4.96,31.71,Banded formation
2022-08,MOIL-Mine-12,110062.79,66107.55,13,79.62,17.54,67.83,29.43,0.284,28,5.3,30.15,5.28,30.96,Laterite
2022-09,MOIL-Mine-12,106507.45,70767.09,12,77.45,14.36,90.05,27.38,0.406,29,5.92,32.66,4.89,30.66,Manganese-bearing
2022-10,MOIL-Mine-12,109431.28,88673.99,12,87.69,18.21,17.26,27.84,0.265,24,3.33,32.78,4.84,29.79,Manganese-bearing
2022-11,MOIL-Mine-12,111969.13,87830.31,13,81.51,21.08,4.84,28.06,0.139,26,2.2,32.61,4.23,30.22,Banded formation
2022-12,MOIL-Mine-12,108463.15,82496.69,11,91.83,27.72,15.1,23.23,0.21,19,3.89,31.66,4.5,31.96,Manganese-bearing
2023-01,MOIL-Mine-12,112068.89,97624.49,13,79.24,5.83,7.3,23.99,0.21,25,2.26,31.27,4.55,26.8,Manganese-bearing
2023-02,MOIL-Mine-12,113166.04,76055.86,15,76.38,20.38,63.44,25.08,0.298,30,4.34,29.24,4.05,30.38,Manganese-bearing
2023-03,MOIL-Mine-12,107220.28,90371.08,10,85.41,11.74,16.37,27.77,0.185,22,2.06,32.43,4.66,32.58,Manganese-bearing
2023-04,MOIL-Mine-12,109509.86,78191.37,14,73.59,31.48,1.6,30.65,0.17,27,4.31,32.9,5.46,30.5,Manganese-bearing
2023-05,MOIL-Mine-12,110594.89,83653.74,14,90.98,28.88,7.85,31.2,0.187,24,2.38,31.93,4.37,30.38,Banded formation
2023-06,MOIL-Mine-12,115504.68,63527.58,14,79.05,31.87,151.87,30.75,0.506,25,8.0,31.08,4.86,30.24,Manganese-bearing
2023-07,MOIL-Mine-12,112667.32,67218.47,12,73.1,30.24,83.12,29.52,0.288,26,5.87,32.98,5.36,27.08,Metamorphic
2023-08,MOIL-Mine-12,116546.15,66408.91,11,69.98,28.34,97.64,30.74,0.377,21,5.49,34.21,4.76,33.36,Manganese-bearing
2023-09,MOIL-Mine-12,115586.7,76706.56,11,82.71,24.26,55.38,31.16,0.291,30,3.49,29.97,4.8,33.9,Manganese-bearing
2023-10,MOIL-Mine-12,115749.07,83581.01,11,79.28,23.04,9.66,31.85,0.196,24,3.34,31.67,4.99,29.94,Metamorphic
2023-11,MOIL-Mine-12,114941.74,94422.14,14,91.22,20.73,18.69,28.88,0.204,31,3.84,33.19,5.52,29.81,Manganese-bearing
2023-12,MOIL-Mine-12,111918.69,80008.41,14,78.94,13.49,9.2,15.48,0.186,24,3.9,32.78,4.71,32.49,Laterite
2024-01,MOIL-Mine-12,118080.78,80194.02,13,77.5,18.0,13.2,26.84,0.204,29,3.55,30.91,4.63,29.44,Laterite
2024-02,MOIL-Mine-12,113732.88,100050.74,14,84.78,6.62,9.14,28.3,0.219,21,2.57,32.96,4.89,34.16,Manganese-bearing
2024-03,MOIL-Mine-12,114603.97,83909.68,13,88.0,17.7,13.99,25.75,0.13,30,2.36,28.44,5.18,26.07,Laterite
2024-04,MOIL-Mine-12,111833.92,95190.26,13,88.37,23.54,21.58,33.6,0.277,30,3.02,33.26,5.01,25.95,Manganese-bearing
2024-05,MOIL-Mine-12,110160.64,75987.35,13,88.96,29.54,21.07,29.23,0.215,21,3.88,31.15,4.58,33.08,Banded formation
2024-06,MOIL-Mine-12,115043.6,77429.18,12,78.41,11.62,38.84,29.35,0.259,25,4.48,32.15,4.4,34.69,Metamorphic
2024-07,MOIL-Mine-12,119021.0,84867.09,14,84.33,10.17,77.2,26.58,0.329,21,4.1,32.47,4.72,35.68,Manganese-bearing
2024-08,MOIL-Mine-12,115742.66,71416.92,12,78.08,32.4,86.5,33.86,0.326,26,6.04,34.92,5.58,30.25,Manganese-bearing
2024-09,MOIL-Mine-12,115521.55,78396.45,14,82.84,28.13,35.4,29.55,0.155,25,3.92,30.44,5.17,32.18,Metamorphic
2024-10,MOIL-Mine-12,116586.46,88382.66,12,79.93,20.77,13.64,30.39,0.201,23,3.63,33.06,3.67,29.5,Manganese-bearing
2024-11,MOIL-Mine-12,115432.33,87027.16,13,86.86,18.2,8.83,24.33,0.205,21,3.8,30.17,4.98,30.32,Metamorphic
2024-12,MOIL-Mine-12,115865.12,81351.49,10,79.66,19.14,29.33,17.74,0.279,22,5.19,32.89,4.95,31.93,Manganese-bearing
2025-01,MOIL-Mine-12,117594.17,82513.6,12,89.38,24.25,24.55,18.09,0.261,18,5.03,30.44,4.69,32.16,Manganese-bearing
2025-02,MOIL-Mine-12,119228.66,91626.88,12,81.38,22.7,7.2,24.0,0.194,33,3.51,32.8,4.87,32.7,Manganese-bearing
2025-03,MOIL-Mine-12,118643.31,83313.88,14,87.06,30.7,8.95,25.22,0.195,30,4.56,32.35,4.94,33.33,Banded formation
2025-04,MOIL-Mine-12,113865.38,89111.05,14,86.04,17.89,9.65,31.87,0.206,24,3.51,32.6,4.27,33.45,Manganese-bearing
2025-05,MOIL-Mine-12,120321.72,101131.5,11,86.9,14.65,10.15,33.04,0.219,25,2.36,33.1,4.9,26.57,Banded formation
2025-06,MOIL-Mine-12,110401.54,66899.37,13,81.86,20.55,64.7,30.24,0.249,17,4.89,29.07,5.11,27.69,Laterite
2025-07,MOIL-Mine-12,116600.28,77307.1,12,77.24,22.56,49.6,26.78,0.257,29,4.39,34.67,4.17,33.15,Metamorphic
2025-08,MOIL-Mine-12,118828.74,65355.81,13,65.44,35.32,161.2,27.7,0.522,26,8.09,32.07,4.82,33.1,Laterite
2025-09,MOIL-Mine-12,110826.27,60954.45,12,72.33,30.47,141.89,29.07,0.498,31,6.94,30.94,4.77,28.59,Metamorphic
2025-10,MOIL-Mine-12,117251.72,89241.06,13,88.76,25.88,23.02,26.38,0.246,27,3.85,32.65,5.1,29.53,Manganese-bearing
2025-11,MOIL-Mine-12,114167.17,87609.82,12,79.34,18.63,5.74,24.29,0.302,26,2.82,30.22,4.7,27.47,Manganese-bearing
2025-12,MOIL-Mine-12,116608.75,95240.11,12,82.25,16.33,12.26,22.63,0.162,27,3.42,35.19,4.94,31.18,Manganese-bearing
2021-01,MOIL-Mine-13,87478.38,64461.0,11,81.28,18.75,23.35,22.01,0.259,26,3.61,31.06,4.81,34.21,Banded formation
2021-02,MOIL-Mine-13,86241.71,59068.24,11,85.36,24.58,19.33,22.38,0.274,18,3.96,27.74,4.53,28.79,Manganese-bearing
2021-03,MOIL-Mine-13,86699.19,72027.68,10,77.93,11.77,20.27,27.01,0.173,20,1.59,31.4,5.03,31.93,Manganese-bearing
2021-04,MOIL-Mine-13,85428.9,61085.97,8,92.64,25.18,12.68,29.52,0.191,26,3.47,31.65,4.48,27.97,Metamorphic
2021-05,MOIL-Mine-13,88606.3,59638.58,11,75.73,13.65,43.93,27.32,0.236,28,2.73,32.31,3.99,30.36,Laterite
2021-06,MOIL-Mine-13,87812.08,60125.03,11,78.29,13.95,119.08,32.8,0.364,23,4.04,33.95,5.04,29.01,Manganese-bearing
2021-07,MOIL-Mine-13,86029.26,60498.0,10,76.24,20.0,43.15,24.62,0.299,19,3.13,30.62,4.59,33.3,Manganese-bearing
2021-08,MOIL-Mine-13,84492.52,60078.64,11,82.08,13.88,57.73,25.53,0.269,24,2.77,31.37,3.86,31.68,Metamorphic
2021-09,MOIL-Mine-13,84660.04,52322.91,10,73.56,15.82,137.34,27.83,0.457,24,5.35,33.4,4.61,31.8,Manganese-bearing
2021-10,MOIL-Mine-13,84711.27,65440.18,10,80.15,19.84,2.36,26.78,0.163,24,3.46,33.41,4.37,29.84,Manganese-bearing
2021-11,MOIL-Mine-13,86680.82,56942.5,10,87.03,21.78,28.54,22.48,0.291,24,4.76,29.28,4.56,33.19,Metamorphic
2021-12,MOIL-Mine-13,84731.4,64842.97,9,87.26,13.37,4.49,21.82,0.162,25,3.28,31.33,4.35,30.64,Banded formation
2022-01,MOIL-Mine-13,85086.93,54111.34,10,82.63,24.37,34.91,24.51,0.231,28,4.55,32.97,4.08,31.24,Laterite
2022-02,MOIL-Mine-13,86793.89,64725.67,11,80.65,25.27,17.12,24.41,0.256,25,3.08,33.35,3.88,28.22,Metamorphic
2022-03,MOIL-Mine-13,87539.81,62957.61,10,84.89,20.16,26.69,28.27,0.164,18,4.33,29.54,4.99,30.12,Manganese-bearing
2022-04,MOIL-Mine-13,86639.16,63770.52,11,83.09,22.35,6.09,33.5,0.158,28,3.71,31.53,4.36,25.83,Banded formation
2022-05,MOIL-Mine-13,87185.06,63884.67,10,81.64,23.33,11.36,33.59,0.158,27,3.44,34.13,4.91,29.33,Metamorphic
2022-06,MOIL-Mine-13,85841.21,47212.67,12,67.24,27.13,99.99,27.05,0.35,27,6.3,32.25,4.05,29.15,Banded formation
2022-07,MOIL-Mine-13,87363.75,54397.39,10,78.76,31.84,49.74,28.31,0.3,24,5.78,33.34,4.85,28.29,Metamorphic
2022-08,MOIL-Mine-13,85261.4,46893.77,8,74.01,27.96,159.74,26.27,0.494,18,8.21,31.38,5.31,30.92,Metamorphic
2022-09,MOIL-Mine-13,85037.31,51343.61,9,73.18,19.69,90.54,29.25,0.4,25,5.41,30.71,3.81,24.88,Manganese-bearing
2022-10,MOIL-Mine-13,88133.66,68374.23,10,78.79,10.62,18.95,27.83,0.242,29,4.51,32.28,5.01,30.46,Manganese-bearing
2022-11,MOIL-Mine-13,89863.51,60536.91,12,83.39,21.7,20.52,26.12,0.2,21,4.41,29.89,4.39,28.45,Banded formation
2022-12,MOIL-Mine-13,88709.45,65545.87,11,90.93,24.55,37.03,19.53,0.225,26,3.31,31.95,4.53,30.03,Manganese-bearing
2023-01,MOIL-Mine-13,89546.03,69352.09,10,79.25,13.29,19.07,25.52,0.251,18,2.6,28.87,4.63,23.69,Banded formation
2023-02,MOIL-Mine-13,91412.08,66751.35,9,73.87,22.44,11.93,26.04,0.179,26,2.04,31.28,4.4,32.46,Manganese-bearing
2023-03,MOIL-Mine-13,89728.43,62667.64,11,85.83,28.03,21.74,28.18,0.251,31,5.11,31.77,4.9,28.84,Manganese-bearing
2023-04,MOIL-Mine-13,90108.35,65070.12,9,85.24,19.04,31.96,30.98,0.289,33,3.9,31.85,4.3,33.48,Manganese-bearing
2023-05,MOIL-Mine-13,90746.39,67029.39,11,83.56,24.41,10.68,33.0,0.22,28,3.8,31.99,4.74,32.78,Banded formation
2023-06,MOIL-Mine-13,88145.17,59284.89,11,75.0,9.62,71.44,36.48,0.313,27,3.75,29.86,4.64,30.28,Metamorphic
2023-07,MOIL-Mine-13,89529.78,52650.57,10,72.34,21.11,66.64,28.12,0.349,35,4.88,29.97,4.58,32.36,Banded formation
2023-08,MOIL-Mine-13,87307.8,59721.78,11,83.63,25.54,53.04,23.57,0.26,22,4.12,31.93,4.42,30.87,Manganese-bearing
2023-09,MOIL-Mine-13,88584.47,65217.86,9,79.25,18.28,17.19,27.69,0.182,25,3.55,31.8,4.59,33.83,Manganese-bearing
2023-10,MOIL-Mine-13,89364.34,61122.65,9,81.61,24.26,28.58,30.19,0.237,24,3.24,29.95,4.36,30.6,Banded formation
2023-11,MOIL-Mine-13,84850.25,61721.24,10,75.98,21.2,20.27,23.05,0.278,32,3.52,31.54,3.84,31.95,Manganese-bearing
2023-12,MOIL-Mine-13,87720.86,65774.72,10,85.82,19.8,16.04,23.14,0.148,24,3.67,31.37,4.29,29.29,Manganese-bearing
2024-01,MOIL-Mine-13,91393.19,66975.84,11,73.43,20.95,17.79,23.68,0.239,28,3.13,32.19,4.01,28.54,Manganese-bearing
2024-02,MOIL-Mine-13,91345.87,66691.5,11,86.98,28.51,10.12,25.78,0.209,19,3.43,32.44,4.53,32.96,Manganese-bearing
2024-03,MOIL-Mine-13,91651.61,72720.21,12,81.14,13.6,5.6,30.68,0.168,32,1.55,32.4,3.62,28.29,Laterite
2024-04,MOIL-Mine-13,87366.44,69149.19,9,87.23,16.66,3.33,30.98,0.239,21,3.5,30.4,4.67,31.85,Manganese-bearing
2024-05,MOIL-Mine-13,90122.07,63395.42,11,83.16,23.19,16.91,32.31,0.265,25,3.32,30.16,3.89,29.47,Banded formation
2024-06,MOIL-Mine-13,88426.67,49036.53,10,81.21,24.77,124.26,31.11,0.358,32,6.02,30.08,4.55,26.41,Manganese-bearing
2024-07,MOIL-Mine-13,90973.55,50035.45,10,78.86,25.96,147.67,27.44,0.474,24,7.4,31.44,4.77,32.38,Metamorphic
2024-08,MOIL-Mine-13,87848.71,52322.35,9,76.6,21.7,95.44,25.66,0.318,25,4.58,30.49,4.24,30.61,Manganese-bearing
2024-09,MOIL-Mine-13,91592.66,50375.96,10,64.13,43.06,235.34,28.36,0.597,31,11.32,30.99,4.01,27.22,Metamorphic
2024-10,MOIL-Mine-13,91070.83,66477.45,10,84.0,18.67,14.49,27.91,0.164,23,3.33,33.94,4.37,30.91,Laterite
2024-11,MOIL-Mine-13,89212.58,64857.09,10,75.7,20.08,3.81,27.77,0.152,26,3.01,28.37,4.24,27.48,Manganese-bearing
2024-12,MOIL-Mine-13,87811.32,60741.81,11,82.83,12.27,26.02,23.72,0.204,27,5.26,32.28,3.86,33.55,Banded formation
2025-01,MOIL-Mine-13,90811.83,61445.5,11,82.68,20.16,22.32,19.48,0.155,25,3.99,31.27,4.17,34.04,Metamorphic
2025-02,MOIL-Mine-13,90682.33,74458.23,9,82.08,22.24,2.1,22.8,0.178,25,1.62,33.85,3.91,30.09,Manganese-bearing
2025-03,MOIL-Mine-13,90563.8,52023.75,9,78.72,19.03,64.13,29.49,0.328,23,5.38,29.65,4.21,32.57,Laterite
2025-04,MOIL-Mine-13,92082.61,57814.26,10,77.27,15.68,32.29,34.31,0.307,25,4.35,30.06,5.27,32.54,Laterite
2025-05,MOIL-Mine-13,92225.49,70594.91,10,83.54,21.89,17.81,33.93,0.221,24,3.42,33.84,4.35,28.49,Manganese-bearing
2025-06,MOIL-Mine-13,90184.45,56010.59,10,75.82,27.55,75.68,30.83,0.292,27,4.66,31.36,4.53,30.82,Manganese-bearing
2025-07,MOIL-Mine-13,91005.14,55748.53,11,81.07,18.01,102.26,29.24,0.353,17,5.63,29.51,3.92,27.73,Manganese-bearing
2025-08,MOIL-Mine-13,92688.34,50978.59,11,66.34,32.51,247.85,29.17,0.61,26,9.3,28.76,4.26,28.36,Manganese-bearing
2025-09,MOIL-Mine-13,92810.2,72662.48,9,83.37,11.28,22.01,26.34,0.206,22,3.35,30.42,4.69,28.6,Manganese-bearing
2025-10,MOIL-Mine-13,92832.03,68280.57,11,76.42,16.21,12.45,28.85,0.225,22,3.7,32.59,4.41,29.74,Metamorphic
2025-11,MOIL-Mine-13,90310.64,50184.63,10,76.68,27.61,65.3,27.33,0.239,25,6.57,29.78,4.49,27.98,Manganese-bearing
2025-12,MOIL-Mine-13,92563.28,71302.18,10,86.34,9.03,47.7,23.58,0.267,28,3.5,31.1,3.79,31.21,Manganese-bearing
2021-01,MOIL-Mine-14,68824.71,47042.35,11,84.29,17.13,83.69,20.82,0.356,25,5.03,30.91,5.27,28.75,Manganese-bearing
2021-02,MOIL-Mine-14,69025.11,55524.9,12,79.94,18.06,27.89,23.99,0.255,23,2.07,35.64,5.46,33.49,Metamorphic
2021-03,MOIL-Mine-14,69941.12,48293.32,12,80.62,25.55,15.78,31.07,0.192,24,2.95,29.41,4.2,30.32,Metamorphic
2021-04,MOIL-Mine-14,68996.2,49012.64,10,78.47,21.37,40.97,30.94,0.271,18,4.37,32.62,5.09,31.64,Banded formation
2021-05,MOIL-Mine-14,67712.4,51700.16,11,88.68,16.32,36.61,37.36,0.304,23,3.41,32.46,4.57,26.08,Metamorphic
2021-06,MOIL-Mine-14,70040.73,38522.4,11,67.99,33.62,213.01,27.92,0.634,30,8.01,31.14,5.07,30.16,Manganese-bearing
2021-07,MOIL-Mine-14,69032.03,37967.62,10,74.81,26.22,226.93,25.63,0.53,27,10.03,30.82,5.54,29.68,Manganese-bearing
2021-08,MOIL-Mine-14,70645.74,47438.91,12,81.74,17.42,68.91,31.4,0.36,23,5.31,32.7,4.75,26.21,Banded formation
2021-09,MOIL-Mine-14,68568.22,51627.14,13,83.57,22.17,61.08,30.03,0.307,32,3.48,33.07,5.27,31.63,Manganese-bearing
2021-10,MOIL-Mine-14,71874.16,47238.58,12,78.19,24.24,15.34,28.7,0.238,26,4.25,33.42,4.5,28.84,Laterite
2021-11,MOIL-Mine-14,68734.73,50466.0,13,82.95,22.38,18.48,28.02,0.131,38,4.92,31.94,5.6,29.74,Metamorphic
2021-12,MOIL-Mine-14,70801.33,53605.77,12,81.89,31.77,26.62,21.86,0.21,28,2.95,32.78,5.75,30.18,Manganese-bearing
2022-01,MOIL-Mine-14,69787.8,44236.77,12,75.1,21.97,38.46,22.21,0.259,22,5.01,33.82,4.64,33.52,Laterite
2022-02,MOIL-Mine-14,68762.26,52308.23,13,82.5,26.13,12.07,25.17,0.187,22,3.84,33.55,5.2,31.13,Metamorphic
2022-03,MOIL-Mine-14,72393.56,64884.08,12,81.95,16.63,2.26,32.1,0.226,25,2.76,34.79,4.7,28.32,Manganese-bearing
2022-04,MOIL-Mine-14,72700.05,58197.07,12,80.19,16.28,36.01,32.4,0.202,31,4.01,33.44,5.23,28.56,Manganese-bearing
2022-05,MOIL-Mine-14,70211.79,55074.05,13,87.29,21.71,5.47,34.62,0.209,31,2.56,31.01,4.23,30.62,Manganese-bearing
2022-06,MOIL-Mine-14,71807.49,40763.77,13,74.91,21.49,90.22,35.78,0.422,33,6.52,31.92,5.34,28.63,Laterite
2022-07,MOIL-Mine-14,70143.83,41577.46,11,84.71,31.44,85.26,25.9,0.292,27,6.17,32.71,5.28,33.62,Metamorphic
2022-08,MOIL-Mine-14,72666.17,40214.94,12,82.08,30.03,111.01,28.05,0.413,26,6.81,34.11,5.07,35.35,Laterite
2022-09,MOIL-Mine-14,69187.04,38052.87,11,69.21,22.4,208.58,28.05,0.604,17,9.13,33.01,4.44,29.7,Manganese-bearing
2022-10,MOIL-Mine-14,71023.81,50513.28,11,84.03,10.73,25.1,26.61,0.277,33,3.55,32.16,4.64,34.62,Laterite
2022-11,MOIL-Mine-14,70455.86,47801.56,12,73.51,27.47,28.02,25.85,0.21,22,4.37,30.85,5.21,32.6,Manganese-bearing
2022-12,MOIL-Mine-14,72212.05,51360.17,12,84.58,25.17,38.29,21.07,0.214,22,5.13,33.67,5.17,29.99,Metamorphic
2023-01,MOIL-Mine-14,69559.09,49282.21,13,82.92,22.18,12.98,20.16,0.164,30,4.46,34.38,5.36,33.9,Laterite
2023-02,MOIL-Mine-14,71876.14,59063.09,12,89.42,12.62,11.19,28.82,0.209,28,2.64,33.68,3.88,34.47,Metamorphic
2023-03,MOIL-Mine-14,72254.07,45907.03,13,77.23,18.1,53.69,26.95,0.251,28,5.72,35.4,4.16,35.06,Laterite
2023-04,MOIL-Mine-14,72642.25,49388.39,12,71.89,21.88,55.69,31.22,0.305,29,4.06,33.3,4.89,28.63,Banded formation
2023-05,MOIL-Mine-14,71299.97,58753.98,12,89.24,15.94,19.82,35.95,0.231,24,3.2,35.18,5.01,27.95,Metamorphic
2023-06,MOIL-Mine-14,68239.12,39303.07,12,79.24,23.23,131.12,29.28,0.48,20,7.61,30.84,5.17,28.21,Manganese-bearing
2023-07,MOIL-Mine-14,72286.07,64816.25,12,79.64,5.83,20.4,28.99,0.227,26,1.77,33.09,4.93,26.1,Manganese-bearing
2023-08,MOIL-Mine-14,70968.51,45723.28,11,82.37,26.56,92.79,30.72,0.404,24,4.28,32.33,4.64,25.85,Metamorphic
2023-09,MOIL-Mine-14,70622.22,38842.22,13,64.88,23.51,260.68,28.73,0.69,26,11.71,33.38,5.27,30.7,Banded formation
2023-10,MOIL-Mine-14,71882.9,58071.62,11,81.32,18.34,23.05,28.89,0.241,25,2.03,34.43,4.55,29.49,Metamorphic
2023-11,MOIL-Mine-14,73069.21,56776.81,12,77.98,18.79,23.94,25.17,0.241,29,3.74,35.38,4.62,32.21,Manganese-bearing
2023-12,MOIL-Mine-14,70606.26,56334.94,13,81.06,18.62,9.6,22.91,0.195,26,3.06,33.4,4.6,33.3,Manganese-bearing
2024-01,MOIL-Mine-14,74017.38,59736.03,8,86.64,19.69,1.47,23.39,0.172,28,2.87,31.83,5.51,31.95,Manganese-bearing
2024-02,MOIL-Mine-14,70762.93,52707.75,11,73.48,23.28,11.07,26.52,0.276,23,3.22,33.2,4.97,30.97,Metamorphic
2024-03,MOIL-Mine-14,72413.2,50592.06,11,79.68,17.3,17.85,28.83,0.248,27,3.39,33.74,4.06,29.47,Laterite
2024-04,MOIL-Mine-14,71612.66,54595.94,11,82.25,20.11,18.17,32.05,0.199,19,2.92,30.8,4.77,30.32,Manganese-bearing
2024-05,MOIL-Mine-14,73201.6,46400.69,12,77.47,16.9,60.06,34.43,0.275,24,4.34,30.66,5.15,30.89,Laterite
2024-06,MOIL-Mine-14,72013.04,39607.17,13,57.92,38.26,271.44,28.72,0.671,22,11.18,34.48,5.3,27.82,Metamorphic
2024-07,MOIL-Mine-14,72176.12,39696.87,13,67.16,35.9,209.82,30.38,0.627,22,10.54,34.11,5.31,25.9,Manganese-bearing
2024-08,MOIL-Mine-14,73288.24,49768.45,12,80.04,22.78,82.76,28.51,0.381,27,4.74,34.89,5.13,32.32,Manganese-bearing
2024-09,MOIL-Mine-14,73647.87,54293.67,11,86.53,14.13,43.64,30.47,0.319,33,3.9,30.66,4.79,34.07,Manganese-bearing
2024-10,MOIL-Mine-14,73880.91,62585.99,13,78.98,8.02,7.5,27.52,0.177,19,1.99,30.88,4.59,30.82,Banded formation
2024-11,MOIL-Mine-14,73868.79,63750.16,13,86.32,11.14,1.72,24.16,0.158,30,2.5,31.03,4.09,31.05,Manganese-bearing
2024-12,MOIL-Mine-14,71015.06,54136.87,11,75.7,13.32,19.93,22.61,0.234,27,3.51,31.19,4.57,30.46,Manganese-bearing
2025-01,MOIL-Mine-14,74945.95,56583.96,13,80.69,21.71,21.87,20.5,0.234,28,5.5,34.87,5.01,27.82,Manganese-bearing
2025-02,MOIL-Mine-14,75249.42,57408.14,12,80.75,5.0,6.37,21.3,0.16,25,2.72,31.2,5.37,32.72,Laterite
2025-03,MOIL-Mine-14,72852.08,56775.73,11,83.09,29.19,23.69,27.96,0.24,30,3.31,36.16,5.07,28.31,Banded formation
2025-04,MOIL-Mine-14,74856.02,55722.1,12,84.1,16.21,7.75,31.69,0.207,27,3.85,30.27,5.0,30.58,Metamorphic
2025-05,MOIL-Mine-14,74500.09,59465.01,12,80.3,12.42,27.09,36.55,0.222,18,3.24,32.6,5.13,32.72,Manganese-bearing
2025-06,MOIL-Mine-14,73304.35,61591.78,11,82.47,6.51,23.13,27.52,0.211,22,3.83,33.28,4.41,28.33,Manganese-bearing
2025-07,MOIL-Mine-14,71995.53,56931.47,12,87.83,24.33,40.43,29.41,0.263,30,3.43,33.76,5.01,27.47,Manganese-bearing
2025-08,MOIL-Mine-14,73271.08,40299.1,12,62.48,25.63,225.04,27.96,0.653,26,9.89,33.12,4.55,31.49,Manganese-bearing
2025-09,MOIL-Mine-14,74129.4,50075.07,11,81.04,13.2,67.77,30.36,0.327,23,5.39,30.75,5.02,32.02,Metamorphic
2025-10,MOIL-Mine-14,73173.71,57193.74,11,84.81,27.91,17.59,31.54,0.246,27,2.2,34.09,5.3,29.21,Metamorphic
2025-11,MOIL-Mine-14,72830.84,50607.4,12,88.68,24.03,23.85,26.83,0.273,23,4.13,29.65,4.31,32.25,Metamorphic
2025-12,MOIL-Mine-14,72826.07,54826.38,10,84.22,21.35,20.57,21.84,0.196,22,4.09,32.43,4.89,35.19,Manganese-bearing
2021-01,MOIL-Mine-15,95777.04,69392.83,12,94.54,18.17,11.63,24.45,0.227,18,3.38,30.33,4.11,30.87,Metamorphic
2021-02,MOIL-Mine-15,96801.01,63368.91,11,75.66,29.59,14.97,22.43,0.232,26,3.74,30.63,4.45,29.0,Manganese-bearing
2021-03,MOIL-Mine-15,98462.2,73607.58,14,75.97,14.93,3.66,25.63,0.241,27,3.28,31.3,4.78,27.63,Metamorphic
2021-04,MOIL-Mine-15,97357.57,80638.88,12,86.34,11.84,20.18,33.36,0.199,29,3.48,29.83,5.76,25.86,Manganese-bearing
2021-05,MOIL-Mine-15,99655.34,61057.45,13,76.78,26.45,39.15,33.76,0.236,22,4.01,29.15,4.3,28.74,Metamorphic
2021-06,MOIL-Mine-15,96660.17,66761.54,13,77.62,18.62,47.76,31.04,0.223,24,4.82,32.32,5.04,29.37,Manganese-bearing
2021-07,MOIL-Mine-15,93905.73,73738.73,12,84.27,19.04,25.1,27.39,0.197,33,2.68,33.13,4.47,26.01,Manganese-bearing
2021-08,MOIL-Mine-15,98814.4,68369.58,14,79.81,19.4,66.49,25.55,0.352,20,4.78,32.54,4.89,26.42,Manganese-bearing
2021-09,MOIL-Mine-15,96249.22,60754.12,11,84.01,21.08,78.19,28.92,0.34,26,4.25,32.71,4.31,29.21,Metamorphic
2021-10,MOIL-Mine-15,94105.63,80623.1,11,88.49,8.03,19.53,31.52,0.209,25,3.03,31.7,5.59,27.66,Manganese-bearing
2021-11,MOIL-Mine-15,93217.6,69284.39,11,85.48,15.33,3.55,25.21,0.14,27,4.3,31.26,4.84,32.01,Manganese-bearing
2021-12,MOIL-Mine-15,95858.92,71345.75,13,76.06,17.86,15.83,21.09,0.254,32,2.57,31.22,4.47,25.51,Manganese-bearing
2022-01,MOIL-Mine-15,98534.57,78769.37,12,90.68,14.02,33.13,18.05,0.187,34,4.68,33.67,5.62,26.67,Manganese-bearing
2022-02,MOIL-Mine-15,97625.54,66934.27,12,84.65,22.15,11.25,26.84,0.226,23,3.19,31.98,4.3,30.76,Laterite
2022-03,MOIL-Mine-15,98486.75,86786.57,12,82.26,6.75,18.12,24.79,0.254,20,1.92,31.42,5.48,29.18,Manganese-bearing
2022-04,MOIL-Mine-15,99827.38,70648.55,12,90.52,29.49,26.53,30.35,0.237,34,3.85,33.24,5.03,29.65,Metamorphic
2022-05,MOIL-Mine-15,97057.01,77167.86,13,78.37,16.92,19.82,33.64,0.237,29,1.62,31.06,4.89,31.01,Manganese-bearing
2022-06,MOIL-Mine-15,98379.5,62673.87,14,80.33,16.72,76.59,29.82,0.24,33,4.43,31.23,5.22,24.49,Laterite
2022-07,MOIL-Mine-15,96920.06,62321.64,12,83.97,17.4,17.64,27.55,0.184,31,4.23,29.38,4.44,27.74,Laterite
2022-08,MOIL-Mine-15,98405.17,54122.85,13,66.32,33.95,186.46,28.88,0.562,28,7.99,28.93,5.39,27.73,Laterite
2022-09,MOIL-Mine-15,97701.4,53735.77,13,73.58,24.11,177.63,29.07,0.542,19,8.66,31.59,4.21,30.26,Laterite
2022-10,MOIL-Mine-15,95290.32,63181.1,14,74.16,18.18,37.59,28.94,0.211,20,3.98,29.67,4.24,28.59,Manganese-bearing
2022-11,MOIL-Mine-15,96744.82,80252.53,14,76.61,11.97,3.91,22.15,0.147,17,1.53,30.31,5.34,31.14,Manganese-bearing
2022-12,MOIL-Mine-15,97081.76,73272.02,12,84.71,18.69,12.48,21.87,0.237,25,3.46,30.99,4.34,30.96,Manganese-bearing
2023-01,MOIL-Mine-15,100955.87,70534.72,14,76.03,19.29,40.13,25.81,0.244,26,3.66,31.01,5.53,26.61,Metamorphic
2023-02,MOIL-Mine-15,96754.33,77474.59,12,80.69,12.82,9.23,23.44,0.234,25,3.29,32.85,4.83,30.11,Manganese-bearing
2023-03,MOIL-Mine-15,101150.16,71398.61,14,80.12,31.53,9.03,27.55,0.222,28,3.36,30.68,5.56,32.88,Manganese-bearing
2023-04,MOIL-Mine-15,98618.18,77546.53,13,86.66,19.01,5.15,31.7,0.156,30,2.57,32.28,4.88,28.66,Banded formation
2023-05,MOIL-Mine-15,98654.64,65229.12,13,79.95,31.57,45.89,34.23,0.257,22,4.66,30.99,5.04,28.55,Manganese-bearing
2023-06,MOIL-Mine-15,98418.85,58247.42,12,73.87,18.59,101.0,34.93,0.41,27,5.64,30.08,5.31,25.97,Metamorphic
2023-07,MOIL-Mine-15,98729.37,61397.92,12,79.58,35.06,50.13,27.87,0.325,30,4.04,30.59,4.63,29.39,Metamorphic
2023-08,MOIL-Mine-15,98990.46,55728.34,12,76.63,31.87,46.45,26.66,0.266,27,4.84,29.06,4.9,29.65,Metamorphic
2023-09,MOIL-Mine-15,101506.78,69033.85,12,78.98,22.11,62.41,29.3,0.313,25,4.78,32.89,4.47,24.58,Manganese-bearing
2023-10,MOIL-Mine-15,101163.98,78090.08,12,87.43,20.0,6.29,28.31,0.162,24,2.71,29.8,4.98,31.22,Manganese-bearing
2023-11,MOIL-Mine-15,98884.71,72611.59,12,86.86,17.59,23.81,19.53,0.265,33,3.59,29.54,4.58,27.73,Manganese-bearing
2023-12,MOIL-Mine-15,99834.93,66119.08,14,80.42,24.9,65.27,20.42,0.295,29,4.66,31.1,4.68,28.67,Manganese-bearing
2024-01,MOIL-Mine-15,100351.94,81055.67,13,86.43,21.54,4.81,21.13,0.214,26,2.92,33.03,5.7,29.31,Banded formation
2024-02,MOIL-Mine-15,101208.51,76038.04,13,80.37,16.2,15.6,27.91,0.26,21,4.55,33.62,4.68,25.87,Manganese-bearing
2024-03,MOIL-Mine-15,101090.92,82362.24,10,84.59,19.13,6.83,24.17,0.207,22,1.92,33.08,4.56,25.81,Manganese-bearing
2024-04,MOIL-Mine-15,103936.47,67590.0,12,83.23,25.68,20.61,33.13,0.255,30,3.22,30.68,4.35,30.08,Laterite
2024-05,MOIL-Mine-15,103040.62,80137.31,11,82.1,16.82,6.52,34.8,0.194,24,2.65,34.45,3.88,27.62,Metamorphic
2024-06,MOIL-Mine-15,100093.49,73708.88,15,81.66,24.26,25.47,28.19,0.244,21,3.48,32.51,4.8,31.02,Manganese-bearing
2024-07,MOIL-Mine-15,99549.43,60093.0,12,78.87,15.78,79.0,24.11,0.421,26,6.09,32.47,4.42,33.65,Banded formation
2024-08,MOIL-Mine-15,101914.26,56052.84,10,74.18,24.22,169.15,25.33,0.496,24,9.47,32.46,4.58,26.34,Manganese-bearing
2024-09,MOIL-Mine-15,102056.12,63075.42,12,81.9,24.62,53.19,25.99,0.285,25,5.33,30.63,4.63,29.46,Manganese-bearing
2024-10,MOIL-Mine-15,97389.97,62792.92,11,72.52,26.76,23.99,23.52,0.189,16,5.44,32.72,3.87,24.18,Manganese-bearing
2024-11,MOIL-Mine-15,100163.03,74932.82,13,83.19,20.37,5.1,23.57,0.24,20,4.14,33.18,4.89,28.58,Manganese-bearing
2024-12,MOIL-Mine-15,97087.95,73058.45,12,81.06,20.27,35.03,21.04,0.193,22,2.14,30.34,4.36,30.1,Manganese-bearing
2025-01,MOIL-Mine-15,101424.7,72177.46,12,79.25,16.65,15.94,18.05,0.255,25,2.17,30.52,4.6,27.72,Laterite
2025-02,MOIL-Mine-15,105727.53,81868.15,11,83.56,20.21,10.24,21.53,0.253,27,2.32,30.76,4.69,31.73,Manganese-bearing
2025-03,MOIL-Mine-15,103177.3,84951.25,12,81.3,12.17,4.39,22.96,0.174,30,2.46,33.29,4.34,28.82,Manganese-bearing
2025-04,MOIL-Mine-15,106078.61,84834.2,12,89.97,17.64,8.99,31.43,0.164,27,2.45,31.1,5.07,30.13,Banded formation
2025-05,MOIL-Mine-15,103291.43,89007.88,11,80.53,11.74,6.53,31.82,0.141,31,1.17,32.35,4.43,25.51,Banded formation
2025-06,MOIL-Mine-15,102948.42,70576.67,12,76.17,22.75,36.72,34.31,0.244,23,3.5,30.7,4.92,28.86,Manganese-bearing
2025-07,MOIL-Mine-15,102838.67,67314.31,13,73.44,25.13,84.0,25.05,0.335,22,4.44,33.37,5.26,22.98,Manganese-bearing
2025-08,MOIL-Mine-15,102581.51,67390.19,13,82.11,16.99,74.7,25.0,0.317,21,4.23,30.73,4.57,27.63,Banded formation
2025-09,MOIL-Mine-15,101728.34,55950.58,11,75.42,24.51,131.99,30.36,0.446,30,6.2,32.34,4.32,30.15,Manganese-bearing
2025-10,MOIL-Mine-15,102187.29,73999.14,12,78.5,22.76,12.48,29.11,0.199,28,3.45,32.96,5.13,29.08,Metamorphic
2025-11,MOIL-Mine-15,100335.23,80900.67,11,78.64,7.19,19.86,23.96,0.217,25,2.83,31.25,4.96,28.06,Manganese-bearing
2025-12,MOIL-Mine-15,102775.19,74534.52,11,82.95,22.63,8.93,19.55,0.205,27,2.69,30.87,4.1,29.12,Manganese-bearing
2021-01,MOIL-Mine-16,89369.56,67254.27,11,75.78,11.85,39.82,22.23,0.218,28,4.04,31.1,5.38,28.18,Manganese-bearing
2021-02,MOIL-Mine-16,88286.44,61602.48,9,77.53,21.49,11.45,24.79,0.146,25,4.07,30.72,4.71,28.51,Banded formation
2021-03,MOIL-Mine-16,89135.45,67257.85,12,85.22,20.89,13.96,23.76,0.178,26,4.41,32.18,4.63,27.1,Manganese-bearing
2021-04,MOIL-Mine-16,91167.32,74823.06,11,87.21,17.28,1.99,30.66,0.224,31,2.64,31.26,4.88,30.8,Manganese-bearing
2021-05,MOIL-Mine-16,86238.38,67241.24,11,80.55,20.36,7.62,32.58,0.228,24,3.81,34.97,4.86,28.93,Manganese-bearing
2021-06,MOIL-Mine-16,85763.13,47169.72,11,71.3,26.03,115.0,32.41,0.413,20,6.13,29.29,4.37,27.43,Metamorphic
2021-07,MOIL-Mine-16,87866.63,48852.66,12,70.26,24.6,121.57,29.07,0.453,25,5.9,30.37,4.29,30.94,Manganese-bearing
2021-08,MOIL-Mine-16,87886.01,54666.37,10,78.84,21.11,92.05,27.12,0.413,24,4.9,30.87,4.61,26.14,Metamorphic
2021-09,MOIL-Mine-16,86881.23,47784.68,10,55.01,41.95,320.0,30.84,0.789,23,12.41,30.59,4.47,28.41,Manganese-bearing
2021-10,MOIL-Mine-16,89411.39,66910.25,11,75.84,20.21,8.34,30.51,0.125,24,3.39,32.46,4.54,28.28,Manganese-bearing
2021-11,MOIL-Mine-16,88128.92,62774.16,11,84.33,18.31,9.24,25.5,0.189,24,5.53,30.27,5.05,29.79,Manganese-bearing
2021-12,MOIL-Mine-16,90300.47,62060.44,11,83.64,23.31,11.44,22.14,0.226,23,2.89,32.2,3.76,30.02,Laterite
2022-01,MOIL-Mine-16,88335.7,70531.44,11,80.64,12.73,16.28,20.2,0.227,25,3.17,32.74,4.47,28.5,Metamorphic
2022-02,MOIL-Mine-16,90083.02,61097.92,11,79.44,16.65,17.91,26.89,0.225,29,4.55,30.9,4.36,31.0,Metamorphic
2022-03,MOIL-Mine-16,92773.95,71253.99,13,85.41,25.84,12.9,29.32,0.244,26,3.78,34.52,4.59,30.74,Manganese-bearing
2022-04,MOIL-Mine-16,90176.78,52969.49,14,81.16,23.86,66.14,32.95,0.322,25,6.4,29.85,4.7,26.56,Metamorphic
2022-05,MOIL-Mine-16,89393.07,64612.18,11,76.65,22.91,20.03,36.13,0.26,26,2.72,28.78,5.04,34.07,Manganese-bearing
2022-06,MOIL-Mine-16,87194.87,51632.19,13,73.25,26.77,75.76,28.63,0.332,18,5.09,28.95,5.21,31.23,Manganese-bearing
2022-07,MOIL-Mine-16,93855.44,55231.78,9,78.63,30.66,79.04,26.39,0.386,27,6.58,32.43,4.45,31.87,Manganese-bearing
2022-08,MOIL-Mine-16,89239.88,57527.41,11,80.02,23.79,74.44,28.5,0.393,29,4.62,29.89,5.22,23.56,Banded formation
2022-09,MOIL-Mine-16,90022.85,56395.31,9,81.73,25.03,86.61,27.75,0.362,21,6.05,30.51,4.74,27.22,Manganese-bearing
2022-10,MOIL-Mine-16,88540.1,73317.54,11,80.65,5.0,11.57,28.29,0.205,24,3.3,32.29,4.82,29.57,Manganese-bearing
2022-11,MOIL-Mine-16,90450.82,73155.14,12,86.55,20.36,17.39,23.98,0.175,12,1.38,30.21,4.51,24.18,Metamorphic
2022-12,MOIL-Mine-16,89348.42,62899.41,12,83.9,30.24,35.51,20.4,0.228,25,3.86,30.67,4.87,27.36,Manganese-bearing
2023-01,MOIL-Mine-16,90720.37,73358.13,11,76.63,11.68,19.84,22.25,0.244,23,2.25,34.19,4.27,31.23,Manganese-bearing
2023-02,MOIL-Mine-16,92877.09,57126.03,11,79.35,29.53,62.48,26.9,0.307,27,5.76,32.12,4.26,25.64,Manganese-bearing
2023-03,MOIL-Mine-16,88677.21,67403.89,10,81.51,7.81,3.47,27.75,0.139,26,2.64,29.28,5.34,29.71,Laterite
2023-04,MOIL-Mine-16,91766.71,72691.28,12,79.63,9.04,32.08,34.69,0.254,28,3.25,31.71,5.13,25.7,Banded formation
2023-05,MOIL-Mine-16,86431.8,59347.72,12,87.18,16.68,20.71,32.62,0.187,20,5.2,28.23,4.77,29.68,Metamorphic
2023-06,MOIL-Mine-16,89626.91,57406.28,10,72.75,25.59,65.65,32.75,0.299,33,4.4,33.18,3.45,27.93,Manganese-bearing
2023-07,MOIL-Mine-16,88480.61,50687.63,9,78.75,21.82,74.56,29.48,0.284,29,4.53,32.17,4.8,28.62,Laterite
2023-08,MOIL-Mine-16,89506.16,60242.88,12,78.04,14.01,80.35,26.79,0.389,23,4.53,28.11,4.77,26.6,Manganese-bearing
2023-09,MOIL-Mine-16,91643.9,53676.25,11,74.24,22.07,93.69,26.19,0.332,26,3.58,30.4,4.4,30.14,Laterite
2023-10,MOIL-Mine-16,92919.58,63087.84,11,84.45,25.29,12.81,29.92,0.168,22,5.06,29.39,4.89,25.71,Metamorphic
2023-11,MOIL-Mine-16,91935.12,63036.85,10,83.19,21.03,17.62,21.17,0.202,25,4.39,30.43,4.19,29.95,Banded formation
2023-12,MOIL-Mine-16,90261.72,71572.14,12,85.27,18.28,30.52,20.11,0.271,25,3.76,33.48,4.94,27.44,Manganese-bearing
2024-01,MOIL-Mine-16,91350.49,64865.31,12,86.29,18.84,22.95,20.3,0.23,33,3.59,30.7,4.5,32.15,Metamorphic
2024-02,MOIL-Mine-16,92908.34,69115.05,11,86.14,19.73,10.94,21.01,0.29,25,3.47,32.87,5.35,28.73,Laterite
2024-03,MOIL-Mine-16,89397.07,68283.65,11,90.52,18.71,19.54,31.31,0.203,27,3.23,33.08,5.14,30.3,Metamorphic
2024-04,MOIL-Mine-16,90051.92,54460.52,11,75.42,25.52,96.22,32.81,0.381,22,5.28,30.68,4.42,27.98,Manganese-bearing
2024-05,MOIL-Mine-16,94792.63,69100.5,12,75.81,17.57,13.91,35.82,0.207,33,3.47,33.25,4.73,33.4,Banded formation
2024-06,MOIL-Mine-16,91028.0,59882.93,13,85.29,24.85,74.65,36.08,0.328,24,3.92,29.12,4.64,29.08,Manganese-bearing
2024-07,MOIL-Mine-16,90454.22,51569.49,9,80.01,22.89,112.55,29.57,0.427,25,3.86,28.67,4.49,29.06,Manganese-bearing
2024-08,MOIL-Mine-16,92647.39,63477.69,10,78.57,22.29,50.84,26.83,0.28,31,4.67,30.62,4.04,25.9,Manganese-bearing
2024-09,MOIL-Mine-16,88782.4,62793.08,11,87.45,16.26,31.94,26.22,0.21,25,3.94,29.32,4.7,33.3,Metamorphic
2024-10,MOIL-Mine-16,90147.16,70368.86,10,86.6,18.48,5.15,31.02,0.218,25,2.72,32.1,4.84,30.04,Metamorphic
2024-11,MOIL-Mine-16,89163.73,62511.65,12,76.84,16.83,51.88,24.24,0.282,28,5.57,33.4,4.7,25.1,Manganese-bearing
2024-12,MOIL-Mine-16,93161.78,83458.96,11,88.3,13.02,9.4,19.21,0.228,26,1.81,32.98,4.55,30.56,Manganese-bearing
2025-01,MOIL-Mine-16,95584.74,73681.6,11,82.4,16.33,11.38,21.27,0.251,30,2.29,32.73,4.46,25.45,Laterite
2025-02,MOIL-Mine-16,89492.82,63912.05,11,81.64,24.5,6.79,23.64,0.212,27,3.74,30.29,4.37,33.79,Banded formation
2025-03,MOIL-Mine-16,95583.12,64840.58,12,81.5,27.96,39.09,21.43,0.261,22,4.53,30.86,4.76,27.19,Manganese-bearing
2025-04,MOIL-Mine-16,92005.62,71279.5,12,80.45,21.43,10.4,33.8,0.216,19,3.05,33.62,4.5,27.1,Manganese-bearing
2025-05,MOIL-Mine-16,94560.51,69713.33,13,88.19,21.54,13.64,32.06,0.184,20,3.76,31.73,4.25,28.67,Banded formation
2025-06,MOIL-Mine-16,92702.68,53154.64,10,74.36,26.81,99.4,29.76,0.382,25,5.3,31.86,4.73,26.1,Banded formation
2025-07,MOIL-Mine-16,95967.79,65801.66,11,91.53,19.64,61.69,28.93,0.253,28,3.75,31.46,4.49,28.99,Metamorphic
2025-08,MOIL-Mine-16,94616.72,57053.0,11,86.31,25.73,78.08,28.63,0.329,27,5.11,30.04,4.23,27.91,Metamorphic
2025-09,MOIL-Mine-16,92655.69,50960.63,13,71.59,27.99,231.72,29.82,0.671,31,10.14,32.58,4.23,29.99,Banded formation
2025-10,MOIL-Mine-16,91803.85,63911.72,11,89.12,20.25,19.44,24.57,0.28,28,4.25,30.05,4.17,35.96,Banded formation
2025-11,MOIL-Mine-16,95154.18,87010.68,12,86.79,7.94,2.49,25.46,0.215,21,2.65,32.77,4.95,26.28,Manganese-bearing
2025-12,MOIL-Mine-16,94256.84,71019.75,11,84.65,23.2,21.36,21.69,0.228,25,4.27,32.83,4.37,26.23,Manganese-bearing
2021-01,MOIL-Mine-17,71116.98,52385.51,11,86.63,20.49,4.87,24.57,0.187,24,3.28,29.26,4.21,33.15,Metamorphic
2021-02,MOIL-Mine-17,70645.35,45657.45,11,80.96,36.87,29.66,23.4,0.205,20,4.66,31.84,4.42,32.51,Manganese-bearing
2021-03,MOIL-Mine-17,71983.86,60003.93,13,89.74,16.58,18.46,32.53,0.188,21,3.3,30.99,4.94,31.33,Manganese-bearing
2021-04,MOIL-Mine-17,74226.25,54423.32,11,90.18,14.04,43.36,34.33,0.271,31,3.68,29.06,4.38,30.4,Banded formation
2021-05,MOIL-Mine-17,72974.38,61259.48,13,83.53,14.44,14.84,34.36,0.177,30,3.15,30.24,4.18,25.86,Manganese-bearing
2021-06,MOIL-Mine-17,73006.13,49005.21,10,80.42,17.54,47.6,29.69,0.292,25,4.06,32.47,3.91,28.59,Laterite
2021-07,MOIL-Mine-17,70355.62,41346.94,11,79.58,20.6,109.97,27.74,0.409,24,6.37,30.15,4.18,26.92,Metamorphic
2021-08,MOIL-Mine-17,69722.32,38347.28,12,70.73,26.17,171.47,27.57,0.495,22,7.72,32.39,4.78,27.54,Metamorphic
2021-09,MOIL-Mine-17,72798.85,55731.52,11,80.8,9.29,45.5,31.65,0.294,27,3.47,31.59,3.85,33.21,Manganese-bearing
2021-10,MOIL-Mine-17,69950.59,60589.31,11,89.88,15.79,11.36,27.35,0.124,23,2.14,31.31,4.11,32.31,Manganese-bearing
2021-11,MOIL-Mine-17,72006.43,53974.84,11,80.65,25.63,13.02,28.13,0.216,18,3.4,32.24,4.0,28.5,Metamorphic
2021-12,MOIL-Mine-17,70892.43,47961.98,12,73.97,25.45,22.13,25.49,0.222,25,3.71,29.75,3.77,31.94,Manganese-bearing
2022-01,MOIL-Mine-17,73994.94,58865.99,13,82.1,15.93,13.93,19.05,0.214,26,3.5,32.1,3.79,29.8,Manganese-bearing
2022-02,MOIL-Mine-17,74739.35,59939.62,11,90.83,30.61,9.93,26.78,0.205,22,2.94,32.33,3.9,29.19,Manganese-bearing
2022-03,MOIL-Mine-17,72859.31,55454.84,10,84.08,21.23,14.07,27.91,0.227,25,3.65,32.33,4.37,30.98,Metamorphic
2022-04,MOIL-Mine-17,71694.84,55993.42,12,83.93,16.27,19.85,32.11,0.226,21,3.92,32.2,3.62,23.49,Metamorphic
2022-05,MOIL-Mine-17,72093.8,49867.88,11,86.08,28.58,34.6,31.55,0.273,25,2.68,31.98,4.08,29.55,Laterite
2022-06,MOIL-Mine-17,73198.25,48931.1,11,80.57,18.58,61.78,38.95,0.237,25,3.41,28.8,3.79,33.11,Banded formation
2022-07,MOIL-Mine-17,73442.04,48884.72,10,79.82,16.37,63.85,29.11,0.339,35,4.98,31.88,3.92,33.89,Manganese-bearing
2022-08,MOIL-Mine-17,73268.06,41349.0,12,77.33,18.09,133.59,29.96,0.431,22,5.97,31.79,3.59,33.56,Manganese-bearing
2022-09,MOIL-Mine-17,73301.57,45026.54,12,84.36,22.38,63.44,31.91,0.287,23,5.05,29.14,3.57,29.89,Metamorphic
2022-10,MOIL-Mine-17,72103.11,53443.15,11,76.18,13.56,37.18,24.38,0.248,22,3.53,31.32,3.76,28.57,Manganese-bearing
2022-11,MOIL-Mine-17,72260.43,64794.48,10,88.04,6.48,10.43,27.82,0.261,27,2.1,31.31,3.83,30.44,Manganese-bearing
2022-12,MOIL-Mine-17,73291.03,57009.04,11,75.33,18.26,16.55,23.49,0.195,23,4.29,33.28,3.73,28.02,Manganese-bearing
2023-01,MOIL-Mine-17,74140.21,58463.73,12,85.39,10.3,16.37,26.6,0.159,25,2.44,30.92,3.74,26.19,Laterite
2023-02,MOIL-Mine-17,72837.83,51406.2,11,85.54,18.81,15.35,24.03,0.226,27,5.12,28.5,4.11,28.51,Metamorphic
2023-03,MOIL-Mine-17,74980.02,51968.84,13,81.29,31.91,22.24,26.68,0.255,30,3.4,35.69,3.81,31.95,Laterite
2023-04,MOIL-Mine-17,72794.12,54962.37,11,89.01,13.86,7.82,34.41,0.218,23,3.34,31.28,4.11,28.98,Laterite
2023-05,MOIL-Mine-17,74114.15,56066.01,11,80.5,30.45,10.2,33.86,0.21,20,2.52,31.91,3.67,30.12,Manganese-bearing
2023-06,MOIL-Mine-17,74200.82,40810.45,11,76.73,18.79,143.12,31.4,0.445,29,6.89,30.82,3.95,30.9,Metamorphic
2023-07,MOIL-Mine-17,73448.98,40396.94,12,77.45,28.67,117.39,27.34,0.395,27,7.08,32.14,3.79,32.29,Banded formation
2023-08,MOIL-Mine-17,73033.71,40168.54,10,60.26,32.56,287.54,26.45,0.715,30,11.9,31.87,4.47,29.83,Banded formation
2023-09,MOIL-Mine-17,72303.04,54617.47,12,80.65,16.22,58.14,30.95,0.303,21,3.23,31.24,4.07,28.76,Manganese-bearing
2023-10,MOIL-Mine-17,74743.52,51145.39,10,77.19,25.85,19.24,30.76,0.135,30,3.92,31.3,4.53,32.58,Metamorphic
2023-11,MOIL-Mine-17,76157.92,63104.68,13,86.77,22.22,2.29,26.14,0.167,25,2.88,31.67,4.38,29.04,Manganese-bearing
2023-12,MOIL-Mine-17,74157.33,58267.12,11,79.01,24.73,20.92,19.13,0.192,24,2.29,33.01,4.1,28.94,Manganese-bearing
2024-01,MOIL-Mine-17,73528.04,49539.52,13,76.7,28.34,29.99,18.36,0.231,27,4.71,28.45,4.31,29.58,Manganese-bearing
2024-02,MOIL-Mine-17,74319.95,64906.19,12,82.18,7.96,14.73,23.12,0.221,28,3.36,33.38,4.1,30.31,Manganese-bearing
2024-03,MOIL-Mine-17,73990.64,59546.51,12,79.48,17.02,35.25,26.07,0.257,26,2.06,33.0,4.07,31.09,Banded formation
2024-04,MOIL-Mine-17,75265.42,68363.09,11,82.53,5.22,9.53,33.48,0.206,31,3.46,34.06,4.31,27.49,Manganese-bearing
2024-05,MOIL-Mine-17,77138.85,51291.65,11,78.57,15.14,61.39,34.43,0.309,29,4.03,32.42,3.5,32.05,Metamorphic
2024-06,MOIL-Mine-17,72831.37,45152.22,11,79.6,19.18,116.11,31.73,0.428,19,6.22,30.07,4.04,27.68,Manganese-bearing
2024-07,MOIL-Mine-17,74061.3,45106.15,13,70.98,27.15,110.35,27.24,0.407,20,4.64,31.73,4.09,29.02,Manganese-bearing
2024-08,MOIL-Mine-17,76875.02,42281.26,11,66.52,28.84,208.75,28.87,0.577,21,8.99,30.38,4.37,31.16,Manganese-bearing
2024-09,MOIL-Mine-17,74050.18,42276.06,10,72.52,22.96,95.13,31.95,0.402,32,5.15,30.23,4.18,29.78,Banded formation
2024-10,MOIL-Mine-17,73249.61,60186.79,12,88.72,21.63,10.89,27.54,0.176,22,3.78,33.76,3.97,31.42,Manganese-bearing
2024-11,MOIL-Mine-17,73578.93,64321.7,14,81.93,19.2,7.75,31.21,0.165,33,2.64,33.5,4.2,27.75,Manganese-bearing
2024-12,MOIL-Mine-17,74336.04,59895.99,13,75.64,18.28,20.18,21.18,0.218,16,2.07,30.54,4.04,29.84,Manganese-bearing
2025-01,MOIL-Mine-17,78511.46,72362.97,11,88.09,9.04,2.18,22.08,0.214,22,1.36,31.53,4.26,33.76,Manganese-bearing
2025-02,MOIL-Mine-17,79091.15,59607.02,13,84.43,12.96,12.54,24.57,0.215,24,2.33,29.96,3.46,29.72,Laterite
2025-03,MOIL-Mine-17,79882.88,62635.84,12,83.5,10.57,43.1,27.47,0.295,26,4.11,34.25,3.68,31.22,Manganese-bearing
2025-04,MOIL-Mine-17,75456.23,57031.3,12,81.76,26.01,20.35,31.28,0.194,28,4.03,32.24,4.47,29.04,Manganese-bearing
2025-05,MOIL-Mine-17,77587.73,54457.49,10,84.79,21.27,28.09,37.62,0.283,31,4.28,31.61,4.29,33.77,Banded formation
2025-06,MOIL-Mine-17,78046.14,42925.38,13,71.91,24.55,185.81,28.17,0.544,24,8.24,31.19,3.74,30.02,Metamorphic
2025-07,MOIL-Mine-17,76471.08,54205.3,11,82.5,15.44,17.69,31.81,0.276,25,4.16,31.87,4.79,25.45,Laterite
2025-08,MOIL-Mine-17,79869.77,60007.21,12,78.44,16.86,58.34,26.22,0.312,22,4.05,31.9,3.86,25.2,Manganese-bearing
2025-09,MOIL-Mine-17,78768.93,54923.51,13,78.46,17.91,70.58,28.22,0.312,26,4.36,30.75,4.25,31.33,Manganese-bearing
2025-10,MOIL-Mine-17,76650.25,64264.7,10,85.89,18.62,16.83,29.42,0.217,22,2.07,32.38,4.33,32.73,Manganese-bearing
2025-11,MOIL-Mine-17,75098.24,63831.82,10,89.81,11.09,10.42,23.63,0.178,27,3.14,31.83,3.82,28.28,Manganese-bearing
2025-12,MOIL-Mine-17,80014.12,61316.8,10,85.88,26.69,22.62,21.22,0.26,26,2.85,30.18,4.43,27.18,Manganese-bearing
2021-01,MOIL-Mine-18,116699.68,65294.01,11,80.41,34.81,41.83,19.95,0.312,26,4.04,31.37,4.33,32.47,Laterite
2021-02,MOIL-Mine-18,113495.8,75632.85,11,85.78,24.17,20.8,28.36,0.21,33,3.41,29.8,5.06,28.12,Metamorphic
2021-03,MOIL-Mine-18,118366.58,84066.78,12,83.25,18.28,27.13,26.27,0.177,25,3.0,28.74,5.63,28.87,Manganese-bearing
2021-04,MOIL-Mine-18,117559.46,81022.94,11,80.6,22.92,12.11,31.13,0.178,24,3.79,31.26,5.07,25.17,Metamorphic
2021-05,MOIL-Mine-18,116567.15,78366.77,10,87.16,27.72,19.51,29.69,0.185,29,3.98,30.35,4.93,30.82,Manganese-bearing
2021-06,MOIL-Mine-18,119051.06,68054.57,10,79.25,21.55,86.83,31.29,0.417,21,4.31,31.47,4.33,28.23,Metamorphic
2021-07,MOIL-Mine-18,116599.35,83870.55,11,83.58,22.02,38.11,26.8,0.235,16,3.15,31.57,5.0,26.98,Manganese-bearing
2021-08,MOIL-Mine-18,114640.63,65433.9,14,83.64,23.61,127.8,26.5,0.376,26,6.71,28.86,5.25,30.23,Manganese-bearing
2021-09,MOIL-Mine-18,111253.36,65699.05,12,75.06,19.58,93.98,28.68,0.388,21,4.91,31.89,4.41,30.85,Manganese-bearing
2021-10,MOIL-Mine-18,117471.13,88458.09,11,80.9,13.04,10.97,31.59,0.237,21,2.82,29.56,5.14,31.49,Manganese-bearing
2021-11,MOIL-Mine-18,109393.12,90649.49,12,84.67,9.71,19.91,22.9,0.166,27,2.14,32.01,5.46,25.87,Manganese-bearing
2021-12,MOIL-Mine-18,115840.66,90768.44,12,85.5,16.78,7.5,20.08,0.279,28,2.84,33.47,5.05,31.53,Metamorphic
2022-01,MOIL-Mine-18,120198.38,87839.74,13,87.85,18.03,4.43,20.31,0.142,26,2.82,32.81,4.88,32.51,Laterite
2022-02,MOIL-Mine-18,118176.67,77650.57,11,84.11,32.02,23.75,25.73,0.218,28,3.58,29.46,5.35,30.96,Manganese-bearing
2022-03,MOIL-Mine-18,115300.08,73038.37,12,81.66,24.94,25.12,28.58,0.216,20,4.94,31.59,4.97,32.04,Banded formation
2022-04,MOIL-Mine-18,119586.02,67068.91,10,74.71,26.86,68.84,34.58,0.296,28,5.1,29.05,4.86,28.0,Manganese-bearing
2022-05,MOIL-Mine-18,116201.84,68201.23,12,73.88,21.96,51.09,34.11,0.258,19,5.74,29.42,4.58,30.5,Manganese-bearing
2022-06,MOIL-Mine-18,120336.2,80598.66,10,79.41,18.41,30.37,33.19,0.226,23,4.18,31.6,5.13,29.78,Manganese-bearing
2022-07,MOIL-Mine-18,117822.29,84269.14,10,82.34,19.01,40.17,33.84,0.263,24,2.97,32.5,5.25,29.37,Banded formation
2022-08,MOIL-Mine-18,116405.94,76289.84,11,79.38,22.47,46.22,29.68,0.248,21,4.77,32.23,4.82,29.87,Manganese-bearing
2022-09,MOIL-Mine-18,115519.94,71417.26,13,77.21,21.5,75.17,29.13,0.291,20,4.26,30.28,5.68,30.72,Metamorphic
2022-10,MOIL-Mine-18,118246.49,84418.38,10,80.56,14.86,11.69,24.99,0.22,30,2.39,34.51,4.48,30.69,Laterite
2022-11,MOIL-Mine-18,114318.92,90389.47,14,86.41,25.04,5.12,23.89,0.111,26,1.53,30.36,5.53,27.47,Metamorphic
2022-12,MOIL-Mine-18,118889.77,97992.72,10,80.09,15.73,5.36,20.32,0.188,31,1.84,30.89,4.86,24.44,Manganese-bearing
2023-01,MOIL-Mine-18,125084.55,73473.75,11,82.9,31.1,25.52,24.47,0.163,29,4.61,33.52,4.73,33.6,Laterite
2023-02,MOIL-Mine-18,117369.28,87512.4,13,87.59,21.83,10.55,23.59,0.215,23,3.62,30.35,4.85,33.07,Manganese-bearing
2023-03,MOIL-Mine-18,118122.09,73759.59,13,82.51,16.47,33.32,30.9,0.192,19,4.19,29.54,4.68,30.98,Laterite
2023-04,MOIL-Mine-18,124029.1,91666.13,11,85.4,18.3,15.66,29.4,0.214,28,3.98,31.62,5.24,27.78,Manganese-bearing
2023-05,MOIL-Mine-18,116698.64,78026.29,10,82.12,21.73,29.86,31.76,0.246,21,3.76,32.33,4.55,31.5,Metamorphic
2023-06,MOIL-Mine-18,123850.35,80271.51,12,79.97,20.08,28.81,35.01,0.258,28,4.15,29.36,4.97,32.98,Manganese-bearing
2023-07,MOIL-Mine-18,116555.1,68323.94,10,78.19,26.54,57.27,25.83,0.302,22,4.6,27.84,4.87,28.93,Manganese-bearing
2023-08,MOIL-Mine-18,120306.17,71539.01,13,76.05,26.87,46.27,27.82,0.27,28,5.05,28.97,4.65,30.58,Manganese-bearing
2023-09,MOIL-Mine-18,122893.94,73376.59,11,76.84,22.92,80.07,27.38,0.353,27,4.88,31.35,5.66,27.2,Metamorphic
2023-10,MOIL-Mine-18,118249.52,84499.41,11,86.89,20.78,12.04,29.96,0.16,26,3.23,28.93,6.09,34.73,Manganese-bearing
2023-11,MOIL-Mine-18,120258.87,73927.36,11,80.16,17.6,42.8,20.05,0.259,24,2.79,29.62,5.08,29.99,Laterite
2023-12,MOIL-Mine-18,118911.67,85923.65,11,79.31,15.03,41.97,25.25,0.274,29,3.7,30.9,4.88,24.93,Manganese-bearing
2024-01,MOIL-Mine-18,121849.7,85865.36,11,80.77,23.8,9.63,22.14,0.221,24,3.68,29.39,4.67,30.64,Manganese-bearing
2024-02,MOIL-Mine-18,122818.48,84914.15,10,85.43,17.7,30.55,23.68,0.232,24,4.04,30.13,4.64,25.45,Manganese-bearing
2024-03,MOIL-Mine-18,121738.53,93889.31,12,83.02,17.74,5.68,25.48,0.187,26,2.87,30.51,5.2,30.12,Manganese-bearing
2024-04,MOIL-Mine-18,120670.47,77877.3,12,82.56,14.66,13.11,31.88,0.194,28,2.73,30.16,4.46,31.43,Laterite
2024-05,MOIL-Mine-18,119321.83,95526.23,12,86.94,5.0,24.42,31.05,0.186,19,1.4,28.09,4.78,34.29,Manganese-bearing
2024-06,MOIL-Mine-18,121662.29,84459.37,11,86.35,27.45,31.7,32.3,0.205,25,2.3,30.48,4.77,28.57,Manganese-bearing
2024-07,MOIL-Mine-18,123433.16,72343.93,13,77.73,36.32,90.87,25.15,0.37,29,5.43,33.16,4.83,26.81,Manganese-bearing
2024-08,MOIL-Mine-18,121159.31,66637.62,10,73.45,26.8,103.22,32.49,0.424,26,6.76,31.91,5.05,27.0,Metamorphic
2024-09,MOIL-Mine-18,120689.09,88750.28,13,87.26,23.31,8.8,29.18,0.188,28,4.29,30.89,5.12,27.66,Manganese-bearing
2024-10,MOIL-Mine-18,121342.04,83222.53,12,78.59,12.46,37.22,29.04,0.255,17,3.59,31.35,5.37,23.62,Laterite
2024-11,MOIL-Mine-18,123214.77,76775.59,11,81.57,17.31,41.52,24.43,0.254,29,4.89,28.59,4.48,30.93,Manganese-bearing
2024-12,MOIL-Mine-18,123130.73,90509.18,13,88.69,5.33,9.81,23.29,0.194,21,4.7,29.2,4.46,32.91,Manganese-bearing
2025-01,MOIL-Mine-18,122579.2,76745.25,12,81.27,19.54,59.36,23.24,0.314,21,5.52,29.52,5.12,28.79,Manganese-bearing
2025-02,MOIL-Mine-18,124525.54,89725.05,14,85.33,15.91,17.28,24.47,0.212,32,3.73,30.04,5.02,31.49,Metamorphic
2025-03,MOIL-Mine-18,122068.04,87530.35,12,81.81,17.49,9.49,30.69,0.22,29,4.17,28.91,4.82,26.93,Manganese-bearing
2025-04,MOIL-Mine-18,125616.58,90491.88,10,83.35,22.93,6.83,32.42,0.17,20,2.43,29.75,4.64,28.64,Manganese-bearing
2025-05,MOIL-Mine-18,128479.58,90957.8,12,82.85,18.15,37.17,35.31,0.242,24,2.69,30.05,4.99,28.0,Banded formation
2025-06,MOIL-Mine-18,124411.25,68426.19,12,72.17,30.59,149.87,32.95,0.463,32,8.52,33.08,4.74,29.56,Manganese-bearing
2025-07,MOIL-Mine-18,123934.84,68164.16,11,75.04,25.9,81.42,26.04,0.365,21,6.4,32.47,4.48,29.43,Metamorphic
2025-08,MOIL-Mine-18,120303.33,67866.74,12,73.41,31.4,72.18,27.94,0.33,23,5.36,29.46,4.74,30.73,Manganese-bearing
2025-09,MOIL-Mine-18,128106.91,70458.8,11,71.81,23.88,91.34,29.77,0.414,35,5.28,32.19,5.03,31.13,Laterite
2025-10,MOIL-Mine-18,120926.61,76358.02,10,81.81,25.0,16.91,30.95,0.217,26,4.32,30.75,5.06,31.64,Laterite
2025-11,MOIL-Mine-18,127441.41,87686.72,10,73.53,23.39,26.2,24.14,0.268,26,3.84,31.13,5.55,28.07,Manganese-bearing
2025-12,MOIL-Mine-18,122678.75,106714.26,12,77.86,5.67,4.48,22.4,0.226,23,0.99,31.55,4.86,30.69,Manganese-bearing
2021-01,MOIL-Mine-19,91549.81,73231.74,11,83.9,13.29,33.74,24.31,0.249,25,4.46,32.5,3.76,25.36,Manganese-bearing
2021-02,MOIL-Mine-19,91372.19,71956.2,12,78.99,20.84,10.34,25.15,0.203,20,3.53,30.46,4.46,29.11,Manganese-bearing
2021-03,MOIL-Mine-19,93317.93,74272.99,13,89.2,17.78,24.35,25.72,0.28,25,4.21,29.13,4.1,29.43,Manganese-bearing
2021-04,MOIL-Mine-19,91155.56,70143.35,12,80.04,22.44,55.76,33.61,0.291,26,3.54,32.91,4.81,28.18,Manganese-bearing
2021-05,MOIL-Mine-19,91204.9,73376.01,10,82.17,21.61,18.48,34.57,0.309,28,2.47,31.16,4.13,24.09,Banded formation
2021-06,MOIL-Mine-19,93129.51,64703.31,13,78.28,18.1,65.91,33.87,0.285,29,4.93,30.99,4.21,25.55,Metamorphic
2021-07,MOIL-Mine-19,91615.34,63978.21,12,81.15,19.83,50.74,28.29,0.256,28,3.86,27.43,4.19,26.89,Metamorphic
2021-08,MOIL-Mine-19,90458.27,50312.92,11,79.35,24.9,133.4,28.17,0.413,26,8.87,31.84,3.81,24.12,Manganese-bearing
2021-09,MOIL-Mine-19,92339.05,52791.97,11,74.05,24.87,105.19,28.61,0.343,21,6.3,30.77,3.32,27.23,Metamorphic
2021-10,MOIL-Mine-19,93910.32,76897.25,11,85.61,10.56,36.35,30.92,0.238,24,3.94,30.33,4.47,22.18,Metamorphic
2021-11,MOIL-Mine-19,94076.48,64048.76,12,76.81,19.47,30.28,26.2,0.259,19,4.18,30.59,3.4,26.83,Laterite
2021-12,MOIL-Mine-19,92698.0,76963.82,12,80.12,18.35,17.82,23.83,0.238,24,3.04,32.37,3.89,24.32,Manganese-bearing
2022-01,MOIL-Mine-19,95254.07,75306.83,13,83.55,19.22,25.47,21.75,0.216,20,3.65,30.18,3.93,22.57,Banded formation
2022-02,MOIL-Mine-19,92176.64,73712.95,11,81.05,15.9,16.01,22.99,0.189,27,4.28,31.13,4.03,24.89,Manganese-bearing
2022-03,MOIL-Mine-19,93327.07,72773.01,13,87.15,16.81,14.52,28.19,0.219,21,3.34,30.35,3.5,29.97,Banded formation
2022-04,MOIL-Mine-19,93327.0,72248.53,12,86.07,19.49,8.83,29.46,0.219,24,2.58,31.2,3.83,23.56,Laterite
2022-05,MOIL-Mine-19,95322.18,69741.94,11,71.96,19.65,18.79,34.42,0.272,20,4.09,30.0,3.15,24.16,Manganese-bearing
2022-06,MOIL-Mine-19,98216.19,54018.9,12,74.75,33.2,127.56,31.15,0.472,29,7.45,30.69,4.18,26.16,Laterite
2022-07,MOIL-Mine-19,94848.01,65206.41,12,80.37,21.42,44.62,30.01,0.28,26,3.89,31.32,3.83,27.76,Laterite
2022-08,MOIL-Mine-19,94059.31,56017.57,12,74.78,18.38,149.33,27.78,0.466,25,8.31,34.15,4.36,25.92,Manganese-bearing
2022-09,MOIL-Mine-19,94652.11,52384.73,12,66.32,16.52,117.67,29.26,0.394,25,7.66,28.88,4.2,28.56,Metamorphic
2022-10,MOIL-Mine-19,92273.03,70959.9,11,78.02,18.06,14.26,23.54,0.153,25,3.84,31.15,4.57,31.51,Manganese-bearing
2022-11,MOIL-Mine-19,92045.59,74536.71,12,84.06,21.43,27.08,22.28,0.294,29,2.51,30.5,3.74,26.17,Manganese-bearing
2022-12,MOIL-Mine-19,94541.03,71567.26,11,75.27,12.74,12.5,19.02,0.154,27,1.84,30.02,3.64,29.53,Laterite
2023-01,MOIL-Mine-19,99470.17,86111.37,13,83.53,13.52,14.15,22.34,0.251,29,2.81,32.58,4.04,30.72,Manganese-bearing
2023-02,MOIL-Mine-19,93750.92,68524.1,11,74.05,19.18,24.02,26.11,0.134,25,3.19,30.06,4.79,24.79,Laterite
2023-03,MOIL-Mine-19,95915.62,73183.2,11,77.72,20.56,25.64,25.47,0.231,29,3.81,31.3,3.32,22.1,Manganese-bearing
2023-04,MOIL-Mine-19,93845.83,67795.54,11,76.26,19.58,41.88,33.26,0.205,29,3.74,31.29,3.4,27.61,Banded formation
2023-05,MOIL-Mine-19,94602.15,78138.77,13,77.53,14.84,11.64,38.26,0.264,25,2.97,31.6,4.77,29.23,Banded formation
2023-06,MOIL-Mine-19,93373.07,67337.58,12,83.08,11.91,38.7,32.52,0.273,23,3.54,27.82,4.54,24.37,Laterite
2023-07,MOIL-Mine-19,96378.34,53008.09,12,70.19,32.49,90.27,27.49,0.314,28,6.79,26.85,3.67,29.53,Metamorphic
2023-08,MOIL-Mine-19,96275.53,52951.54,11,64.74,32.43,179.32,30.48,0.533,28,7.66,32.23,3.33,26.15,Manganese-bearing
2023-09,MOIL-Mine-19,93301.17,58111.72,11,74.25,26.94,71.32,30.42,0.276,29,3.89,32.31,4.47,30.1,Laterite
2023-10,MOIL-Mine-19,93074.39,56156.31,12,76.67,20.65,86.27,30.08,0.355,29,5.59,30.55,4.06,24.72,Laterite
2023-11,MOIL-Mine-19,96972.48,70497.65,12,73.52,18.74,34.68,22.76,0.284,27,4.29,30.22,3.82,28.59,Manganese-bearing
2023-12,MOIL-Mine-19,98503.77,77436.45,12,80.34,19.86,23.26,18.33,0.156,21,3.31,29.97,4.35,26.85,Manganese-bearing
2024-01,MOIL-Mine-19,97684.37,80584.37,11,80.02,20.04,23.32,25.9,0.208,30,3.49,32.64,3.83,24.32,Manganese-bearing
2024-02,MOIL-Mine-19,100639.63,90747.21,9,79.53,22.14,14.34,27.1,0.127,26,2.05,35.94,4.52,24.23,Manganese-bearing
2024-03,MOIL-Mine-19,96371.63,76546.08,12,87.58,19.73,14.21,30.21,0.226,26,3.79,31.2,3.43,25.02,Banded formation
2024-04,MOIL-Mine-19,94620.09,80679.33,10,77.65,8.82,24.65,32.7,0.173,25,3.05,30.91,4.1,26.48,Manganese-bearing
2024-05,MOIL-Mine-19,96641.73,67976.74,11,80.79,22.09,21.52,36.7,0.193,31,3.46,31.66,4.0,22.5,Laterite
2024-06,MOIL-Mine-19,99344.93,54639.71,12,78.46,25.97,156.01,30.0,0.45,24,9.49,32.56,4.83,25.58,Metamorphic
2024-07,MOIL-Mine-19,96209.28,55665.16,12,65.59,24.18,135.4,27.91,0.491,28,6.15,31.58,3.79,23.95,Manganese-bearing
2024-08,MOIL-Mine-19,97749.9,53762.45,14,64.26,31.48,204.88,27.57,0.533,38,9.59,30.3,3.81,32.64,Manganese-bearing
2024-09,MOIL-Mine-19,96460.41,59965.04,12,76.73,26.69,79.71,26.9,0.354,25,6.65,32.13,3.5,28.2,Manganese-bearing
2024-10,MOIL-Mine-19,98580.92,65221.91,12,73.29,26.54,60.96,26.88,0.267,28,4.9,31.41,3.98,26.41,Manganese-bearing
2024-11,MOIL-Mine-19,96855.48,72585.18,12,80.6,20.11,51.53,24.73,0.305,27,3.29,29.79,4.0,26.53,Banded formation
2024-12,MOIL-Mine-19,99680.05,79312.79,12,86.71,21.22,25.63,19.36,0.226,24,4.0,32.4,3.94,30.32,Manganese-bearing
2025-01,MOIL-Mine-19,96907.26,82348.42,11,84.5,16.94,14.96,23.32,0.172,19,2.52,30.43,4.11,23.52,Manganese-bearing
2025-02,MOIL-Mine-19,99069.82,76614.42,12,85.38,26.0,21.18,26.51,0.195,32,3.52,31.51,3.65,25.4,Banded formation
2025-03,MOIL-Mine-19,98140.53,77299.48,12,80.43,26.5,3.26,29.6,0.212,18,4.53,31.99,4.25,24.95,Manganese-bearing
2025-04,MOIL-Mine-19,101433.69,80599.11,12,85.82,19.48,21.31,33.76,0.293,24,3.21,33.1,4.47,24.91,Laterite
2025-05,MOIL-Mine-19,101694.0,85647.59,11,88.95,17.88,14.7,33.43,0.185,30,3.08,30.75,3.58,26.72,Manganese-bearing
2025-06,MOIL-Mine-19,99682.68,65722.92,12,77.22,23.6,79.2,31.67,0.356,33,6.1,32.11,3.53,26.35,Manganese-bearing
2025-07,MOIL-Mine-19,97086.02,53397.31,12,76.31,35.16,129.89,26.2,0.461,26,7.65,31.49,4.27,28.79,Laterite
2025-08,MOIL-Mine-19,97190.57,59596.05,12,73.98,28.16,84.4,27.66,0.338,26,4.89,28.7,4.16,25.07,Manganese-bearing
2025-09,MOIL-Mine-19,98299.51,59875.21,11,79.76,33.34,78.04,28.36,0.414,30,5.49,29.16,3.99,23.28,Banded formation
2025-10,MOIL-Mine-19,96890.82,84473.27,14,85.85,7.97,6.21,28.95,0.168,20,2.33,30.05,3.77,26.05,Banded formation
2025-11,MOIL-Mine-19,98724.32,71700.87,13,77.05,18.61,25.75,32.73,0.287,28,4.27,28.99,3.4,23.34,Banded formation
2025-12,MOIL-Mine-19,97025.11,76355.74,12,81.99,19.33,17.96,20.92,0.207,21,2.52,29.89,3.6,26.17,Metamorphic
2021-01,MOIL-Mine-20,122858.67,87926.86,14,86.0,24.81,18.75,15.0,0.235,23,3.92,33.76,5.05,27.79,Laterite
2021-02,MOIL-Mine-20,122248.05,85274.17,12,79.23,25.74,17.76,23.17,0.281,27,4.44,30.79,5.07,29.91,Manganese-bearing
2021-03,MOIL-Mine-20,117329.25,94186.01,12,91.65,5.0,21.67,27.4,0.172,33,3.93,32.18,4.93,27.57,Metamorphic
2021-04,MOIL-Mine-20,118442.03,96648.22,12,87.11,19.7,5.01,31.5,0.183,19,1.46,30.92,4.45,29.17,Metamorphic
2021-05,MOIL-Mine-20,119535.76,83181.46,11,73.89,16.74,19.02,32.04,0.231,26,3.43,32.66,4.83,30.09,Laterite
2021-06,MOIL-Mine-20,118238.3,77727.44,11,78.12,16.12,107.24,32.45,0.465,32,6.29,33.52,4.72,26.91,Manganese-bearing
2021-07,MOIL-Mine-20,125607.64,99203.12,13,78.41,13.22,33.85,23.21,0.267,30,2.82,31.5,4.6,34.57,Manganese-bearing
2021-08,MOIL-Mine-20,121775.81,91943.97,11,81.08,16.0,25.19,28.74,0.224,26,3.63,31.95,5.49,27.63,Metamorphic
2021-09,MOIL-Mine-20,116147.8,80813.34,11,74.66,9.69,103.51,28.76,0.33,32,3.65,30.3,5.1,28.51,Manganese-bearing
2021-10,MOIL-Mine-20,116254.47,88253.57,13,82.71,19.51,12.41,24.03,0.182,25,3.89,33.19,4.09,30.43,Banded formation
2021-11,MOIL-Mine-20,119634.86,87522.51,12,77.18,23.77,17.58,29.84,0.255,28,3.77,31.77,4.76,29.05,Metamorphic
2021-12,MOIL-Mine-20,113219.12,86809.06,11,73.13,20.52,19.98,21.81,0.184,24,1.82,30.01,5.46,24.4,Metamorphic
2022-01,MOIL-Mine-20,118354.15,102826.3,13,86.81,17.12,3.12,24.27,0.182,25,2.45,31.53,5.0,29.48,Manganese-bearing
2022-02,MOIL-Mine-20,122821.5,83793.46,12,77.94,21.1,1.19,24.82,0.219,23,2.49,29.11,4.61,29.4,Laterite
2022-03,MOIL-Mine-20,113712.5,87363.42,11,80.7,23.68,15.54,25.96,0.214,24,3.55,31.12,4.68,28.28,Manganese-bearing
2022-04,MOIL-Mine-20,121898.9,100865.35,14,85.05,9.78,34.62,31.43,0.248,29,3.19,31.17,4.58,29.91,Manganese-bearing
2022-05,MOIL-Mine-20,124378.47,94946.86,14,79.59,15.65,43.59,32.39,0.27,33,3.81,30.2,4.8,28.4,Manganese-bearing
2022-06,MOIL-Mine-20,121767.46,66972.1,12,72.19,28.89,124.13,29.34,0.393,15,7.14,31.56,4.88,27.61,Metamorphic
2022-07,MOIL-Mine-20,119271.06,81634.44,13,76.57,30.59,45.59,31.68,0.224,22,3.78,30.38,5.15,29.12,Manganese-bearing
2022-08,MOIL-Mine-20,122227.62,67225.19,11,72.49,29.14,123.41,25.75,0.431,25,6.54,30.63,4.45,29.36,Laterite
2022-09,MOIL-Mine-20,115778.01,63677.91,12,58.95,31.35,283.95,31.8,0.697,26,12.22,30.51,5.36,27.4,Metamorphic
2022-10,MOIL-Mine-20,120146.8,103346.41,11,76.92,10.13,7.1,27.41,0.233,21,2.51,33.0,4.98,34.6,Manganese-bearing
2022-11,MOIL-Mine-20,119568.28,101702.15,12,85.87,12.49,10.73,28.47,0.165,33,2.79,32.48,3.94,25.05,Manganese-bearing
2022-12,MOIL-Mine-20,121765.19,103026.1,12,84.42,16.28,9.68,24.65,0.23,30,1.34,30.62,3.95,25.31,Metamorphic
2023-01,MOIL-Mine-20,123828.7,91919.84,10,80.16,26.42,1.08,17.17,0.138,23,2.01,31.35,4.46,32.0,Metamorphic
2023-02,MOIL-Mine-20,122233.69,99054.29,10,78.03,13.43,12.3,22.16,0.15,23,2.61,32.38,4.77,32.37,Manganese-bearing
2023-03,MOIL-Mine-20,123167.16,99816.96,13,84.08,19.2,7.39,32.37,0.169,25,3.3,32.54,5.29,27.3,Banded formation
2023-04,MOIL-Mine-20,117782.38,80433.37,10,77.64,21.37,4.88,25.68,0.177,26,3.66,30.05,4.28,31.35,Metamorphic
2023-05,MOIL-Mine-20,122790.75,86753.22,10,80.98,14.33,58.43,33.48,0.341,33,4.69,30.78,4.2,25.3,Manganese-bearing
2023-06,MOIL-Mine-20,122771.43,67524.29,13,76.3,34.49,176.25,33.14,0.524,21,8.38,34.04,5.06,29.28,Manganese-bearing
2023-07,MOIL-Mine-20,122918.29,70863.87,13,76.81,34.35,86.69,27.13,0.281,28,6.17,29.51,4.52,25.85,Manganese-bearing
2023-08,MOIL-Mine-20,125874.97,87459.81,10,85.8,30.33,42.52,29.52,0.314,27,3.15,29.97,4.73,27.42,Manganese-bearing
2023-09,MOIL-Mine-20,123901.44,76305.55,12,74.15,20.66,123.35,29.4,0.474,31,5.99,35.08,4.59,29.87,Manganese-bearing
2023-10,MOIL-Mine-20,119651.21,100298.2,11,91.79,16.47,12.33,28.81,0.221,26,3.12,32.4,4.7,30.48,Manganese-bearing
2023-11,MOIL-Mine-20,119102.6,88960.51,12,73.94,19.01,28.27,23.29,0.241,30,1.72,29.97,4.21,24.25,Banded formation
2023-12,MOIL-Mine-20,124027.7,89890.82,10,78.86,17.32,23.04,21.58,0.235,23,3.54,29.97,4.83,26.39,Banded formation
2024-01,MOIL-Mine-20,126727.34,91152.89,13,84.04,25.87,22.69,20.7,0.32,21,4.09,34.73,5.41,28.98,Laterite
2024-02,MOIL-Mine-20,123212.95,96735.88,12,83.92,11.74,22.9,23.67,0.264,22,2.69,30.36,4.6,29.87,Banded formation
2024-03,MOIL-Mine-20,123382.6,100976.75,12,85.87,17.39,30.24,31.42,0.265,22,4.17,34.08,4.55,29.62,Manganese-bearing
2024-04,MOIL-Mine-20,123768.85,106314.17,12,82.3,10.14,29.82,32.08,0.281,22,2.12,32.61,5.13,27.08,Banded formation
2024-05,MOIL-Mine-20,122420.28,92896.03,13,86.95,18.47,16.52,35.4,0.24,18,3.62,30.07,5.23,29.17,Metamorphic
2024-06,MOIL-Mine-20,120185.31,69861.92,12,72.08,28.72,82.3,30.93,0.316,24,5.55,30.08,4.52,26.64,Banded formation
2024-07,MOIL-Mine-20,126181.88,69400.03,10,77.75,33.75,155.73,27.32,0.446,19,8.31,30.76,4.34,29.13,Metamorphic
2024-08,MOIL-Mine-20,124452.8,72140.99,13,78.93,27.39,72.72,25.36,0.333,27,6.64,30.59,5.23,32.73,Banded formation
2024-09,MOIL-Mine-20,125378.63,99656.44,12,80.83,12.12,57.01,32.04,0.302,27,4.26,35.59,4.48,29.8,Manganese-bearing
2024-10,MOIL-Mine-20,121732.5,82341.95,12,84.77,34.77,39.1,25.5,0.198,24,4.72,31.37,4.97,27.99,Manganese-bearing
2024-11,MOIL-Mine-20,119326.09,97293.53,11,83.81,9.65,23.27,22.16,0.252,23,2.43,29.51,4.16,26.64,Manganese-bearing
2024-12,MOIL-Mine-20,126564.34,98165.24,12,79.17,16.41,15.19,24.8,0.229,30,3.59,32.57,5.02,29.34,Banded formation
2025-01,MOIL-Mine-20,126333.11,92291.18,12,81.45,17.81,35.16,20.74,0.272,35,4.69,30.45,5.11,28.22,Manganese-bearing
2025-02,MOIL-Mine-20,128188.39,84172.46,12,77.19,23.22,27.78,24.13,0.226,23,5.01,28.91,4.97,30.61,Manganese-bearing
2025-03,MOIL-Mine-20,121537.94,92548.26,10,83.38,15.3,12.09,25.67,0.258,25,4.7,32.19,5.43,27.65,Metamorphic
2025-04,MOIL-Mine-20,126108.67,95285.86,12,82.3,27.34,6.31,34.15,0.117,37,3.53,33.48,4.94,31.01,Metamorphic
2025-05,MOIL-Mine-20,127784.3,97039.45,12,75.64,11.85,39.67,33.04,0.281,30,4.21,32.13,5.43,26.43,Manganese-bearing
2025-06,MOIL-Mine-20,127202.68,111214.94,11,83.06,8.75,16.47,32.15,0.17,16,2.83,33.17,4.26,26.09,Manganese-bearing
2025-07,MOIL-Mine-20,125216.63,70482.63,10,74.17,34.7,95.78,30.93,0.383,22,6.87,32.11,4.77,26.79,Manganese-bearing
2025-08,MOIL-Mine-20,127061.98,78165.9,11,81.25,32.03,85.13,30.14,0.378,30,5.74,33.54,4.69,22.24,Metamorphic
2025-09,MOIL-Mine-20,129367.17,99375.45,11,83.25,16.47,39.44,28.39,0.22,25,4.21,31.68,4.87,30.39,Manganese-bearing
2025-10,MOIL-Mine-20,126273.1,82562.4,13,80.55,31.42,23.83,29.64,0.297,22,4.88,32.21,4.49,29.18,Metamorphic
2025-11,MOIL-Mine-20,122826.48,94099.32,12,85.42,20.05,5.0,23.36,0.222,27,3.82,31.24,4.27,28.44,Manganese-bearing
2025-12,MOIL-Mine-20,121888.86,84579.21,11,80.73,13.82,10.36,23.54,0.208,25,3.16,29.05,4.49,31.89,Laterite
